file_name,input_path,method,method_label,status,original_size_bytes,compressed_size_bytes,compression_ratio,compression_rate,elapsed_seconds,note,method_dir,output_files
01625b_GA1-TUM_first_pool_1_01_01-DDA-1h-R2.true_uncompressed.mzML,<MSCODEC_ROOT>\benchmark\data_full8\01625b_GA1-TUM_first_pool_1_01_01-DDA-1h-R2.true_uncompressed.mzML,msconvert_zlib,msconvert zlib,ok,1657731003,1170477738,1.4162858029513417,0.7060721768982926,116.76561639999272,,<MSCODEC_ROOT>\benchmark\compression_benchmark_runs\full8_except_jc_all_methods_w4_20260520\01625b_GA1-TUM_first_pool_1_01_01-DDA-1h-R2.true_uncompressed_4f5850e8\msconvert_zlib,<MSCODEC_ROOT>\benchmark\compression_benchmark_runs\full8_except_jc_all_methods_w4_20260520\01625b_GA1-TUM_first_pool_1_01_01-DDA-1h-R2.true_uncompressed_4f5850e8\msconvert_zlib\01625b_GA1-TUM_first_pool_1_01_01-DDA-1h-R2.mzML; <MSCODEC_ROOT>\benchmark\compression_benchmark_runs\full8_except_jc_all_methods_w4_20260520\01625b_GA1-TUM_first_pool_1_01_01-DDA-1h-R2.true_uncompressed_4f5850e8\msconvert_zlib\msconvert.stderr.log; <MSCODEC_ROOT>\benchmark\compression_benchmark_runs\full8_except_jc_all_methods_w4_20260520\01625b_GA1-TUM_first_pool_1_01_01-DDA-1h-R2.true_uncompressed_4f5850e8\msconvert_zlib\msconvert.stdout.log
01625b_GA1-TUM_first_pool_1_01_01-DDA-1h-R2.true_uncompressed.mzML,<MSCODEC_ROOT>\benchmark\data_full8\01625b_GA1-TUM_first_pool_1_01_01-DDA-1h-R2.true_uncompressed.mzML,msconvert_gzip,msconvert gzip,ok,1657731003,778249824,2.1300756542156316,0.4694668933570038,178.49593069998082,,<MSCODEC_ROOT>\benchmark\compression_benchmark_runs\full8_except_jc_all_methods_w4_20260520\01625b_GA1-TUM_first_pool_1_01_01-DDA-1h-R2.true_uncompressed_4f5850e8\msconvert_gzip,<MSCODEC_ROOT>\benchmark\compression_benchmark_runs\full8_except_jc_all_methods_w4_20260520\01625b_GA1-TUM_first_pool_1_01_01-DDA-1h-R2.true_uncompressed_4f5850e8\msconvert_gzip\01625b_GA1-TUM_first_pool_1_01_01-DDA-1h-R2.mzML.gz; <MSCODEC_ROOT>\benchmark\compression_benchmark_runs\full8_except_jc_all_methods_w4_20260520\01625b_GA1-TUM_first_pool_1_01_01-DDA-1h-R2.true_uncompressed_4f5850e8\msconvert_gzip\msconvert.stderr.log; <MSCODEC_ROOT>\benchmark\compression_benchmark_runs\full8_except_jc_all_methods_w4_20260520\01625b_GA1-TUM_first_pool_1_01_01-DDA-1h-R2.true_uncompressed_4f5850e8\msconvert_gzip\msconvert.stdout.log
01625b_GA1-TUM_first_pool_1_01_01-DDA-1h-R2.true_uncompressed.mzML,<MSCODEC_ROOT>\benchmark\data_full8\01625b_GA1-TUM_first_pool_1_01_01-DDA-1h-R2.true_uncompressed.mzML,msconvert_numpress,msconvert numpressAll+zlib,ok,1657731003,602149674,2.753021507074668,0.3632372640134547,56.68824309995398,,<MSCODEC_ROOT>\benchmark\compression_benchmark_runs\full8_except_jc_all_methods_w4_20260520\01625b_GA1-TUM_first_pool_1_01_01-DDA-1h-R2.true_uncompressed_4f5850e8\msconvert_numpress,<MSCODEC_ROOT>\benchmark\compression_benchmark_runs\full8_except_jc_all_methods_w4_20260520\01625b_GA1-TUM_first_pool_1_01_01-DDA-1h-R2.true_uncompressed_4f5850e8\msconvert_numpress\01625b_GA1-TUM_first_pool_1_01_01-DDA-1h-R2.mzML; <MSCODEC_ROOT>\benchmark\compression_benchmark_runs\full8_except_jc_all_methods_w4_20260520\01625b_GA1-TUM_first_pool_1_01_01-DDA-1h-R2.true_uncompressed_4f5850e8\msconvert_numpress\msconvert.stderr.log; <MSCODEC_ROOT>\benchmark\compression_benchmark_runs\full8_except_jc_all_methods_w4_20260520\01625b_GA1-TUM_first_pool_1_01_01-DDA-1h-R2.true_uncompressed_4f5850e8\msconvert_numpress\msconvert.stdout.log
01625b_GA1-TUM_first_pool_1_01_01-DDA-1h-R2.true_uncompressed.mzML,<MSCODEC_ROOT>\benchmark\data_full8\01625b_GA1-TUM_first_pool_1_01_01-DDA-1h-R2.true_uncompressed.mzML,mspack,mspack,ok,1657731003,357328464,4.639235801265471,0.2155527424855672,492.7931290999986,"Elapsed time includes msconvert normalization to uncompressed, non-indexed mzML with 64-bit m/z, 32-bit intensity, and 64-bit rt; mspack cannot read zlib-compressed binary arrays.",<MSCODEC_ROOT>\mspack_fix64_20files_20260523\01625b_GA1-TUM_first_pool_1_01_01-DDA-1h-R2.true_uncompressed_4f5850e8\mspack,<MSCODEC_ROOT>\mspack_fix64_20files_20260523\01625b_GA1-TUM_first_pool_1_01_01-DDA-1h-R2.true_uncompressed_4f5850e8\mspack\01625b_GA1-TUM_first_pool_1_01_01-DDA-1h-R2.true_uncompressed.mgz
01625b_GA1-TUM_first_pool_1_01_01-DDA-1h-R2.true_uncompressed.mzML,<MSCODEC_ROOT>\benchmark\data_full8\01625b_GA1-TUM_first_pool_1_01_01-DDA-1h-R2.true_uncompressed.mzML,masscomp,MassComp,ok,1657731003,633207550,2.6179899513200686,0.38197243633260325,2137.6809058999643,"Elapsed time includes mzML to mzXML conversion with 64-bit m/z, 32-bit intensity, and 64-bit rt. masscomp.cmd uses the 64-bit-safe MassComp build when available, so >2GB mzXML files do not trigger the original tinyxml2 file-length overflow.",<MSCODEC_ROOT>\masscomp_mz64int32_w10_20260522_run3\01625b_GA1-TUM_first_pool_1_01_01-DDA-1h-R2.true_uncompressed_4f5850e8\masscomp,<MSCODEC_ROOT>\masscomp_mz64int32_w10_20260522_run3\01625b_GA1-TUM_first_pool_1_01_01-DDA-1h-R2.true_uncompressed_4f5850e8\masscomp\01625b_GA1-TUM_first_pool_1_01_01-DDA-1h-R2.true_uncompressed.masscomp
01625b_GA1-TUM_first_pool_1_01_01-DDA-1h-R2.true_uncompressed.mzML,<MSCODEC_ROOT>\benchmark\data_full8\01625b_GA1-TUM_first_pool_1_01_01-DDA-1h-R2.true_uncompressed.mzML,airdpro,airdpro-compress,ok,1657731003,261856684,6.330680499261192,0.15796090169401267,59.06701520003844,,<MSCODEC_ROOT>\benchmark\compression_benchmark_runs\full8_except_jc_all_methods_w4_20260520\01625b_GA1-TUM_first_pool_1_01_01-DDA-1h-R2.true_uncompressed_4f5850e8\airdpro,<MSCODEC_ROOT>\benchmark\compression_benchmark_runs\full8_except_jc_all_methods_w4_20260520\01625b_GA1-TUM_first_pool_1_01_01-DDA-1h-R2.true_uncompressed_4f5850e8\airdpro\01625b_GA1-TUM_first_pool_1_01_01-DDA-1h-R2.true_uncompressed.aird; <MSCODEC_ROOT>\benchmark\compression_benchmark_runs\full8_except_jc_all_methods_w4_20260520\01625b_GA1-TUM_first_pool_1_01_01-DDA-1h-R2.true_uncompressed_4f5850e8\airdpro\01625b_GA1-TUM_first_pool_1_01_01-DDA-1h-R2.true_uncompressed.json
01625b_GA1-TUM_first_pool_1_01_01-DDA-1h-R2.true_uncompressed.mzML,<MSCODEC_ROOT>\benchmark\data_full8\01625b_GA1-TUM_first_pool_1_01_01-DDA-1h-R2.true_uncompressed.mzML,zdpd,ZDPD wrapper,ok,1657731003,264159532,6.275491898584981,0.15935005831582436,60.322381200036034,zdpd.cmd calls airdpro-compress.cmd; config used: ZDPD.,<MSCODEC_ROOT>\benchmark\compression_benchmark_runs\full8_except_jc_all_methods_w4_20260520\01625b_GA1-TUM_first_pool_1_01_01-DDA-1h-R2.true_uncompressed_4f5850e8\zdpd,<MSCODEC_ROOT>\benchmark\compression_benchmark_runs\full8_except_jc_all_methods_w4_20260520\01625b_GA1-TUM_first_pool_1_01_01-DDA-1h-R2.true_uncompressed_4f5850e8\zdpd\01625b_GA1-TUM_first_pool_1_01_01-DDA-1h-R2.true_uncompressed_with_zero_ZDPD.aird; <MSCODEC_ROOT>\benchmark\compression_benchmark_runs\full8_except_jc_all_methods_w4_20260520\01625b_GA1-TUM_first_pool_1_01_01-DDA-1h-R2.true_uncompressed_4f5850e8\zdpd\01625b_GA1-TUM_first_pool_1_01_01-DDA-1h-R2.true_uncompressed_with_zero_ZDPD.json
01625b_GA1-TUM_first_pool_1_01_01-DDA-1h-R2.true_uncompressed.mzML,<MSCODEC_ROOT>\benchmark\data_full8\01625b_GA1-TUM_first_pool_1_01_01-DDA-1h-R2.true_uncompressed.mzML,stackzdpd,StackZDPD wrapper,ok,1657731003,285325613,5.8099621186128845,0.17211816180287726,73.43765219999477,stackzdpd.cmd calls airdpro-compress.cmd; config used: StackZDPD.,<MSCODEC_ROOT>\benchmark\compression_benchmark_runs\full8_except_jc_all_methods_w4_20260520\01625b_GA1-TUM_first_pool_1_01_01-DDA-1h-R2.true_uncompressed_4f5850e8\stackzdpd,<MSCODEC_ROOT>\benchmark\compression_benchmark_runs\full8_except_jc_all_methods_w4_20260520\01625b_GA1-TUM_first_pool_1_01_01-DDA-1h-R2.true_uncompressed_4f5850e8\stackzdpd\01625b_GA1-TUM_first_pool_1_01_01-DDA-1h-R2.true_uncompressed_with_zero_StackZDPD.aird; <MSCODEC_ROOT>\benchmark\compression_benchmark_runs\full8_except_jc_all_methods_w4_20260520\01625b_GA1-TUM_first_pool_1_01_01-DDA-1h-R2.true_uncompressed_4f5850e8\stackzdpd\01625b_GA1-TUM_first_pool_1_01_01-DDA-1h-R2.true_uncompressed_with_zero_StackZDPD.json
01625b_GA1-TUM_first_pool_1_01_01-DDA-1h-R2.true_uncompressed.mzML,<MSCODEC_ROOT>\benchmark\data_full8\01625b_GA1-TUM_first_pool_1_01_01-DDA-1h-R2.true_uncompressed.mzML,trackcodec,TrackCodec,ok,1657731003,234831620,7.059232496032689,0.14165845940929175,6510.144636299985,Stats JSON: <MSCODEC_ROOT>\benchmark\compression_benchmark_runs\full8_except_jc_all_methods_w4_20260520\01625b_GA1-TUM_first_pool_1_01_01-DDA-1h-R2.true_uncompressed_4f5850e8\trackcodec\01625b_GA1-TUM_first_pool_1_01_01-DDA-1h-R2.true_uncompressed.stats.json,<MSCODEC_ROOT>\benchmark\compression_benchmark_runs\full8_except_jc_all_methods_w4_20260520\01625b_GA1-TUM_first_pool_1_01_01-DDA-1h-R2.true_uncompressed_4f5850e8\trackcodec,<MSCODEC_ROOT>\benchmark\compression_benchmark_runs\full8_except_jc_all_methods_w4_20260520\01625b_GA1-TUM_first_pool_1_01_01-DDA-1h-R2.true_uncompressed_4f5850e8\trackcodec\01625b_GA1-TUM_first_pool_1_01_01-DDA-1h-R2.true_uncompressed.tcarchive
01625b_GA1-TUM_first_pool_1_01_01-DDA-1h-R2.uncompressed.mzML,<MSCODEC_ROOT>\benchmark\data_full8\01625b_GA1-TUM_first_pool_1_01_01-DDA-1h-R2.uncompressed.mzML,msconvert_zlib,msconvert zlib,ok,1170476138,1170477708,0.9999986586673208,1.0000013413344784,112.3327341999975,,<MSCODEC_ROOT>\benchmark\compression_benchmark_runs\full8_except_jc_all_methods_w4_20260520\01625b_GA1-TUM_first_pool_1_01_01-DDA-1h-R2.uncompressed_aba87e03\msconvert_zlib,<MSCODEC_ROOT>\benchmark\compression_benchmark_runs\full8_except_jc_all_methods_w4_20260520\01625b_GA1-TUM_first_pool_1_01_01-DDA-1h-R2.uncompressed_aba87e03\msconvert_zlib\01625b_GA1-TUM_first_pool_1_01_01-DDA-1h-R2.mzML; <MSCODEC_ROOT>\benchmark\compression_benchmark_runs\full8_except_jc_all_methods_w4_20260520\01625b_GA1-TUM_first_pool_1_01_01-DDA-1h-R2.uncompressed_aba87e03\msconvert_zlib\msconvert.stderr.log; <MSCODEC_ROOT>\benchmark\compression_benchmark_runs\full8_except_jc_all_methods_w4_20260520\01625b_GA1-TUM_first_pool_1_01_01-DDA-1h-R2.uncompressed_aba87e03\msconvert_zlib\msconvert.stdout.log
01625b_GA1-TUM_first_pool_1_01_01-DDA-1h-R2.uncompressed.mzML,<MSCODEC_ROOT>\benchmark\data_full8\01625b_GA1-TUM_first_pool_1_01_01-DDA-1h-R2.uncompressed.mzML,msconvert_gzip,msconvert gzip,ok,1170476138,778249959,1.5039848373445273,0.6649003202489892,173.265787500015,,<MSCODEC_ROOT>\benchmark\compression_benchmark_runs\full8_except_jc_all_methods_w4_20260520\01625b_GA1-TUM_first_pool_1_01_01-DDA-1h-R2.uncompressed_aba87e03\msconvert_gzip,<MSCODEC_ROOT>\benchmark\compression_benchmark_runs\full8_except_jc_all_methods_w4_20260520\01625b_GA1-TUM_first_pool_1_01_01-DDA-1h-R2.uncompressed_aba87e03\msconvert_gzip\01625b_GA1-TUM_first_pool_1_01_01-DDA-1h-R2.mzML.gz; <MSCODEC_ROOT>\benchmark\compression_benchmark_runs\full8_except_jc_all_methods_w4_20260520\01625b_GA1-TUM_first_pool_1_01_01-DDA-1h-R2.uncompressed_aba87e03\msconvert_gzip\msconvert.stderr.log; <MSCODEC_ROOT>\benchmark\compression_benchmark_runs\full8_except_jc_all_methods_w4_20260520\01625b_GA1-TUM_first_pool_1_01_01-DDA-1h-R2.uncompressed_aba87e03\msconvert_gzip\msconvert.stdout.log
01625b_GA1-TUM_first_pool_1_01_01-DDA-1h-R2.uncompressed.mzML,<MSCODEC_ROOT>\benchmark\data_full8\01625b_GA1-TUM_first_pool_1_01_01-DDA-1h-R2.uncompressed.mzML,msconvert_numpress,msconvert numpressAll+zlib,ok,1170476138,602149644,1.9438293282458539,0.5144484577266966,62.17119089997141,,<MSCODEC_ROOT>\benchmark\compression_benchmark_runs\full8_except_jc_all_methods_w4_20260520\01625b_GA1-TUM_first_pool_1_01_01-DDA-1h-R2.uncompressed_aba87e03\msconvert_numpress,<MSCODEC_ROOT>\benchmark\compression_benchmark_runs\full8_except_jc_all_methods_w4_20260520\01625b_GA1-TUM_first_pool_1_01_01-DDA-1h-R2.uncompressed_aba87e03\msconvert_numpress\01625b_GA1-TUM_first_pool_1_01_01-DDA-1h-R2.mzML; <MSCODEC_ROOT>\benchmark\compression_benchmark_runs\full8_except_jc_all_methods_w4_20260520\01625b_GA1-TUM_first_pool_1_01_01-DDA-1h-R2.uncompressed_aba87e03\msconvert_numpress\msconvert.stderr.log; <MSCODEC_ROOT>\benchmark\compression_benchmark_runs\full8_except_jc_all_methods_w4_20260520\01625b_GA1-TUM_first_pool_1_01_01-DDA-1h-R2.uncompressed_aba87e03\msconvert_numpress\msconvert.stdout.log
01625b_GA1-TUM_first_pool_1_01_01-DDA-1h-R2.uncompressed.mzML,<MSCODEC_ROOT>\benchmark\data_full8\01625b_GA1-TUM_first_pool_1_01_01-DDA-1h-R2.uncompressed.mzML,mspack,mspack,ok,1170476138,357328454,3.275630935341074,0.30528469773896405,432.1326116999844,"Elapsed time includes msconvert normalization to uncompressed, non-indexed mzML with 64-bit m/z, 32-bit intensity, and 64-bit rt; mspack cannot read zlib-compressed binary arrays.",<MSCODEC_ROOT>\mspack_fix64_20files_20260523\01625b_GA1-TUM_first_pool_1_01_01-DDA-1h-R2.uncompressed_aba87e03\mspack,<MSCODEC_ROOT>\mspack_fix64_20files_20260523\01625b_GA1-TUM_first_pool_1_01_01-DDA-1h-R2.uncompressed_aba87e03\mspack\01625b_GA1-TUM_first_pool_1_01_01-DDA-1h-R2.uncompressed.mgz
01625b_GA1-TUM_first_pool_1_01_01-DDA-1h-R2.uncompressed.mzML,<MSCODEC_ROOT>\benchmark\data_full8\01625b_GA1-TUM_first_pool_1_01_01-DDA-1h-R2.uncompressed.mzML,masscomp,MassComp,ok,1170476138,633207540,1.8484873664012276,0.5409828696567585,4342.079822900007,"Elapsed time includes mzML to mzXML conversion with 64-bit m/z, 32-bit intensity, and 64-bit rt. masscomp.cmd uses the 64-bit-safe MassComp build when available, so >2GB mzXML files do not trigger the original tinyxml2 file-length overflow.",<MSCODEC_ROOT>\masscomp_mz64int32_w10_20260522_run3\01625b_GA1-TUM_first_pool_1_01_01-DDA-1h-R2.uncompressed_aba87e03\masscomp,<MSCODEC_ROOT>\masscomp_mz64int32_w10_20260522_run3\01625b_GA1-TUM_first_pool_1_01_01-DDA-1h-R2.uncompressed_aba87e03\masscomp\01625b_GA1-TUM_first_pool_1_01_01-DDA-1h-R2.uncompressed.masscomp
01625b_GA1-TUM_first_pool_1_01_01-DDA-1h-R2.uncompressed.mzML,<MSCODEC_ROOT>\benchmark\data_full8\01625b_GA1-TUM_first_pool_1_01_01-DDA-1h-R2.uncompressed.mzML,airdpro,airdpro-compress,ok,1170476138,261856664,4.469911592549732,0.2237180712179542,59.12433050002437,,<MSCODEC_ROOT>\benchmark\compression_benchmark_runs\full8_except_jc_all_methods_w4_20260520\01625b_GA1-TUM_first_pool_1_01_01-DDA-1h-R2.uncompressed_aba87e03\airdpro,<MSCODEC_ROOT>\benchmark\compression_benchmark_runs\full8_except_jc_all_methods_w4_20260520\01625b_GA1-TUM_first_pool_1_01_01-DDA-1h-R2.uncompressed_aba87e03\airdpro\01625b_GA1-TUM_first_pool_1_01_01-DDA-1h-R2.uncompressed.aird; <MSCODEC_ROOT>\benchmark\compression_benchmark_runs\full8_except_jc_all_methods_w4_20260520\01625b_GA1-TUM_first_pool_1_01_01-DDA-1h-R2.uncompressed_aba87e03\airdpro\01625b_GA1-TUM_first_pool_1_01_01-DDA-1h-R2.uncompressed.json
01625b_GA1-TUM_first_pool_1_01_01-DDA-1h-R2.uncompressed.mzML,<MSCODEC_ROOT>\benchmark\data_full8\01625b_GA1-TUM_first_pool_1_01_01-DDA-1h-R2.uncompressed.mzML,zdpd,ZDPD wrapper,ok,1170476138,264159512,4.430944504470466,0.22568551670892756,62.45601560000796,zdpd.cmd calls airdpro-compress.cmd; config used: ZDPD.,<MSCODEC_ROOT>\benchmark\compression_benchmark_runs\full8_except_jc_all_methods_w4_20260520\01625b_GA1-TUM_first_pool_1_01_01-DDA-1h-R2.uncompressed_aba87e03\zdpd,<MSCODEC_ROOT>\benchmark\compression_benchmark_runs\full8_except_jc_all_methods_w4_20260520\01625b_GA1-TUM_first_pool_1_01_01-DDA-1h-R2.uncompressed_aba87e03\zdpd\01625b_GA1-TUM_first_pool_1_01_01-DDA-1h-R2.uncompressed_with_zero_ZDPD.aird; <MSCODEC_ROOT>\benchmark\compression_benchmark_runs\full8_except_jc_all_methods_w4_20260520\01625b_GA1-TUM_first_pool_1_01_01-DDA-1h-R2.uncompressed_aba87e03\zdpd\01625b_GA1-TUM_first_pool_1_01_01-DDA-1h-R2.uncompressed_with_zero_ZDPD.json
01625b_GA1-TUM_first_pool_1_01_01-DDA-1h-R2.uncompressed.mzML,<MSCODEC_ROOT>\benchmark\data_full8\01625b_GA1-TUM_first_pool_1_01_01-DDA-1h-R2.uncompressed.mzML,stackzdpd,StackZDPD wrapper,ok,1170476138,285325593,4.102247280705731,0.24376882512747133,76.97016739996616,stackzdpd.cmd calls airdpro-compress.cmd; config used: StackZDPD.,<MSCODEC_ROOT>\benchmark\compression_benchmark_runs\full8_except_jc_all_methods_w4_20260520\01625b_GA1-TUM_first_pool_1_01_01-DDA-1h-R2.uncompressed_aba87e03\stackzdpd,<MSCODEC_ROOT>\benchmark\compression_benchmark_runs\full8_except_jc_all_methods_w4_20260520\01625b_GA1-TUM_first_pool_1_01_01-DDA-1h-R2.uncompressed_aba87e03\stackzdpd\01625b_GA1-TUM_first_pool_1_01_01-DDA-1h-R2.uncompressed_with_zero_StackZDPD.aird; <MSCODEC_ROOT>\benchmark\compression_benchmark_runs\full8_except_jc_all_methods_w4_20260520\01625b_GA1-TUM_first_pool_1_01_01-DDA-1h-R2.uncompressed_aba87e03\stackzdpd\01625b_GA1-TUM_first_pool_1_01_01-DDA-1h-R2.uncompressed_with_zero_StackZDPD.json
01625b_GA1-TUM_first_pool_1_01_01-DDA-1h-R2.uncompressed.mzML,<MSCODEC_ROOT>\benchmark\data_full8\01625b_GA1-TUM_first_pool_1_01_01-DDA-1h-R2.uncompressed.mzML,trackcodec,TrackCodec,ok,1170476138,234763465,4.985767857873456,0.20057091074162506,6574.840248099994,Stats JSON: <MSCODEC_ROOT>\benchmark\compression_benchmark_runs\full8_except_jc_all_methods_w4_20260520\01625b_GA1-TUM_first_pool_1_01_01-DDA-1h-R2.uncompressed_aba87e03\trackcodec\01625b_GA1-TUM_first_pool_1_01_01-DDA-1h-R2.uncompressed.stats.json,<MSCODEC_ROOT>\benchmark\compression_benchmark_runs\full8_except_jc_all_methods_w4_20260520\01625b_GA1-TUM_first_pool_1_01_01-DDA-1h-R2.uncompressed_aba87e03\trackcodec,<MSCODEC_ROOT>\benchmark\compression_benchmark_runs\full8_except_jc_all_methods_w4_20260520\01625b_GA1-TUM_first_pool_1_01_01-DDA-1h-R2.uncompressed_aba87e03\trackcodec\01625b_GA1-TUM_first_pool_1_01_01-DDA-1h-R2.uncompressed.tcarchive
01625b_GA1-TUM_first_pool_1_01_01-ETD-1h-R2.uncompressed.mzML,<MSCODEC_ROOT>\benchmark\data_full8\01625b_GA1-TUM_first_pool_1_01_01-ETD-1h-R2.uncompressed.mzML,msconvert_zlib,msconvert zlib,ok,710131657,710133227,0.9999977891472469,1.000002210857641,51.502317300008144,,<MSCODEC_ROOT>\benchmark\compression_benchmark_runs\full8_except_jc_all_methods_w4_20260520\01625b_GA1-TUM_first_pool_1_01_01-ETD-1h-R2.uncompressed_85f780f8\msconvert_zlib,<MSCODEC_ROOT>\benchmark\compression_benchmark_runs\full8_except_jc_all_methods_w4_20260520\01625b_GA1-TUM_first_pool_1_01_01-ETD-1h-R2.uncompressed_85f780f8\msconvert_zlib\01625b_GA1-TUM_first_pool_1_01_01-ETD-1h-R2.mzML; <MSCODEC_ROOT>\benchmark\compression_benchmark_runs\full8_except_jc_all_methods_w4_20260520\01625b_GA1-TUM_first_pool_1_01_01-ETD-1h-R2.uncompressed_85f780f8\msconvert_zlib\msconvert.stderr.log; <MSCODEC_ROOT>\benchmark\compression_benchmark_runs\full8_except_jc_all_methods_w4_20260520\01625b_GA1-TUM_first_pool_1_01_01-ETD-1h-R2.uncompressed_85f780f8\msconvert_zlib\msconvert.stdout.log
01625b_GA1-TUM_first_pool_1_01_01-ETD-1h-R2.uncompressed.mzML,<MSCODEC_ROOT>\benchmark\data_full8\01625b_GA1-TUM_first_pool_1_01_01-ETD-1h-R2.uncompressed.mzML,msconvert_gzip,msconvert gzip,ok,710131657,551178409,1.2883880163019956,0.776163692417954,98.18590639997274,,<MSCODEC_ROOT>\benchmark\compression_benchmark_runs\full8_except_jc_all_methods_w4_20260520\01625b_GA1-TUM_first_pool_1_01_01-ETD-1h-R2.uncompressed_85f780f8\msconvert_gzip,<MSCODEC_ROOT>\benchmark\compression_benchmark_runs\full8_except_jc_all_methods_w4_20260520\01625b_GA1-TUM_first_pool_1_01_01-ETD-1h-R2.uncompressed_85f780f8\msconvert_gzip\01625b_GA1-TUM_first_pool_1_01_01-ETD-1h-R2.mzML.gz; <MSCODEC_ROOT>\benchmark\compression_benchmark_runs\full8_except_jc_all_methods_w4_20260520\01625b_GA1-TUM_first_pool_1_01_01-ETD-1h-R2.uncompressed_85f780f8\msconvert_gzip\msconvert.stderr.log; <MSCODEC_ROOT>\benchmark\compression_benchmark_runs\full8_except_jc_all_methods_w4_20260520\01625b_GA1-TUM_first_pool_1_01_01-ETD-1h-R2.uncompressed_85f780f8\msconvert_gzip\msconvert.stdout.log
01625b_GA1-TUM_first_pool_1_01_01-ETD-1h-R2.uncompressed.mzML,<MSCODEC_ROOT>\benchmark\data_full8\01625b_GA1-TUM_first_pool_1_01_01-ETD-1h-R2.uncompressed.mzML,msconvert_numpress,msconvert numpressAll+zlib,ok,710131657,229158052,3.0988728120275697,0.3226979810590249,27.71656620001886,,<MSCODEC_ROOT>\benchmark\compression_benchmark_runs\full8_except_jc_all_methods_w4_20260520\01625b_GA1-TUM_first_pool_1_01_01-ETD-1h-R2.uncompressed_85f780f8\msconvert_numpress,<MSCODEC_ROOT>\benchmark\compression_benchmark_runs\full8_except_jc_all_methods_w4_20260520\01625b_GA1-TUM_first_pool_1_01_01-ETD-1h-R2.uncompressed_85f780f8\msconvert_numpress\01625b_GA1-TUM_first_pool_1_01_01-ETD-1h-R2.mzML; <MSCODEC_ROOT>\benchmark\compression_benchmark_runs\full8_except_jc_all_methods_w4_20260520\01625b_GA1-TUM_first_pool_1_01_01-ETD-1h-R2.uncompressed_85f780f8\msconvert_numpress\msconvert.stderr.log; <MSCODEC_ROOT>\benchmark\compression_benchmark_runs\full8_except_jc_all_methods_w4_20260520\01625b_GA1-TUM_first_pool_1_01_01-ETD-1h-R2.uncompressed_85f780f8\msconvert_numpress\msconvert.stdout.log
01625b_GA1-TUM_first_pool_1_01_01-ETD-1h-R2.uncompressed.mzML,<MSCODEC_ROOT>\benchmark\data_full8\01625b_GA1-TUM_first_pool_1_01_01-ETD-1h-R2.uncompressed.mzML,mspack,mspack,ok,710131657,229957847,3.0880949107163973,0.3238242440443688,172.86857150006108,"Elapsed time includes msconvert normalization to uncompressed, non-indexed mzML with 64-bit m/z, 32-bit intensity, and 64-bit rt; mspack cannot read zlib-compressed binary arrays.",<MSCODEC_ROOT>\mspack_fix64_20files_20260523\01625b_GA1-TUM_first_pool_1_01_01-ETD-1h-R2.uncompressed_85f780f8\mspack,<MSCODEC_ROOT>\mspack_fix64_20files_20260523\01625b_GA1-TUM_first_pool_1_01_01-ETD-1h-R2.uncompressed_85f780f8\mspack\01625b_GA1-TUM_first_pool_1_01_01-ETD-1h-R2.uncompressed.mgz
01625b_GA1-TUM_first_pool_1_01_01-ETD-1h-R2.uncompressed.mzML,<MSCODEC_ROOT>\benchmark\data_full8\01625b_GA1-TUM_first_pool_1_01_01-ETD-1h-R2.uncompressed.mzML,masscomp,MassComp,ok,710131657,448527307,1.5832517795845147,0.6316114801793719,3256.7258498000447,"Elapsed time includes mzML to mzXML conversion with 64-bit m/z, 32-bit intensity, and 64-bit rt. masscomp.cmd uses the 64-bit-safe MassComp build when available, so >2GB mzXML files do not trigger the original tinyxml2 file-length overflow.",<MSCODEC_ROOT>\masscomp_mz64int32_w10_20260522_run3\01625b_GA1-TUM_first_pool_1_01_01-ETD-1h-R2.uncompressed_85f780f8\masscomp,<MSCODEC_ROOT>\masscomp_mz64int32_w10_20260522_run3\01625b_GA1-TUM_first_pool_1_01_01-ETD-1h-R2.uncompressed_85f780f8\masscomp\01625b_GA1-TUM_first_pool_1_01_01-ETD-1h-R2.uncompressed.masscomp
01625b_GA1-TUM_first_pool_1_01_01-ETD-1h-R2.uncompressed.mzML,<MSCODEC_ROOT>\benchmark\data_full8\01625b_GA1-TUM_first_pool_1_01_01-ETD-1h-R2.uncompressed.mzML,airdpro,airdpro-compress,ok,710131657,135563742,5.238359804201923,0.1908994489454228,26.093594999983907,,<MSCODEC_ROOT>\benchmark\compression_benchmark_runs\full8_except_jc_all_methods_w4_20260520\01625b_GA1-TUM_first_pool_1_01_01-ETD-1h-R2.uncompressed_85f780f8\airdpro,<MSCODEC_ROOT>\benchmark\compression_benchmark_runs\full8_except_jc_all_methods_w4_20260520\01625b_GA1-TUM_first_pool_1_01_01-ETD-1h-R2.uncompressed_85f780f8\airdpro\01625b_GA1-TUM_first_pool_1_01_01-ETD-1h-R2.uncompressed.aird; <MSCODEC_ROOT>\benchmark\compression_benchmark_runs\full8_except_jc_all_methods_w4_20260520\01625b_GA1-TUM_first_pool_1_01_01-ETD-1h-R2.uncompressed_85f780f8\airdpro\01625b_GA1-TUM_first_pool_1_01_01-ETD-1h-R2.uncompressed.json
01625b_GA1-TUM_first_pool_1_01_01-ETD-1h-R2.uncompressed.mzML,<MSCODEC_ROOT>\benchmark\data_full8\01625b_GA1-TUM_first_pool_1_01_01-ETD-1h-R2.uncompressed.mzML,zdpd,ZDPD wrapper,ok,710131657,136060620,5.21922990649315,0.1915991473676831,26.746893700037617,zdpd.cmd calls airdpro-compress.cmd; config used: ZDPD.,<MSCODEC_ROOT>\benchmark\compression_benchmark_runs\full8_except_jc_all_methods_w4_20260520\01625b_GA1-TUM_first_pool_1_01_01-ETD-1h-R2.uncompressed_85f780f8\zdpd,<MSCODEC_ROOT>\benchmark\compression_benchmark_runs\full8_except_jc_all_methods_w4_20260520\01625b_GA1-TUM_first_pool_1_01_01-ETD-1h-R2.uncompressed_85f780f8\zdpd\01625b_GA1-TUM_first_pool_1_01_01-ETD-1h-R2.uncompressed_with_zero_ZDPD.aird; <MSCODEC_ROOT>\benchmark\compression_benchmark_runs\full8_except_jc_all_methods_w4_20260520\01625b_GA1-TUM_first_pool_1_01_01-ETD-1h-R2.uncompressed_85f780f8\zdpd\01625b_GA1-TUM_first_pool_1_01_01-ETD-1h-R2.uncompressed_with_zero_ZDPD.json
01625b_GA1-TUM_first_pool_1_01_01-ETD-1h-R2.uncompressed.mzML,<MSCODEC_ROOT>\benchmark\data_full8\01625b_GA1-TUM_first_pool_1_01_01-ETD-1h-R2.uncompressed.mzML,stackzdpd,StackZDPD wrapper,ok,710131657,148574941,4.779619310096176,0.20922168380390904,36.17742060002638,stackzdpd.cmd calls airdpro-compress.cmd; config used: StackZDPD.,<MSCODEC_ROOT>\benchmark\compression_benchmark_runs\full8_except_jc_all_methods_w4_20260520\01625b_GA1-TUM_first_pool_1_01_01-ETD-1h-R2.uncompressed_85f780f8\stackzdpd,<MSCODEC_ROOT>\benchmark\compression_benchmark_runs\full8_except_jc_all_methods_w4_20260520\01625b_GA1-TUM_first_pool_1_01_01-ETD-1h-R2.uncompressed_85f780f8\stackzdpd\01625b_GA1-TUM_first_pool_1_01_01-ETD-1h-R2.uncompressed_with_zero_StackZDPD.aird; <MSCODEC_ROOT>\benchmark\compression_benchmark_runs\full8_except_jc_all_methods_w4_20260520\01625b_GA1-TUM_first_pool_1_01_01-ETD-1h-R2.uncompressed_85f780f8\stackzdpd\01625b_GA1-TUM_first_pool_1_01_01-ETD-1h-R2.uncompressed_with_zero_StackZDPD.json
01625b_GA1-TUM_first_pool_1_01_01-ETD-1h-R2.uncompressed.mzML,<MSCODEC_ROOT>\benchmark\data_full8\01625b_GA1-TUM_first_pool_1_01_01-ETD-1h-R2.uncompressed.mzML,trackcodec,TrackCodec,ok,710131657,129659324,5.476903897786788,0.18258490904032462,5917.1578725000145,Stats JSON: <MSCODEC_ROOT>\benchmark\compression_benchmark_runs\full8_except_jc_all_methods_w4_20260520\01625b_GA1-TUM_first_pool_1_01_01-ETD-1h-R2.uncompressed_85f780f8\trackcodec\01625b_GA1-TUM_first_pool_1_01_01-ETD-1h-R2.uncompressed.stats.json,<MSCODEC_ROOT>\benchmark\compression_benchmark_runs\full8_except_jc_all_methods_w4_20260520\01625b_GA1-TUM_first_pool_1_01_01-ETD-1h-R2.uncompressed_85f780f8\trackcodec,<MSCODEC_ROOT>\benchmark\compression_benchmark_runs\full8_except_jc_all_methods_w4_20260520\01625b_GA1-TUM_first_pool_1_01_01-ETD-1h-R2.uncompressed_85f780f8\trackcodec\01625b_GA1-TUM_first_pool_1_01_01-ETD-1h-R2.uncompressed.tcarchive
QC_E4802_240703_DIA_293T_500ng_90min_R1.mzML,<MSCODEC_ROOT>\benchmark\data_full8\QC_E4802_240703_DIA_293T_500ng_90min_R1.mzML,msconvert_zlib,msconvert zlib,ok,2598142927,2437916244,1.0657228005245614,0.9383303045668049,202.43551689997548,,<MSCODEC_ROOT>\benchmark\compression_benchmark_runs\full8_except_jc_all_methods_w4_20260520\QC_E4802_240703_DIA_293T_500ng_90min_R1_6ec19d22\msconvert_zlib,<MSCODEC_ROOT>\benchmark\compression_benchmark_runs\full8_except_jc_all_methods_w4_20260520\QC_E4802_240703_DIA_293T_500ng_90min_R1_6ec19d22\msconvert_zlib\msconvert.stderr.log; <MSCODEC_ROOT>\benchmark\compression_benchmark_runs\full8_except_jc_all_methods_w4_20260520\QC_E4802_240703_DIA_293T_500ng_90min_R1_6ec19d22\msconvert_zlib\msconvert.stdout.log; <MSCODEC_ROOT>\benchmark\compression_benchmark_runs\full8_except_jc_all_methods_w4_20260520\QC_E4802_240703_DIA_293T_500ng_90min_R1_6ec19d22\msconvert_zlib\QC_E4802_240703_DIA_293T_500ng_90min_R1.mzML
QC_E4802_240703_DIA_293T_500ng_90min_R1.mzML,<MSCODEC_ROOT>\benchmark\data_full8\QC_E4802_240703_DIA_293T_500ng_90min_R1.mzML,msconvert_gzip,msconvert gzip,ok,2598142927,1774401968,1.4642358235932704,0.6829500985339749,554.9085228000185,,<MSCODEC_ROOT>\benchmark\compression_benchmark_runs\full8_except_jc_all_methods_w4_20260520\QC_E4802_240703_DIA_293T_500ng_90min_R1_6ec19d22\msconvert_gzip,<MSCODEC_ROOT>\benchmark\compression_benchmark_runs\full8_except_jc_all_methods_w4_20260520\QC_E4802_240703_DIA_293T_500ng_90min_R1_6ec19d22\msconvert_gzip\msconvert.stderr.log; <MSCODEC_ROOT>\benchmark\compression_benchmark_runs\full8_except_jc_all_methods_w4_20260520\QC_E4802_240703_DIA_293T_500ng_90min_R1_6ec19d22\msconvert_gzip\msconvert.stdout.log; <MSCODEC_ROOT>\benchmark\compression_benchmark_runs\full8_except_jc_all_methods_w4_20260520\QC_E4802_240703_DIA_293T_500ng_90min_R1_6ec19d22\msconvert_gzip\QC_E4802_240703_DIA_293T_500ng_90min_R1.mzML.gz
QC_E4802_240703_DIA_293T_500ng_90min_R1.mzML,<MSCODEC_ROOT>\benchmark\data_full8\QC_E4802_240703_DIA_293T_500ng_90min_R1.mzML,msconvert_numpress,msconvert numpressAll+zlib,ok,2598142927,1514715029,1.715268467835345,0.5829991157372537,117.92165629996452,,<MSCODEC_ROOT>\benchmark\compression_benchmark_runs\full8_except_jc_all_methods_w4_20260520\QC_E4802_240703_DIA_293T_500ng_90min_R1_6ec19d22\msconvert_numpress,<MSCODEC_ROOT>\benchmark\compression_benchmark_runs\full8_except_jc_all_methods_w4_20260520\QC_E4802_240703_DIA_293T_500ng_90min_R1_6ec19d22\msconvert_numpress\msconvert.stderr.log; <MSCODEC_ROOT>\benchmark\compression_benchmark_runs\full8_except_jc_all_methods_w4_20260520\QC_E4802_240703_DIA_293T_500ng_90min_R1_6ec19d22\msconvert_numpress\msconvert.stdout.log; <MSCODEC_ROOT>\benchmark\compression_benchmark_runs\full8_except_jc_all_methods_w4_20260520\QC_E4802_240703_DIA_293T_500ng_90min_R1_6ec19d22\msconvert_numpress\QC_E4802_240703_DIA_293T_500ng_90min_R1.mzML
QC_E4802_240703_DIA_293T_500ng_90min_R1.mzML,<MSCODEC_ROOT>\benchmark\data_full8\QC_E4802_240703_DIA_293T_500ng_90min_R1.mzML,mspack,mspack,ok,2598142927,975737127,2.66274886453101,0.3755517515453452,5397.288618899998,"Elapsed time includes msconvert normalization to uncompressed, non-indexed mzML with 64-bit m/z, 32-bit intensity, and 64-bit rt; mspack cannot read zlib-compressed binary arrays.",<MSCODEC_ROOT>\mspack_fix64_20files_20260523\QC_E4802_240703_DIA_293T_500ng_90min_R1_6ec19d22\mspack,<MSCODEC_ROOT>\mspack_fix64_20files_20260523\QC_E4802_240703_DIA_293T_500ng_90min_R1_6ec19d22\mspack\QC_E4802_240703_DIA_293T_500ng_90min_R1.mgz
QC_E4802_240703_DIA_293T_500ng_90min_R1.mzML,<MSCODEC_ROOT>\benchmark\data_full8\QC_E4802_240703_DIA_293T_500ng_90min_R1.mzML,masscomp,MassComp,ok,2598142927,1410531015,1.8419608639374725,0.5428996997592812,4321.420624199964,"Elapsed time includes mzML to mzXML conversion with 64-bit m/z, 32-bit intensity, and 64-bit rt. masscomp.cmd uses the 64-bit-safe MassComp build when available, so >2GB mzXML files do not trigger the original tinyxml2 file-length overflow.",<MSCODEC_ROOT>\masscomp_mz64int32_w10_20260522_run3\QC_E4802_240703_DIA_293T_500ng_90min_R1_6ec19d22\masscomp,<MSCODEC_ROOT>\masscomp_mz64int32_w10_20260522_run3\QC_E4802_240703_DIA_293T_500ng_90min_R1_6ec19d22\masscomp\QC_E4802_240703_DIA_293T_500ng_90min_R1.masscomp
QC_E4802_240703_DIA_293T_500ng_90min_R1.mzML,<MSCODEC_ROOT>\benchmark\data_full8\QC_E4802_240703_DIA_293T_500ng_90min_R1.mzML,airdpro,airdpro-compress,ok,2598142927,893535922,2.907709542538123,0.34391330542840454,131.90856220002752,,<MSCODEC_ROOT>\benchmark\compression_benchmark_runs\full8_except_jc_all_methods_w4_20260520\QC_E4802_240703_DIA_293T_500ng_90min_R1_6ec19d22\airdpro,<MSCODEC_ROOT>\benchmark\compression_benchmark_runs\full8_except_jc_all_methods_w4_20260520\QC_E4802_240703_DIA_293T_500ng_90min_R1_6ec19d22\airdpro\QC_E4802_240703_DIA_293T_500ng_90min_R1.aird; <MSCODEC_ROOT>\benchmark\compression_benchmark_runs\full8_except_jc_all_methods_w4_20260520\QC_E4802_240703_DIA_293T_500ng_90min_R1_6ec19d22\airdpro\QC_E4802_240703_DIA_293T_500ng_90min_R1.json
QC_E4802_240703_DIA_293T_500ng_90min_R1.mzML,<MSCODEC_ROOT>\benchmark\data_full8\QC_E4802_240703_DIA_293T_500ng_90min_R1.mzML,zdpd,ZDPD wrapper,ok,2598142927,916988580,2.833342730396926,0.35294000590599534,131.7737529000151,zdpd.cmd calls airdpro-compress.cmd; config used: ZDPD.,<MSCODEC_ROOT>\benchmark\compression_benchmark_runs\full8_except_jc_all_methods_w4_20260520\QC_E4802_240703_DIA_293T_500ng_90min_R1_6ec19d22\zdpd,<MSCODEC_ROOT>\benchmark\compression_benchmark_runs\full8_except_jc_all_methods_w4_20260520\QC_E4802_240703_DIA_293T_500ng_90min_R1_6ec19d22\zdpd\QC_E4802_240703_DIA_293T_500ng_90min_R1_with_zero_ZDPD.aird; <MSCODEC_ROOT>\benchmark\compression_benchmark_runs\full8_except_jc_all_methods_w4_20260520\QC_E4802_240703_DIA_293T_500ng_90min_R1_6ec19d22\zdpd\QC_E4802_240703_DIA_293T_500ng_90min_R1_with_zero_ZDPD.json
QC_E4802_240703_DIA_293T_500ng_90min_R1.mzML,<MSCODEC_ROOT>\benchmark\data_full8\QC_E4802_240703_DIA_293T_500ng_90min_R1.mzML,stackzdpd,StackZDPD wrapper,error,2598142927,,,,77.86573510000017,AirdPro wrapper returned a non-zero exit code.,<MSCODEC_ROOT>\benchmark\compression_benchmark_runs\full8_except_jc_all_methods_w4_20260520\QC_E4802_240703_DIA_293T_500ng_90min_R1_6ec19d22\stackzdpd,
QC_E4802_240703_DIA_293T_500ng_90min_R1.mzML,<MSCODEC_ROOT>\benchmark\data_full8\QC_E4802_240703_DIA_293T_500ng_90min_R1.mzML,trackcodec,TrackCodec,ok,2598142927,759373853,3.4214279524317517,0.2922756269905547,10472.543751499965,Stats JSON: <MSCODEC_ROOT>\benchmark\compression_benchmark_runs\full8_except_jc_all_methods_w4_20260520\QC_E4802_240703_DIA_293T_500ng_90min_R1_6ec19d22\trackcodec\QC_E4802_240703_DIA_293T_500ng_90min_R1.stats.json,<MSCODEC_ROOT>\benchmark\compression_benchmark_runs\full8_except_jc_all_methods_w4_20260520\QC_E4802_240703_DIA_293T_500ng_90min_R1_6ec19d22\trackcodec,<MSCODEC_ROOT>\benchmark\compression_benchmark_runs\full8_except_jc_all_methods_w4_20260520\QC_E4802_240703_DIA_293T_500ng_90min_R1_6ec19d22\trackcodec\QC_E4802_240703_DIA_293T_500ng_90min_R1.tcarchive
QC_E4804_240320_DDA_293T_500ng_120min_R1.mzML,<MSCODEC_ROOT>\benchmark\data_full8\QC_E4804_240320_DDA_293T_500ng_120min_R1.mzML,msconvert_zlib,msconvert zlib,ok,3171168621,3043826629,1.0418361515030954,0.9598438281847517,254.05673100001877,,<MSCODEC_ROOT>\benchmark\compression_benchmark_runs\full8_except_jc_all_methods_w4_20260520\QC_E4804_240320_DDA_293T_500ng_120min_R1_c02be081\msconvert_zlib,<MSCODEC_ROOT>\benchmark\compression_benchmark_runs\full8_except_jc_all_methods_w4_20260520\QC_E4804_240320_DDA_293T_500ng_120min_R1_c02be081\msconvert_zlib\msconvert.stderr.log; <MSCODEC_ROOT>\benchmark\compression_benchmark_runs\full8_except_jc_all_methods_w4_20260520\QC_E4804_240320_DDA_293T_500ng_120min_R1_c02be081\msconvert_zlib\msconvert.stdout.log; <MSCODEC_ROOT>\benchmark\compression_benchmark_runs\full8_except_jc_all_methods_w4_20260520\QC_E4804_240320_DDA_293T_500ng_120min_R1_c02be081\msconvert_zlib\QC_E4804_240320_DDA_293T_500ng_120min_R1.mzML
QC_E4804_240320_DDA_293T_500ng_120min_R1.mzML,<MSCODEC_ROOT>\benchmark\data_full8\QC_E4804_240320_DDA_293T_500ng_120min_R1.mzML,msconvert_gzip,msconvert gzip,ok,3171168621,1743967396,1.818364625550603,0.5499447063303923,427.0454144999967,,<MSCODEC_ROOT>\benchmark\compression_benchmark_runs\full8_except_jc_all_methods_w4_20260520\QC_E4804_240320_DDA_293T_500ng_120min_R1_c02be081\msconvert_gzip,<MSCODEC_ROOT>\benchmark\compression_benchmark_runs\full8_except_jc_all_methods_w4_20260520\QC_E4804_240320_DDA_293T_500ng_120min_R1_c02be081\msconvert_gzip\msconvert.stderr.log; <MSCODEC_ROOT>\benchmark\compression_benchmark_runs\full8_except_jc_all_methods_w4_20260520\QC_E4804_240320_DDA_293T_500ng_120min_R1_c02be081\msconvert_gzip\msconvert.stdout.log; <MSCODEC_ROOT>\benchmark\compression_benchmark_runs\full8_except_jc_all_methods_w4_20260520\QC_E4804_240320_DDA_293T_500ng_120min_R1_c02be081\msconvert_gzip\QC_E4804_240320_DDA_293T_500ng_120min_R1.mzML.gz
QC_E4804_240320_DDA_293T_500ng_120min_R1.mzML,<MSCODEC_ROOT>\benchmark\data_full8\QC_E4804_240320_DDA_293T_500ng_120min_R1.mzML,msconvert_numpress,msconvert numpressAll+zlib,ok,3171168621,1796833030,1.7648654983818948,0.5666154168217598,165.49450710002566,,<MSCODEC_ROOT>\benchmark\compression_benchmark_runs\full8_except_jc_all_methods_w4_20260520\QC_E4804_240320_DDA_293T_500ng_120min_R1_c02be081\msconvert_numpress,<MSCODEC_ROOT>\benchmark\compression_benchmark_runs\full8_except_jc_all_methods_w4_20260520\QC_E4804_240320_DDA_293T_500ng_120min_R1_c02be081\msconvert_numpress\msconvert.stderr.log; <MSCODEC_ROOT>\benchmark\compression_benchmark_runs\full8_except_jc_all_methods_w4_20260520\QC_E4804_240320_DDA_293T_500ng_120min_R1_c02be081\msconvert_numpress\msconvert.stdout.log; <MSCODEC_ROOT>\benchmark\compression_benchmark_runs\full8_except_jc_all_methods_w4_20260520\QC_E4804_240320_DDA_293T_500ng_120min_R1_c02be081\msconvert_numpress\QC_E4804_240320_DDA_293T_500ng_120min_R1.mzML
QC_E4804_240320_DDA_293T_500ng_120min_R1.mzML,<MSCODEC_ROOT>\benchmark\data_full8\QC_E4804_240320_DDA_293T_500ng_120min_R1.mzML,mspack,mspack,ok,3171168621,907632318,3.493891257627078,0.28621383044392834,5377.084056299995,"Elapsed time includes msconvert normalization to uncompressed, non-indexed mzML with 64-bit m/z, 32-bit intensity, and 64-bit rt; mspack cannot read zlib-compressed binary arrays.",<MSCODEC_ROOT>\mspack_fix64_20files_20260523\QC_E4804_240320_DDA_293T_500ng_120min_R1_c02be081\mspack,<MSCODEC_ROOT>\mspack_fix64_20files_20260523\QC_E4804_240320_DDA_293T_500ng_120min_R1_c02be081\mspack\QC_E4804_240320_DDA_293T_500ng_120min_R1.mgz
QC_E4804_240320_DDA_293T_500ng_120min_R1.mzML,<MSCODEC_ROOT>\benchmark\data_full8\QC_E4804_240320_DDA_293T_500ng_120min_R1.mzML,masscomp,MassComp,ok,3171168621,1421993707,2.230086255227007,0.4484131488888115,4706.073428399977,"Elapsed time includes mzML to mzXML conversion with 64-bit m/z, 32-bit intensity, and 64-bit rt. masscomp.cmd uses the 64-bit-safe MassComp build when available, so >2GB mzXML files do not trigger the original tinyxml2 file-length overflow.",<MSCODEC_ROOT>\masscomp_mz64int32_w10_20260522_run3\QC_E4804_240320_DDA_293T_500ng_120min_R1_c02be081\masscomp,<MSCODEC_ROOT>\masscomp_mz64int32_w10_20260522_run3\QC_E4804_240320_DDA_293T_500ng_120min_R1_c02be081\masscomp\QC_E4804_240320_DDA_293T_500ng_120min_R1.masscomp
QC_E4804_240320_DDA_293T_500ng_120min_R1.mzML,<MSCODEC_ROOT>\benchmark\data_full8\QC_E4804_240320_DDA_293T_500ng_120min_R1.mzML,airdpro,airdpro-compress,ok,3171168621,697239474,4.54817711740744,0.21986830639744778,158.38488650001818,,<MSCODEC_ROOT>\benchmark\compression_benchmark_runs\full8_except_jc_all_methods_w4_20260520\QC_E4804_240320_DDA_293T_500ng_120min_R1_c02be081\airdpro,<MSCODEC_ROOT>\benchmark\compression_benchmark_runs\full8_except_jc_all_methods_w4_20260520\QC_E4804_240320_DDA_293T_500ng_120min_R1_c02be081\airdpro\QC_E4804_240320_DDA_293T_500ng_120min_R1.aird; <MSCODEC_ROOT>\benchmark\compression_benchmark_runs\full8_except_jc_all_methods_w4_20260520\QC_E4804_240320_DDA_293T_500ng_120min_R1_c02be081\airdpro\QC_E4804_240320_DDA_293T_500ng_120min_R1.json
QC_E4804_240320_DDA_293T_500ng_120min_R1.mzML,<MSCODEC_ROOT>\benchmark\data_full8\QC_E4804_240320_DDA_293T_500ng_120min_R1.mzML,zdpd,ZDPD wrapper,ok,3171168621,746339628,4.248961869407797,0.23535160604756752,205.8257283999701,zdpd.cmd calls airdpro-compress.cmd; config used: ZDPD.,<MSCODEC_ROOT>\benchmark\compression_benchmark_runs\full8_except_jc_all_methods_w4_20260520\QC_E4804_240320_DDA_293T_500ng_120min_R1_c02be081\zdpd,<MSCODEC_ROOT>\benchmark\compression_benchmark_runs\full8_except_jc_all_methods_w4_20260520\QC_E4804_240320_DDA_293T_500ng_120min_R1_c02be081\zdpd\QC_E4804_240320_DDA_293T_500ng_120min_R1_with_zero_ZDPD.aird; <MSCODEC_ROOT>\benchmark\compression_benchmark_runs\full8_except_jc_all_methods_w4_20260520\QC_E4804_240320_DDA_293T_500ng_120min_R1_c02be081\zdpd\QC_E4804_240320_DDA_293T_500ng_120min_R1_with_zero_ZDPD.json
QC_E4804_240320_DDA_293T_500ng_120min_R1.mzML,<MSCODEC_ROOT>\benchmark\data_full8\QC_E4804_240320_DDA_293T_500ng_120min_R1.mzML,stackzdpd,StackZDPD wrapper,error,3171168621,,,,110.09310800000094,AirdPro wrapper returned a non-zero exit code.,<MSCODEC_ROOT>\benchmark\compression_benchmark_runs\full8_except_jc_all_methods_w4_20260520\QC_E4804_240320_DDA_293T_500ng_120min_R1_c02be081\stackzdpd,
QC_E4804_240320_DDA_293T_500ng_120min_R1.mzML,<MSCODEC_ROOT>\benchmark\data_full8\QC_E4804_240320_DDA_293T_500ng_120min_R1.mzML,trackcodec,TrackCodec,ok,3171168621,605369262,5.238403764543962,0.1908978469297234,3.652330200013239,Stats JSON: <MSCODEC_ROOT>\benchmark\compression_benchmark_runs\full8_except_jc_all_methods_w4_20260520\QC_E4804_240320_DDA_293T_500ng_120min_R1_c02be081\trackcodec\QC_E4804_240320_DDA_293T_500ng_120min_R1.stats.json,<MSCODEC_ROOT>\benchmark\compression_benchmark_runs\full8_except_jc_all_methods_w4_20260520\QC_E4804_240320_DDA_293T_500ng_120min_R1_c02be081\trackcodec,<MSCODEC_ROOT>\benchmark\compression_benchmark_runs\full8_except_jc_all_methods_w4_20260520\QC_E4804_240320_DDA_293T_500ng_120min_R1_c02be081\trackcodec\QC_E4804_240320_DDA_293T_500ng_120min_R1.tcarchive
QC_E4804_240320_DDA_293T_500ng_120min_R1_centroided.mzML,<MSCODEC_ROOT>\benchmark\data_full8\QC_E4804_240320_DDA_293T_500ng_120min_R1_centroided.mzML,msconvert_zlib,msconvert zlib,ok,1728406976,1595659601,1.0831927905656114,0.923196691032101,145.4872060000198,,<MSCODEC_ROOT>\benchmark\compression_benchmark_runs\full8_except_jc_all_methods_w4_20260520\QC_E4804_240320_DDA_293T_500ng_120min_R1_centroided_1b99176c\msconvert_zlib,<MSCODEC_ROOT>\benchmark\compression_benchmark_runs\full8_except_jc_all_methods_w4_20260520\QC_E4804_240320_DDA_293T_500ng_120min_R1_centroided_1b99176c\msconvert_zlib\msconvert.stderr.log; <MSCODEC_ROOT>\benchmark\compression_benchmark_runs\full8_except_jc_all_methods_w4_20260520\QC_E4804_240320_DDA_293T_500ng_120min_R1_centroided_1b99176c\msconvert_zlib\msconvert.stdout.log; <MSCODEC_ROOT>\benchmark\compression_benchmark_runs\full8_except_jc_all_methods_w4_20260520\QC_E4804_240320_DDA_293T_500ng_120min_R1_centroided_1b99176c\msconvert_zlib\QC_E4804_240320_DDA_293T_500ng_120min_R1_centroided.mzML
QC_E4804_240320_DDA_293T_500ng_120min_R1_centroided.mzML,<MSCODEC_ROOT>\benchmark\data_full8\QC_E4804_240320_DDA_293T_500ng_120min_R1_centroided.mzML,msconvert_gzip,msconvert gzip,ok,1728406976,492160268,3.511878321717754,0.28474790650231674,211.12236939999275,,<MSCODEC_ROOT>\benchmark\compression_benchmark_runs\full8_except_jc_all_methods_w4_20260520\QC_E4804_240320_DDA_293T_500ng_120min_R1_centroided_1b99176c\msconvert_gzip,<MSCODEC_ROOT>\benchmark\compression_benchmark_runs\full8_except_jc_all_methods_w4_20260520\QC_E4804_240320_DDA_293T_500ng_120min_R1_centroided_1b99176c\msconvert_gzip\msconvert.stderr.log; <MSCODEC_ROOT>\benchmark\compression_benchmark_runs\full8_except_jc_all_methods_w4_20260520\QC_E4804_240320_DDA_293T_500ng_120min_R1_centroided_1b99176c\msconvert_gzip\msconvert.stdout.log; <MSCODEC_ROOT>\benchmark\compression_benchmark_runs\full8_except_jc_all_methods_w4_20260520\QC_E4804_240320_DDA_293T_500ng_120min_R1_centroided_1b99176c\msconvert_gzip\QC_E4804_240320_DDA_293T_500ng_120min_R1_centroided.mzML.gz
QC_E4804_240320_DDA_293T_500ng_120min_R1_centroided.mzML,<MSCODEC_ROOT>\benchmark\data_full8\QC_E4804_240320_DDA_293T_500ng_120min_R1_centroided.mzML,msconvert_numpress,msconvert numpressAll+zlib,ok,1728406976,1457577014,1.1858083376718234,0.8433066021135985,139.2682370999828,,<MSCODEC_ROOT>\benchmark\compression_benchmark_runs\full8_except_jc_all_methods_w4_20260520\QC_E4804_240320_DDA_293T_500ng_120min_R1_centroided_1b99176c\msconvert_numpress,<MSCODEC_ROOT>\benchmark\compression_benchmark_runs\full8_except_jc_all_methods_w4_20260520\QC_E4804_240320_DDA_293T_500ng_120min_R1_centroided_1b99176c\msconvert_numpress\msconvert.stderr.log; <MSCODEC_ROOT>\benchmark\compression_benchmark_runs\full8_except_jc_all_methods_w4_20260520\QC_E4804_240320_DDA_293T_500ng_120min_R1_centroided_1b99176c\msconvert_numpress\msconvert.stdout.log; <MSCODEC_ROOT>\benchmark\compression_benchmark_runs\full8_except_jc_all_methods_w4_20260520\QC_E4804_240320_DDA_293T_500ng_120min_R1_centroided_1b99176c\msconvert_numpress\QC_E4804_240320_DDA_293T_500ng_120min_R1_centroided.mzML
QC_E4804_240320_DDA_293T_500ng_120min_R1_centroided.mzML,<MSCODEC_ROOT>\benchmark\data_full8\QC_E4804_240320_DDA_293T_500ng_120min_R1_centroided.mzML,mspack,mspack,ok,1728406976,319620204,5.407689984454175,0.18492184331475414,591.2656392999925,"Elapsed time includes msconvert normalization to uncompressed, non-indexed mzML with 64-bit m/z, 32-bit intensity, and 64-bit rt; mspack cannot read zlib-compressed binary arrays.",<MSCODEC_ROOT>\mspack_fix64_20files_20260523\QC_E4804_240320_DDA_293T_500ng_120min_R1_centroided_1b99176c\mspack,<MSCODEC_ROOT>\mspack_fix64_20files_20260523\QC_E4804_240320_DDA_293T_500ng_120min_R1_centroided_1b99176c\mspack\QC_E4804_240320_DDA_293T_500ng_120min_R1_centroided.mgz
QC_E4804_240320_DDA_293T_500ng_120min_R1_centroided.mzML,<MSCODEC_ROOT>\benchmark\data_full8\QC_E4804_240320_DDA_293T_500ng_120min_R1_centroided.mzML,masscomp,MassComp,ok,1728406976,390122465,4.430421549807443,0.22571215600092556,2089.391589900013,"Elapsed time includes mzML to mzXML conversion with 64-bit m/z, 32-bit intensity, and 64-bit rt. masscomp.cmd uses the 64-bit-safe MassComp build when available, so >2GB mzXML files do not trigger the original tinyxml2 file-length overflow.",<MSCODEC_ROOT>\masscomp_mz64int32_w10_20260522_run3\QC_E4804_240320_DDA_293T_500ng_120min_R1_centroided_1b99176c\masscomp,<MSCODEC_ROOT>\masscomp_mz64int32_w10_20260522_run3\QC_E4804_240320_DDA_293T_500ng_120min_R1_centroided_1b99176c\masscomp\QC_E4804_240320_DDA_293T_500ng_120min_R1_centroided.masscomp
QC_E4804_240320_DDA_293T_500ng_120min_R1_centroided.mzML,<MSCODEC_ROOT>\benchmark\data_full8\QC_E4804_240320_DDA_293T_500ng_120min_R1_centroided.mzML,airdpro,airdpro-compress,ok,1728406976,342159903,5.051459743954861,0.19796257927160785,113.81173709995346,,<MSCODEC_ROOT>\benchmark\compression_benchmark_runs\full8_except_jc_all_methods_w4_20260520\QC_E4804_240320_DDA_293T_500ng_120min_R1_centroided_1b99176c\airdpro,<MSCODEC_ROOT>\benchmark\compression_benchmark_runs\full8_except_jc_all_methods_w4_20260520\QC_E4804_240320_DDA_293T_500ng_120min_R1_centroided_1b99176c\airdpro\QC_E4804_240320_DDA_293T_500ng_120min_R1_centroided.aird; <MSCODEC_ROOT>\benchmark\compression_benchmark_runs\full8_except_jc_all_methods_w4_20260520\QC_E4804_240320_DDA_293T_500ng_120min_R1_centroided_1b99176c\airdpro\QC_E4804_240320_DDA_293T_500ng_120min_R1_centroided.json
QC_E4804_240320_DDA_293T_500ng_120min_R1_centroided.mzML,<MSCODEC_ROOT>\benchmark\data_full8\QC_E4804_240320_DDA_293T_500ng_120min_R1_centroided.mzML,zdpd,ZDPD wrapper,ok,1728406976,381148159,4.534737831437354,0.2205199147495225,104.78442989999894,zdpd.cmd calls airdpro-compress.cmd; config used: ZDPD.,<MSCODEC_ROOT>\benchmark\compression_benchmark_runs\full8_except_jc_all_methods_w4_20260520\QC_E4804_240320_DDA_293T_500ng_120min_R1_centroided_1b99176c\zdpd,<MSCODEC_ROOT>\benchmark\compression_benchmark_runs\full8_except_jc_all_methods_w4_20260520\QC_E4804_240320_DDA_293T_500ng_120min_R1_centroided_1b99176c\zdpd\QC_E4804_240320_DDA_293T_500ng_120min_R1_centroided_with_zero_ZDPD.aird; <MSCODEC_ROOT>\benchmark\compression_benchmark_runs\full8_except_jc_all_methods_w4_20260520\QC_E4804_240320_DDA_293T_500ng_120min_R1_centroided_1b99176c\zdpd\QC_E4804_240320_DDA_293T_500ng_120min_R1_centroided_with_zero_ZDPD.json
QC_E4804_240320_DDA_293T_500ng_120min_R1_centroided.mzML,<MSCODEC_ROOT>\benchmark\data_full8\QC_E4804_240320_DDA_293T_500ng_120min_R1_centroided.mzML,stackzdpd,StackZDPD wrapper,error,1728406976,,,,46.15953199996147,AirdPro wrapper returned a non-zero exit code.,<MSCODEC_ROOT>\benchmark\compression_benchmark_runs\full8_except_jc_all_methods_w4_20260520\QC_E4804_240320_DDA_293T_500ng_120min_R1_centroided_1b99176c\stackzdpd,
QC_E4804_240320_DDA_293T_500ng_120min_R1_centroided.mzML,<MSCODEC_ROOT>\benchmark\data_full8\QC_E4804_240320_DDA_293T_500ng_120min_R1_centroided.mzML,trackcodec,TrackCodec,ok,1728406976,280410399,6.163847639616247,0.16223632679899574,1047.1602400999982,Stats JSON: <MSCODEC_ROOT>\benchmark\compression_benchmark_runs\full8_except_jc_all_methods_w4_20260520\QC_E4804_240320_DDA_293T_500ng_120min_R1_centroided_1b99176c\trackcodec\QC_E4804_240320_DDA_293T_500ng_120min_R1_centroided.stats.json,<MSCODEC_ROOT>\benchmark\compression_benchmark_runs\full8_except_jc_all_methods_w4_20260520\QC_E4804_240320_DDA_293T_500ng_120min_R1_centroided_1b99176c\trackcodec,<MSCODEC_ROOT>\benchmark\compression_benchmark_runs\full8_except_jc_all_methods_w4_20260520\QC_E4804_240320_DDA_293T_500ng_120min_R1_centroided_1b99176c\trackcodec\QC_E4804_240320_DDA_293T_500ng_120min_R1_centroided.tcarchive
QC_E4804_240403_DDA_293T_500ng_120min_R2.mzML,<MSCODEC_ROOT>\benchmark\data_full8\QC_E4804_240403_DDA_293T_500ng_120min_R2.mzML,msconvert_zlib,msconvert zlib,ok,3320098881,3187738461,1.0415217313526024,0.9601335909730093,299.3678027000278,,<MSCODEC_ROOT>\benchmark\compression_benchmark_runs\full8_except_jc_all_methods_w4_20260520\QC_E4804_240403_DDA_293T_500ng_120min_R2_5cb2fc36\msconvert_zlib,<MSCODEC_ROOT>\benchmark\compression_benchmark_runs\full8_except_jc_all_methods_w4_20260520\QC_E4804_240403_DDA_293T_500ng_120min_R2_5cb2fc36\msconvert_zlib\msconvert.stderr.log; <MSCODEC_ROOT>\benchmark\compression_benchmark_runs\full8_except_jc_all_methods_w4_20260520\QC_E4804_240403_DDA_293T_500ng_120min_R2_5cb2fc36\msconvert_zlib\msconvert.stdout.log; <MSCODEC_ROOT>\benchmark\compression_benchmark_runs\full8_except_jc_all_methods_w4_20260520\QC_E4804_240403_DDA_293T_500ng_120min_R2_5cb2fc36\msconvert_zlib\QC_E4804_240403_DDA_293T_500ng_120min_R2.mzML
QC_E4804_240403_DDA_293T_500ng_120min_R2.mzML,<MSCODEC_ROOT>\benchmark\data_full8\QC_E4804_240403_DDA_293T_500ng_120min_R2.mzML,msconvert_gzip,msconvert gzip,ok,3320098881,1869716854,1.775722818081844,0.5631509545392964,484.23735950002447,,<MSCODEC_ROOT>\benchmark\compression_benchmark_runs\full8_except_jc_all_methods_w4_20260520\QC_E4804_240403_DDA_293T_500ng_120min_R2_5cb2fc36\msconvert_gzip,<MSCODEC_ROOT>\benchmark\compression_benchmark_runs\full8_except_jc_all_methods_w4_20260520\QC_E4804_240403_DDA_293T_500ng_120min_R2_5cb2fc36\msconvert_gzip\msconvert.stderr.log; <MSCODEC_ROOT>\benchmark\compression_benchmark_runs\full8_except_jc_all_methods_w4_20260520\QC_E4804_240403_DDA_293T_500ng_120min_R2_5cb2fc36\msconvert_gzip\msconvert.stdout.log; <MSCODEC_ROOT>\benchmark\compression_benchmark_runs\full8_except_jc_all_methods_w4_20260520\QC_E4804_240403_DDA_293T_500ng_120min_R2_5cb2fc36\msconvert_gzip\QC_E4804_240403_DDA_293T_500ng_120min_R2.mzML.gz
QC_E4804_240403_DDA_293T_500ng_120min_R2.mzML,<MSCODEC_ROOT>\benchmark\data_full8\QC_E4804_240403_DDA_293T_500ng_120min_R2.mzML,msconvert_numpress,msconvert numpressAll+zlib,ok,3320098881,1812116407,1.8321664481237712,0.5458019390236347,178.21228169999085,,<MSCODEC_ROOT>\benchmark\compression_benchmark_runs\full8_except_jc_all_methods_w4_20260520\QC_E4804_240403_DDA_293T_500ng_120min_R2_5cb2fc36\msconvert_numpress,<MSCODEC_ROOT>\benchmark\compression_benchmark_runs\full8_except_jc_all_methods_w4_20260520\QC_E4804_240403_DDA_293T_500ng_120min_R2_5cb2fc36\msconvert_numpress\msconvert.stderr.log; <MSCODEC_ROOT>\benchmark\compression_benchmark_runs\full8_except_jc_all_methods_w4_20260520\QC_E4804_240403_DDA_293T_500ng_120min_R2_5cb2fc36\msconvert_numpress\msconvert.stdout.log; <MSCODEC_ROOT>\benchmark\compression_benchmark_runs\full8_except_jc_all_methods_w4_20260520\QC_E4804_240403_DDA_293T_500ng_120min_R2_5cb2fc36\msconvert_numpress\QC_E4804_240403_DDA_293T_500ng_120min_R2.mzML
QC_E4804_240403_DDA_293T_500ng_120min_R2.mzML,<MSCODEC_ROOT>\benchmark\data_full8\QC_E4804_240403_DDA_293T_500ng_120min_R2.mzML,mspack,mspack,ok,3320098881,958539638,3.463705359047447,0.28870815971339137,5357.240194199956,"Elapsed time includes msconvert normalization to uncompressed, non-indexed mzML with 64-bit m/z, 32-bit intensity, and 64-bit rt; mspack cannot read zlib-compressed binary arrays.",<MSCODEC_ROOT>\mspack_fix64_20files_20260523\QC_E4804_240403_DDA_293T_500ng_120min_R2_5cb2fc36\mspack,<MSCODEC_ROOT>\mspack_fix64_20files_20260523\QC_E4804_240403_DDA_293T_500ng_120min_R2_5cb2fc36\mspack\QC_E4804_240403_DDA_293T_500ng_120min_R2.mgz
QC_E4804_240403_DDA_293T_500ng_120min_R2.mzML,<MSCODEC_ROOT>\benchmark\data_full8\QC_E4804_240403_DDA_293T_500ng_120min_R2.mzML,masscomp,MassComp,ok,3320098881,1527075483,2.174155055176143,0.4599487960250302,5621.872387500014,"Elapsed time includes mzML to mzXML conversion with 64-bit m/z, 32-bit intensity, and 64-bit rt. masscomp.cmd uses the 64-bit-safe MassComp build when available, so >2GB mzXML files do not trigger the original tinyxml2 file-length overflow.",<MSCODEC_ROOT>\masscomp_mz64int32_w10_20260522_run3\QC_E4804_240403_DDA_293T_500ng_120min_R2_5cb2fc36\masscomp,<MSCODEC_ROOT>\masscomp_mz64int32_w10_20260522_run3\QC_E4804_240403_DDA_293T_500ng_120min_R2_5cb2fc36\masscomp\QC_E4804_240403_DDA_293T_500ng_120min_R2.masscomp
QC_E4804_240403_DDA_293T_500ng_120min_R2.mzML,<MSCODEC_ROOT>\benchmark\data_full8\QC_E4804_240403_DDA_293T_500ng_120min_R2.mzML,airdpro,airdpro-compress,ok,3320098881,723917153,4.586296742992081,0.21804084123601739,158.5041209999472,,<MSCODEC_ROOT>\benchmark\compression_benchmark_runs\full8_except_jc_all_methods_w4_20260520\QC_E4804_240403_DDA_293T_500ng_120min_R2_5cb2fc36\airdpro,<MSCODEC_ROOT>\benchmark\compression_benchmark_runs\full8_except_jc_all_methods_w4_20260520\QC_E4804_240403_DDA_293T_500ng_120min_R2_5cb2fc36\airdpro\QC_E4804_240403_DDA_293T_500ng_120min_R2.aird; <MSCODEC_ROOT>\benchmark\compression_benchmark_runs\full8_except_jc_all_methods_w4_20260520\QC_E4804_240403_DDA_293T_500ng_120min_R2_5cb2fc36\airdpro\QC_E4804_240403_DDA_293T_500ng_120min_R2.json
QC_E4804_240403_DDA_293T_500ng_120min_R2.mzML,<MSCODEC_ROOT>\benchmark\data_full8\QC_E4804_240403_DDA_293T_500ng_120min_R2.mzML,zdpd,ZDPD wrapper,ok,3320098881,772847684,4.295929132913077,0.23277851404450384,181.18580849998398,zdpd.cmd calls airdpro-compress.cmd; config used: ZDPD.,<MSCODEC_ROOT>\benchmark\compression_benchmark_runs\full8_except_jc_all_methods_w4_20260520\QC_E4804_240403_DDA_293T_500ng_120min_R2_5cb2fc36\zdpd,<MSCODEC_ROOT>\benchmark\compression_benchmark_runs\full8_except_jc_all_methods_w4_20260520\QC_E4804_240403_DDA_293T_500ng_120min_R2_5cb2fc36\zdpd\QC_E4804_240403_DDA_293T_500ng_120min_R2_with_zero_ZDPD.aird; <MSCODEC_ROOT>\benchmark\compression_benchmark_runs\full8_except_jc_all_methods_w4_20260520\QC_E4804_240403_DDA_293T_500ng_120min_R2_5cb2fc36\zdpd\QC_E4804_240403_DDA_293T_500ng_120min_R2_with_zero_ZDPD.json
QC_E4804_240403_DDA_293T_500ng_120min_R2.mzML,<MSCODEC_ROOT>\benchmark\data_full8\QC_E4804_240403_DDA_293T_500ng_120min_R2.mzML,stackzdpd,StackZDPD wrapper,error,3320098881,,,,121.1634611999616,AirdPro wrapper returned a non-zero exit code.,<MSCODEC_ROOT>\benchmark\compression_benchmark_runs\full8_except_jc_all_methods_w4_20260520\QC_E4804_240403_DDA_293T_500ng_120min_R2_5cb2fc36\stackzdpd,
QC_E4804_240403_DDA_293T_500ng_120min_R2.mzML,<MSCODEC_ROOT>\benchmark\data_full8\QC_E4804_240403_DDA_293T_500ng_120min_R2.mzML,trackcodec,TrackCodec,ok,3320098881,622619053,5.332472344048232,0.18753027404185918,571.9017706000013,Stats JSON: <MSCODEC_ROOT>\benchmark\compression_benchmark_runs\full8_except_jc_all_methods_w4_20260520\QC_E4804_240403_DDA_293T_500ng_120min_R2_5cb2fc36\trackcodec\QC_E4804_240403_DDA_293T_500ng_120min_R2.stats.json,<MSCODEC_ROOT>\benchmark\compression_benchmark_runs\full8_except_jc_all_methods_w4_20260520\QC_E4804_240403_DDA_293T_500ng_120min_R2_5cb2fc36\trackcodec,<MSCODEC_ROOT>\benchmark\compression_benchmark_runs\full8_except_jc_all_methods_w4_20260520\QC_E4804_240403_DDA_293T_500ng_120min_R2_5cb2fc36\trackcodec\QC_E4804_240403_DDA_293T_500ng_120min_R2.tcarchive
QC_E4805_240328_DDA_293T_1ug_60min_NewCol_R2.mzML,<MSCODEC_ROOT>\benchmark\data_full8\QC_E4805_240328_DDA_293T_1ug_60min_NewCol_R2.mzML,msconvert_zlib,msconvert zlib,ok,1903634844,1812920321,1.0500377881748064,0.952346678625935,147.03156520001357,,<MSCODEC_ROOT>\benchmark\compression_benchmark_runs\full8_except_jc_all_methods_w4_20260520\QC_E4805_240328_DDA_293T_1ug_60min_NewCol_R2_e68f86f6\msconvert_zlib,<MSCODEC_ROOT>\benchmark\compression_benchmark_runs\full8_except_jc_all_methods_w4_20260520\QC_E4805_240328_DDA_293T_1ug_60min_NewCol_R2_e68f86f6\msconvert_zlib\msconvert.stderr.log; <MSCODEC_ROOT>\benchmark\compression_benchmark_runs\full8_except_jc_all_methods_w4_20260520\QC_E4805_240328_DDA_293T_1ug_60min_NewCol_R2_e68f86f6\msconvert_zlib\msconvert.stdout.log; <MSCODEC_ROOT>\benchmark\compression_benchmark_runs\full8_except_jc_all_methods_w4_20260520\QC_E4805_240328_DDA_293T_1ug_60min_NewCol_R2_e68f86f6\msconvert_zlib\QC_E4805_240328_DDA_293T_1ug_60min_NewCol_R2.mzML
QC_E4805_240328_DDA_293T_1ug_60min_NewCol_R2.mzML,<MSCODEC_ROOT>\benchmark\data_full8\QC_E4805_240328_DDA_293T_1ug_60min_NewCol_R2.mzML,msconvert_gzip,msconvert gzip,ok,1903634844,1130670449,1.6836336756511445,0.593953432069034,277.66829950001556,,<MSCODEC_ROOT>\benchmark\compression_benchmark_runs\full8_except_jc_all_methods_w4_20260520\QC_E4805_240328_DDA_293T_1ug_60min_NewCol_R2_e68f86f6\msconvert_gzip,<MSCODEC_ROOT>\benchmark\compression_benchmark_runs\full8_except_jc_all_methods_w4_20260520\QC_E4805_240328_DDA_293T_1ug_60min_NewCol_R2_e68f86f6\msconvert_gzip\msconvert.stderr.log; <MSCODEC_ROOT>\benchmark\compression_benchmark_runs\full8_except_jc_all_methods_w4_20260520\QC_E4805_240328_DDA_293T_1ug_60min_NewCol_R2_e68f86f6\msconvert_gzip\msconvert.stdout.log; <MSCODEC_ROOT>\benchmark\compression_benchmark_runs\full8_except_jc_all_methods_w4_20260520\QC_E4805_240328_DDA_293T_1ug_60min_NewCol_R2_e68f86f6\msconvert_gzip\QC_E4805_240328_DDA_293T_1ug_60min_NewCol_R2.mzML.gz
QC_E4805_240328_DDA_293T_1ug_60min_NewCol_R2.mzML,<MSCODEC_ROOT>\benchmark\data_full8\QC_E4805_240328_DDA_293T_1ug_60min_NewCol_R2.mzML,msconvert_numpress,msconvert numpressAll+zlib,ok,1903634844,1076395609,1.768527136382995,0.5654422708181948,96.2762522000121,,<MSCODEC_ROOT>\benchmark\compression_benchmark_runs\full8_except_jc_all_methods_w4_20260520\QC_E4805_240328_DDA_293T_1ug_60min_NewCol_R2_e68f86f6\msconvert_numpress,<MSCODEC_ROOT>\benchmark\compression_benchmark_runs\full8_except_jc_all_methods_w4_20260520\QC_E4805_240328_DDA_293T_1ug_60min_NewCol_R2_e68f86f6\msconvert_numpress\msconvert.stderr.log; <MSCODEC_ROOT>\benchmark\compression_benchmark_runs\full8_except_jc_all_methods_w4_20260520\QC_E4805_240328_DDA_293T_1ug_60min_NewCol_R2_e68f86f6\msconvert_numpress\msconvert.stdout.log; <MSCODEC_ROOT>\benchmark\compression_benchmark_runs\full8_except_jc_all_methods_w4_20260520\QC_E4805_240328_DDA_293T_1ug_60min_NewCol_R2_e68f86f6\msconvert_numpress\QC_E4805_240328_DDA_293T_1ug_60min_NewCol_R2.mzML
QC_E4805_240328_DDA_293T_1ug_60min_NewCol_R2.mzML,<MSCODEC_ROOT>\benchmark\data_full8\QC_E4805_240328_DDA_293T_1ug_60min_NewCol_R2.mzML,mspack,mspack,ok,1903634844,593787399,3.205919908718036,0.311922951437634,471.2237688000314,"Elapsed time includes msconvert normalization to uncompressed, non-indexed mzML with 64-bit m/z, 32-bit intensity, and 64-bit rt; mspack cannot read zlib-compressed binary arrays.",<MSCODEC_ROOT>\mspack_fix64_20files_20260523\QC_E4805_240328_DDA_293T_1ug_60min_NewCol_R2_e68f86f6\mspack,<MSCODEC_ROOT>\mspack_fix64_20files_20260523\QC_E4805_240328_DDA_293T_1ug_60min_NewCol_R2_e68f86f6\mspack\QC_E4805_240328_DDA_293T_1ug_60min_NewCol_R2.mgz
QC_E4805_240328_DDA_293T_1ug_60min_NewCol_R2.mzML,<MSCODEC_ROOT>\benchmark\data_full8\QC_E4805_240328_DDA_293T_1ug_60min_NewCol_R2.mzML,masscomp,MassComp,ok,1903634844,921801470,2.0651245479137716,0.4842322953403557,3958.9416105999844,"Elapsed time includes mzML to mzXML conversion with 64-bit m/z, 32-bit intensity, and 64-bit rt. masscomp.cmd uses the 64-bit-safe MassComp build when available, so >2GB mzXML files do not trigger the original tinyxml2 file-length overflow.",<MSCODEC_ROOT>\masscomp_mz64int32_w10_20260522_run3\QC_E4805_240328_DDA_293T_1ug_60min_NewCol_R2_e68f86f6\masscomp,<MSCODEC_ROOT>\masscomp_mz64int32_w10_20260522_run3\QC_E4805_240328_DDA_293T_1ug_60min_NewCol_R2_e68f86f6\masscomp\QC_E4805_240328_DDA_293T_1ug_60min_NewCol_R2.masscomp
QC_E4805_240328_DDA_293T_1ug_60min_NewCol_R2.mzML,<MSCODEC_ROOT>\benchmark\data_full8\QC_E4805_240328_DDA_293T_1ug_60min_NewCol_R2.mzML,airdpro,airdpro-compress,ok,1903634844,496152373,3.836794798520494,0.2606342148883255,98.59908469999209,,<MSCODEC_ROOT>\benchmark\compression_benchmark_runs\full8_except_jc_all_methods_w4_20260520\QC_E4805_240328_DDA_293T_1ug_60min_NewCol_R2_e68f86f6\airdpro,<MSCODEC_ROOT>\benchmark\compression_benchmark_runs\full8_except_jc_all_methods_w4_20260520\QC_E4805_240328_DDA_293T_1ug_60min_NewCol_R2_e68f86f6\airdpro\QC_E4805_240328_DDA_293T_1ug_60min_NewCol_R2.aird; <MSCODEC_ROOT>\benchmark\compression_benchmark_runs\full8_except_jc_all_methods_w4_20260520\QC_E4805_240328_DDA_293T_1ug_60min_NewCol_R2_e68f86f6\airdpro\QC_E4805_240328_DDA_293T_1ug_60min_NewCol_R2.json
QC_E4805_240328_DDA_293T_1ug_60min_NewCol_R2.mzML,<MSCODEC_ROOT>\benchmark\data_full8\QC_E4805_240328_DDA_293T_1ug_60min_NewCol_R2.mzML,zdpd,ZDPD wrapper,ok,1903634844,521584033,3.6497184030938308,0.2739937413122913,103.33374729997013,zdpd.cmd calls airdpro-compress.cmd; config used: ZDPD.,<MSCODEC_ROOT>\benchmark\compression_benchmark_runs\full8_except_jc_all_methods_w4_20260520\QC_E4805_240328_DDA_293T_1ug_60min_NewCol_R2_e68f86f6\zdpd,<MSCODEC_ROOT>\benchmark\compression_benchmark_runs\full8_except_jc_all_methods_w4_20260520\QC_E4805_240328_DDA_293T_1ug_60min_NewCol_R2_e68f86f6\zdpd\QC_E4805_240328_DDA_293T_1ug_60min_NewCol_R2_with_zero_ZDPD.aird; <MSCODEC_ROOT>\benchmark\compression_benchmark_runs\full8_except_jc_all_methods_w4_20260520\QC_E4805_240328_DDA_293T_1ug_60min_NewCol_R2_e68f86f6\zdpd\QC_E4805_240328_DDA_293T_1ug_60min_NewCol_R2_with_zero_ZDPD.json
QC_E4805_240328_DDA_293T_1ug_60min_NewCol_R2.mzML,<MSCODEC_ROOT>\benchmark\data_full8\QC_E4805_240328_DDA_293T_1ug_60min_NewCol_R2.mzML,stackzdpd,StackZDPD wrapper,error,1903634844,,,,60.040877200022805,AirdPro wrapper returned a non-zero exit code.,<MSCODEC_ROOT>\benchmark\compression_benchmark_runs\full8_except_jc_all_methods_w4_20260520\QC_E4805_240328_DDA_293T_1ug_60min_NewCol_R2_e68f86f6\stackzdpd,
QC_E4805_240328_DDA_293T_1ug_60min_NewCol_R2.mzML,<MSCODEC_ROOT>\benchmark\data_full8\QC_E4805_240328_DDA_293T_1ug_60min_NewCol_R2.mzML,trackcodec,TrackCodec,ok,1903634844,432113171,4.405408054548747,0.22699372853042818,6699.366750299989,Stats JSON: <MSCODEC_ROOT>\benchmark\compression_benchmark_runs\full8_except_jc_all_methods_w4_20260520\QC_E4805_240328_DDA_293T_1ug_60min_NewCol_R2_e68f86f6\trackcodec\QC_E4805_240328_DDA_293T_1ug_60min_NewCol_R2.stats.json,<MSCODEC_ROOT>\benchmark\compression_benchmark_runs\full8_except_jc_all_methods_w4_20260520\QC_E4805_240328_DDA_293T_1ug_60min_NewCol_R2_e68f86f6\trackcodec,<MSCODEC_ROOT>\benchmark\compression_benchmark_runs\full8_except_jc_all_methods_w4_20260520\QC_E4805_240328_DDA_293T_1ug_60min_NewCol_R2_e68f86f6\trackcodec\QC_E4805_240328_DDA_293T_1ug_60min_NewCol_R2.tcarchive
QC_E4805_240709_DIA_293T_200ng_60min_R1.mzML,<MSCODEC_ROOT>\benchmark\data_full8\QC_E4805_240709_DIA_293T_200ng_60min_R1.mzML,msconvert_zlib,msconvert zlib,ok,1635520601,1546191463,1.0577736587852316,0.9453818325826151,126.05265639995923,,<MSCODEC_ROOT>\benchmark\compression_benchmark_runs\full8_except_jc_all_methods_w4_20260520\QC_E4805_240709_DIA_293T_200ng_60min_R1_629620ee\msconvert_zlib,<MSCODEC_ROOT>\benchmark\compression_benchmark_runs\full8_except_jc_all_methods_w4_20260520\QC_E4805_240709_DIA_293T_200ng_60min_R1_629620ee\msconvert_zlib\msconvert.stderr.log; <MSCODEC_ROOT>\benchmark\compression_benchmark_runs\full8_except_jc_all_methods_w4_20260520\QC_E4805_240709_DIA_293T_200ng_60min_R1_629620ee\msconvert_zlib\msconvert.stdout.log; <MSCODEC_ROOT>\benchmark\compression_benchmark_runs\full8_except_jc_all_methods_w4_20260520\QC_E4805_240709_DIA_293T_200ng_60min_R1_629620ee\msconvert_zlib\QC_E4805_240709_DIA_293T_200ng_60min_R1.mzML
QC_E4805_240709_DIA_293T_200ng_60min_R1.mzML,<MSCODEC_ROOT>\benchmark\data_full8\QC_E4805_240709_DIA_293T_200ng_60min_R1.mzML,msconvert_gzip,msconvert gzip,ok,1635520601,1120105257,1.4601490268695347,0.6848616008353171,236.9056024000165,,<MSCODEC_ROOT>\benchmark\compression_benchmark_runs\full8_except_jc_all_methods_w4_20260520\QC_E4805_240709_DIA_293T_200ng_60min_R1_629620ee\msconvert_gzip,<MSCODEC_ROOT>\benchmark\compression_benchmark_runs\full8_except_jc_all_methods_w4_20260520\QC_E4805_240709_DIA_293T_200ng_60min_R1_629620ee\msconvert_gzip\msconvert.stderr.log; <MSCODEC_ROOT>\benchmark\compression_benchmark_runs\full8_except_jc_all_methods_w4_20260520\QC_E4805_240709_DIA_293T_200ng_60min_R1_629620ee\msconvert_gzip\msconvert.stdout.log; <MSCODEC_ROOT>\benchmark\compression_benchmark_runs\full8_except_jc_all_methods_w4_20260520\QC_E4805_240709_DIA_293T_200ng_60min_R1_629620ee\msconvert_gzip\QC_E4805_240709_DIA_293T_200ng_60min_R1.mzML.gz
QC_E4805_240709_DIA_293T_200ng_60min_R1.mzML,<MSCODEC_ROOT>\benchmark\data_full8\QC_E4805_240709_DIA_293T_200ng_60min_R1.mzML,msconvert_numpress,msconvert numpressAll+zlib,ok,1635520601,796794892,2.0526243546752054,0.4871812018221102,73.34707519999938,,<MSCODEC_ROOT>\benchmark\compression_benchmark_runs\full8_except_jc_all_methods_w4_20260520\QC_E4805_240709_DIA_293T_200ng_60min_R1_629620ee\msconvert_numpress,<MSCODEC_ROOT>\benchmark\compression_benchmark_runs\full8_except_jc_all_methods_w4_20260520\QC_E4805_240709_DIA_293T_200ng_60min_R1_629620ee\msconvert_numpress\msconvert.stderr.log; <MSCODEC_ROOT>\benchmark\compression_benchmark_runs\full8_except_jc_all_methods_w4_20260520\QC_E4805_240709_DIA_293T_200ng_60min_R1_629620ee\msconvert_numpress\msconvert.stdout.log; <MSCODEC_ROOT>\benchmark\compression_benchmark_runs\full8_except_jc_all_methods_w4_20260520\QC_E4805_240709_DIA_293T_200ng_60min_R1_629620ee\msconvert_numpress\QC_E4805_240709_DIA_293T_200ng_60min_R1.mzML
QC_E4805_240709_DIA_293T_200ng_60min_R1.mzML,<MSCODEC_ROOT>\benchmark\data_full8\QC_E4805_240709_DIA_293T_200ng_60min_R1.mzML,mspack,mspack,ok,1635520601,592679992,2.7595340201732337,0.36238002238407757,570.165064400062,"Elapsed time includes msconvert normalization to uncompressed, non-indexed mzML with 64-bit m/z, 32-bit intensity, and 64-bit rt; mspack cannot read zlib-compressed binary arrays.",<MSCODEC_ROOT>\mspack_fix64_20files_20260523\QC_E4805_240709_DIA_293T_200ng_60min_R1_629620ee\mspack,<MSCODEC_ROOT>\mspack_fix64_20files_20260523\QC_E4805_240709_DIA_293T_200ng_60min_R1_629620ee\mspack\QC_E4805_240709_DIA_293T_200ng_60min_R1.mgz
QC_E4805_240709_DIA_293T_200ng_60min_R1.mzML,<MSCODEC_ROOT>\benchmark\data_full8\QC_E4805_240709_DIA_293T_200ng_60min_R1.mzML,masscomp,MassComp,ok,1635520601,894507599,1.828403249819681,0.5469253022267495,4085.9688005000353,"Elapsed time includes mzML to mzXML conversion with 64-bit m/z, 32-bit intensity, and 64-bit rt. masscomp.cmd uses the 64-bit-safe MassComp build when available, so >2GB mzXML files do not trigger the original tinyxml2 file-length overflow.",<MSCODEC_ROOT>\masscomp_mz64int32_w10_20260522_run3\QC_E4805_240709_DIA_293T_200ng_60min_R1_629620ee\masscomp,<MSCODEC_ROOT>\masscomp_mz64int32_w10_20260522_run3\QC_E4805_240709_DIA_293T_200ng_60min_R1_629620ee\masscomp\QC_E4805_240709_DIA_293T_200ng_60min_R1.masscomp
QC_E4805_240709_DIA_293T_200ng_60min_R1.mzML,<MSCODEC_ROOT>\benchmark\data_full8\QC_E4805_240709_DIA_293T_200ng_60min_R1.mzML,airdpro,airdpro-compress,ok,1635520601,442547076,3.6956985814544168,0.27058483746974216,70.92751030001091,,<MSCODEC_ROOT>\benchmark\compression_benchmark_runs\full8_except_jc_all_methods_w4_20260520\QC_E4805_240709_DIA_293T_200ng_60min_R1_629620ee\airdpro,<MSCODEC_ROOT>\benchmark\compression_benchmark_runs\full8_except_jc_all_methods_w4_20260520\QC_E4805_240709_DIA_293T_200ng_60min_R1_629620ee\airdpro\QC_E4805_240709_DIA_293T_200ng_60min_R1.aird; <MSCODEC_ROOT>\benchmark\compression_benchmark_runs\full8_except_jc_all_methods_w4_20260520\QC_E4805_240709_DIA_293T_200ng_60min_R1_629620ee\airdpro\QC_E4805_240709_DIA_293T_200ng_60min_R1.json
QC_E4805_240709_DIA_293T_200ng_60min_R1.mzML,<MSCODEC_ROOT>\benchmark\data_full8\QC_E4805_240709_DIA_293T_200ng_60min_R1.mzML,zdpd,ZDPD wrapper,ok,1635520601,455915713,3.5873310666087965,0.2787587711956922,75.69028680003248,zdpd.cmd calls airdpro-compress.cmd; config used: ZDPD.,<MSCODEC_ROOT>\benchmark\compression_benchmark_runs\full8_except_jc_all_methods_w4_20260520\QC_E4805_240709_DIA_293T_200ng_60min_R1_629620ee\zdpd,<MSCODEC_ROOT>\benchmark\compression_benchmark_runs\full8_except_jc_all_methods_w4_20260520\QC_E4805_240709_DIA_293T_200ng_60min_R1_629620ee\zdpd\QC_E4805_240709_DIA_293T_200ng_60min_R1_with_zero_ZDPD.aird; <MSCODEC_ROOT>\benchmark\compression_benchmark_runs\full8_except_jc_all_methods_w4_20260520\QC_E4805_240709_DIA_293T_200ng_60min_R1_629620ee\zdpd\QC_E4805_240709_DIA_293T_200ng_60min_R1_with_zero_ZDPD.json
QC_E4805_240709_DIA_293T_200ng_60min_R1.mzML,<MSCODEC_ROOT>\benchmark\data_full8\QC_E4805_240709_DIA_293T_200ng_60min_R1.mzML,stackzdpd,StackZDPD wrapper,ok,1635520601,480520173,3.403646075437503,0.2938025804787769,68.57382819999475,stackzdpd.cmd calls airdpro-compress.cmd; config used: StackZDPD.,<MSCODEC_ROOT>\benchmark\compression_benchmark_runs\full8_except_jc_all_methods_w4_20260520\QC_E4805_240709_DIA_293T_200ng_60min_R1_629620ee\stackzdpd,<MSCODEC_ROOT>\benchmark\compression_benchmark_runs\full8_except_jc_all_methods_w4_20260520\QC_E4805_240709_DIA_293T_200ng_60min_R1_629620ee\stackzdpd\QC_E4805_240709_DIA_293T_200ng_60min_R1_with_zero_StackZDPD.aird; <MSCODEC_ROOT>\benchmark\compression_benchmark_runs\full8_except_jc_all_methods_w4_20260520\QC_E4805_240709_DIA_293T_200ng_60min_R1_629620ee\stackzdpd\QC_E4805_240709_DIA_293T_200ng_60min_R1_with_zero_StackZDPD.json
QC_E4805_240709_DIA_293T_200ng_60min_R1.mzML,<MSCODEC_ROOT>\benchmark\data_full8\QC_E4805_240709_DIA_293T_200ng_60min_R1.mzML,trackcodec,TrackCodec,ok,1635520601,383177389,4.268311878392177,0.2342846606552772,1516.3168882000027,Stats JSON: <MSCODEC_ROOT>\benchmark\compression_benchmark_runs\full8_except_jc_all_methods_w4_20260520\QC_E4805_240709_DIA_293T_200ng_60min_R1_629620ee\trackcodec\QC_E4805_240709_DIA_293T_200ng_60min_R1.stats.json,<MSCODEC_ROOT>\benchmark\compression_benchmark_runs\full8_except_jc_all_methods_w4_20260520\QC_E4805_240709_DIA_293T_200ng_60min_R1_629620ee\trackcodec,<MSCODEC_ROOT>\benchmark\compression_benchmark_runs\full8_except_jc_all_methods_w4_20260520\QC_E4805_240709_DIA_293T_200ng_60min_R1_629620ee\trackcodec\QC_E4805_240709_DIA_293T_200ng_60min_R1.tcarchive
QC_E4806_240522_DDA_293T_500ng_120min_R1.true_uncompressed.mzML,<MSCODEC_ROOT>\benchmark\data_full8\QC_E4806_240522_DDA_293T_500ng_120min_R1.true_uncompressed.mzML,msconvert_zlib,msconvert zlib,ok,5279873771,3603324090,1.4652786258257442,0.6824640599916342,1053.5399822000181,,<MSCODEC_ROOT>\benchmark\compression_benchmark_runs\full8_new15_all_methods_w8_size_desc_20260523\QC_E4806_240522_DDA_293T_500ng_120min_R1.true_uncompressed_1222119e\msconvert_zlib,<MSCODEC_ROOT>\benchmark\compression_benchmark_runs\full8_new15_all_methods_w8_size_desc_20260523\QC_E4806_240522_DDA_293T_500ng_120min_R1.true_uncompressed_1222119e\msconvert_zlib\msconvert.stderr.log; <MSCODEC_ROOT>\benchmark\compression_benchmark_runs\full8_new15_all_methods_w8_size_desc_20260523\QC_E4806_240522_DDA_293T_500ng_120min_R1.true_uncompressed_1222119e\msconvert_zlib\msconvert.stdout.log; <MSCODEC_ROOT>\benchmark\compression_benchmark_runs\full8_new15_all_methods_w8_size_desc_20260523\QC_E4806_240522_DDA_293T_500ng_120min_R1.true_uncompressed_1222119e\msconvert_zlib\QC_E4806_240522_DDA_293T_500ng_120min_R1.mzML
QC_E4806_240522_DDA_293T_500ng_120min_R1.true_uncompressed.mzML,<MSCODEC_ROOT>\benchmark\data_full8\QC_E4806_240522_DDA_293T_500ng_120min_R1.true_uncompressed.mzML,msconvert_gzip,msconvert gzip,ok,5279873771,2847307005,1.854339472957536,0.5392755828063527,595.6950829999987,,<MSCODEC_ROOT>\benchmark\compression_benchmark_runs\full8_new15_all_methods_w8_size_desc_20260523\QC_E4806_240522_DDA_293T_500ng_120min_R1.true_uncompressed_1222119e\msconvert_gzip,<MSCODEC_ROOT>\benchmark\compression_benchmark_runs\full8_new15_all_methods_w8_size_desc_20260523\QC_E4806_240522_DDA_293T_500ng_120min_R1.true_uncompressed_1222119e\msconvert_gzip\msconvert.stderr.log; <MSCODEC_ROOT>\benchmark\compression_benchmark_runs\full8_new15_all_methods_w8_size_desc_20260523\QC_E4806_240522_DDA_293T_500ng_120min_R1.true_uncompressed_1222119e\msconvert_gzip\msconvert.stdout.log; <MSCODEC_ROOT>\benchmark\compression_benchmark_runs\full8_new15_all_methods_w8_size_desc_20260523\QC_E4806_240522_DDA_293T_500ng_120min_R1.true_uncompressed_1222119e\msconvert_gzip\QC_E4806_240522_DDA_293T_500ng_120min_R1.mzML.gz
QC_E4806_240522_DDA_293T_500ng_120min_R1.true_uncompressed.mzML,<MSCODEC_ROOT>\benchmark\data_full8\QC_E4806_240522_DDA_293T_500ng_120min_R1.true_uncompressed.mzML,msconvert_numpress,msconvert numpressAll+zlib,ok,5279873771,1164378121,4.534501014554876,0.22053143152690724,421.8078147000633,,<MSCODEC_ROOT>\benchmark\compression_benchmark_runs\full8_new15_all_methods_w8_size_desc_20260523\QC_E4806_240522_DDA_293T_500ng_120min_R1.true_uncompressed_1222119e\msconvert_numpress,<MSCODEC_ROOT>\benchmark\compression_benchmark_runs\full8_new15_all_methods_w8_size_desc_20260523\QC_E4806_240522_DDA_293T_500ng_120min_R1.true_uncompressed_1222119e\msconvert_numpress\msconvert.stderr.log; <MSCODEC_ROOT>\benchmark\compression_benchmark_runs\full8_new15_all_methods_w8_size_desc_20260523\QC_E4806_240522_DDA_293T_500ng_120min_R1.true_uncompressed_1222119e\msconvert_numpress\msconvert.stdout.log; <MSCODEC_ROOT>\benchmark\compression_benchmark_runs\full8_new15_all_methods_w8_size_desc_20260523\QC_E4806_240522_DDA_293T_500ng_120min_R1.true_uncompressed_1222119e\msconvert_numpress\QC_E4806_240522_DDA_293T_500ng_120min_R1.mzML
QC_E4806_240522_DDA_293T_500ng_120min_R1.true_uncompressed.mzML,<MSCODEC_ROOT>\benchmark\data_full8\QC_E4806_240522_DDA_293T_500ng_120min_R1.true_uncompressed.mzML,mspack,mspack,ok,5279873771,1197020207,4.410847653301144,0.22671379258623567,1788.809475200018,"Elapsed time includes msconvert normalization to uncompressed, non-indexed mzML with 64-bit m/z, 32-bit intensity, and 64-bit rt; mspack cannot read zlib-compressed binary arrays.",<MSCODEC_ROOT>\benchmark\compression_benchmark_runs\full8_new15_all_methods_w8_size_desc_20260523\QC_E4806_240522_DDA_293T_500ng_120min_R1.true_uncompressed_1222119e\mspack,<MSCODEC_ROOT>\benchmark\compression_benchmark_runs\full8_new15_all_methods_w8_size_desc_20260523\QC_E4806_240522_DDA_293T_500ng_120min_R1.true_uncompressed_1222119e\mspack\QC_E4806_240522_DDA_293T_500ng_120min_R1.true_uncompressed.mgz
QC_E4806_240522_DDA_293T_500ng_120min_R1.true_uncompressed.mzML,<MSCODEC_ROOT>\benchmark\data_full8\QC_E4806_240522_DDA_293T_500ng_120min_R1.true_uncompressed.mzML,masscomp,MassComp,ok,5279873771,2356904645,2.240172839491349,0.44639412744021073,1044.932811299921,"Elapsed time includes mzML to mzXML conversion with 64-bit m/z, 32-bit intensity, and 64-bit rt. masscomp.cmd uses the 64-bit-safe MassComp build when available, so >2GB mzXML files do not trigger the original tinyxml2 file-length overflow.",<MSCODEC_ROOT>\benchmark\compression_benchmark_runs\full8_new15_all_methods_w8_size_desc_20260523\QC_E4806_240522_DDA_293T_500ng_120min_R1.true_uncompressed_1222119e\masscomp,<MSCODEC_ROOT>\benchmark\compression_benchmark_runs\full8_new15_all_methods_w8_size_desc_20260523\QC_E4806_240522_DDA_293T_500ng_120min_R1.true_uncompressed_1222119e\masscomp\QC_E4806_240522_DDA_293T_500ng_120min_R1.true_uncompressed.masscomp
QC_E4806_240522_DDA_293T_500ng_120min_R1.true_uncompressed.mzML,<MSCODEC_ROOT>\benchmark\data_full8\QC_E4806_240522_DDA_293T_500ng_120min_R1.true_uncompressed.mzML,airdpro,airdpro-compress,ok,5279873771,763976378,6.911043224689861,0.14469595508062763,195.20928780001123,,<MSCODEC_ROOT>\benchmark\compression_benchmark_runs\full8_new15_all_methods_w8_size_desc_20260523\QC_E4806_240522_DDA_293T_500ng_120min_R1.true_uncompressed_1222119e\airdpro,<MSCODEC_ROOT>\benchmark\compression_benchmark_runs\full8_new15_all_methods_w8_size_desc_20260523\QC_E4806_240522_DDA_293T_500ng_120min_R1.true_uncompressed_1222119e\airdpro\QC_E4806_240522_DDA_293T_500ng_120min_R1.true_uncompressed.aird; <MSCODEC_ROOT>\benchmark\compression_benchmark_runs\full8_new15_all_methods_w8_size_desc_20260523\QC_E4806_240522_DDA_293T_500ng_120min_R1.true_uncompressed_1222119e\airdpro\QC_E4806_240522_DDA_293T_500ng_120min_R1.true_uncompressed.json
QC_E4806_240522_DDA_293T_500ng_120min_R1.true_uncompressed.mzML,<MSCODEC_ROOT>\benchmark\data_full8\QC_E4806_240522_DDA_293T_500ng_120min_R1.true_uncompressed.mzML,zdpd,ZDPD wrapper,ok,5279873771,765129569,6.9006270113186545,0.14491436768858312,161.6457354000304,zdpd.cmd calls airdpro-compress.cmd; config used: ZDPD.,<MSCODEC_ROOT>\benchmark\compression_benchmark_runs\full8_new15_all_methods_w8_size_desc_20260523\QC_E4806_240522_DDA_293T_500ng_120min_R1.true_uncompressed_1222119e\zdpd,<MSCODEC_ROOT>\benchmark\compression_benchmark_runs\full8_new15_all_methods_w8_size_desc_20260523\QC_E4806_240522_DDA_293T_500ng_120min_R1.true_uncompressed_1222119e\zdpd\QC_E4806_240522_DDA_293T_500ng_120min_R1.true_uncompressed_with_zero_ZDPD.aird; <MSCODEC_ROOT>\benchmark\compression_benchmark_runs\full8_new15_all_methods_w8_size_desc_20260523\QC_E4806_240522_DDA_293T_500ng_120min_R1.true_uncompressed_1222119e\zdpd\QC_E4806_240522_DDA_293T_500ng_120min_R1.true_uncompressed_with_zero_ZDPD.json
QC_E4806_240522_DDA_293T_500ng_120min_R1.true_uncompressed.mzML,<MSCODEC_ROOT>\benchmark\data_full8\QC_E4806_240522_DDA_293T_500ng_120min_R1.true_uncompressed.mzML,stackzdpd,StackZDPD wrapper,error,5279873771,,,,120.86489760002587,AirdPro wrapper returned a non-zero exit code.,<MSCODEC_ROOT>\benchmark\compression_benchmark_runs\full8_new15_all_methods_w8_size_desc_20260523\QC_E4806_240522_DDA_293T_500ng_120min_R1.true_uncompressed_1222119e\stackzdpd,
QC_E4806_240522_DDA_293T_500ng_120min_R1.true_uncompressed.mzML,<MSCODEC_ROOT>\benchmark\data_full8\QC_E4806_240522_DDA_293T_500ng_120min_R1.true_uncompressed.mzML,trackcodec,TrackCodec,ok,5279873771,627833897,8.40966662715887,0.11891077783874542,3470.9086595999543,Stats JSON: <MSCODEC_ROOT>\benchmark\compression_benchmark_runs\full8_new15_all_methods_w8_size_desc_20260523\QC_E4806_240522_DDA_293T_500ng_120min_R1.true_uncompressed_1222119e\trackcodec\QC_E4806_240522_DDA_293T_500ng_120min_R1.true_uncompressed.stats.json,<MSCODEC_ROOT>\benchmark\compression_benchmark_runs\full8_new15_all_methods_w8_size_desc_20260523\QC_E4806_240522_DDA_293T_500ng_120min_R1.true_uncompressed_1222119e\trackcodec,<MSCODEC_ROOT>\benchmark\compression_benchmark_runs\full8_new15_all_methods_w8_size_desc_20260523\QC_E4806_240522_DDA_293T_500ng_120min_R1.true_uncompressed_1222119e\trackcodec\QC_E4806_240522_DDA_293T_500ng_120min_R1.true_uncompressed.tcarchive
QC_E4804_240429_DDA_293T_500ng_120min_R1.true_uncompressed.mzML,<MSCODEC_ROOT>\benchmark\data_full8\QC_E4804_240429_DDA_293T_500ng_120min_R1.true_uncompressed.mzML,msconvert_zlib,msconvert zlib,ok,4479534395,3287844520,1.3624532327337668,0.733970147359478,917.8573490000563,,<MSCODEC_ROOT>\benchmark\compression_benchmark_runs\full8_new15_all_methods_w8_size_desc_20260523\QC_E4804_240429_DDA_293T_500ng_120min_R1.true_uncompressed_7d97225d\msconvert_zlib,<MSCODEC_ROOT>\benchmark\compression_benchmark_runs\full8_new15_all_methods_w8_size_desc_20260523\QC_E4804_240429_DDA_293T_500ng_120min_R1.true_uncompressed_7d97225d\msconvert_zlib\msconvert.stderr.log; <MSCODEC_ROOT>\benchmark\compression_benchmark_runs\full8_new15_all_methods_w8_size_desc_20260523\QC_E4804_240429_DDA_293T_500ng_120min_R1.true_uncompressed_7d97225d\msconvert_zlib\msconvert.stdout.log; <MSCODEC_ROOT>\benchmark\compression_benchmark_runs\full8_new15_all_methods_w8_size_desc_20260523\QC_E4804_240429_DDA_293T_500ng_120min_R1.true_uncompressed_7d97225d\msconvert_zlib\QC_E4804_240429_DDA_293T_500ng_120min_R1.mzML
QC_E4804_240429_DDA_293T_500ng_120min_R1.true_uncompressed.mzML,<MSCODEC_ROOT>\benchmark\data_full8\QC_E4804_240429_DDA_293T_500ng_120min_R1.true_uncompressed.mzML,msconvert_gzip,msconvert gzip,ok,4479534395,1993677027,2.2468706487231844,0.4450634488319405,506.9626513000112,,<MSCODEC_ROOT>\benchmark\compression_benchmark_runs\full8_new15_all_methods_w8_size_desc_20260523\QC_E4804_240429_DDA_293T_500ng_120min_R1.true_uncompressed_7d97225d\msconvert_gzip,<MSCODEC_ROOT>\benchmark\compression_benchmark_runs\full8_new15_all_methods_w8_size_desc_20260523\QC_E4804_240429_DDA_293T_500ng_120min_R1.true_uncompressed_7d97225d\msconvert_gzip\msconvert.stderr.log; <MSCODEC_ROOT>\benchmark\compression_benchmark_runs\full8_new15_all_methods_w8_size_desc_20260523\QC_E4804_240429_DDA_293T_500ng_120min_R1.true_uncompressed_7d97225d\msconvert_gzip\msconvert.stdout.log; <MSCODEC_ROOT>\benchmark\compression_benchmark_runs\full8_new15_all_methods_w8_size_desc_20260523\QC_E4804_240429_DDA_293T_500ng_120min_R1.true_uncompressed_7d97225d\msconvert_gzip\QC_E4804_240429_DDA_293T_500ng_120min_R1.mzML.gz
QC_E4804_240429_DDA_293T_500ng_120min_R1.true_uncompressed.mzML,<MSCODEC_ROOT>\benchmark\data_full8\QC_E4804_240429_DDA_293T_500ng_120min_R1.true_uncompressed.mzML,msconvert_numpress,msconvert numpressAll+zlib,ok,4479534395,1881024797,2.381432930679223,0.4199152481337293,377.28566070005763,,<MSCODEC_ROOT>\benchmark\compression_benchmark_runs\full8_new15_all_methods_w8_size_desc_20260523\QC_E4804_240429_DDA_293T_500ng_120min_R1.true_uncompressed_7d97225d\msconvert_numpress,<MSCODEC_ROOT>\benchmark\compression_benchmark_runs\full8_new15_all_methods_w8_size_desc_20260523\QC_E4804_240429_DDA_293T_500ng_120min_R1.true_uncompressed_7d97225d\msconvert_numpress\msconvert.stderr.log; <MSCODEC_ROOT>\benchmark\compression_benchmark_runs\full8_new15_all_methods_w8_size_desc_20260523\QC_E4804_240429_DDA_293T_500ng_120min_R1.true_uncompressed_7d97225d\msconvert_numpress\msconvert.stdout.log; <MSCODEC_ROOT>\benchmark\compression_benchmark_runs\full8_new15_all_methods_w8_size_desc_20260523\QC_E4804_240429_DDA_293T_500ng_120min_R1.true_uncompressed_7d97225d\msconvert_numpress\QC_E4804_240429_DDA_293T_500ng_120min_R1.mzML
QC_E4804_240429_DDA_293T_500ng_120min_R1.true_uncompressed.mzML,<MSCODEC_ROOT>\benchmark\data_full8\QC_E4804_240429_DDA_293T_500ng_120min_R1.true_uncompressed.mzML,mspack,mspack,ok,4479534395,1027025361,4.361658986335392,0.22927056038376506,1312.8939828999573,"Elapsed time includes msconvert normalization to uncompressed, non-indexed mzML with 64-bit m/z, 32-bit intensity, and 64-bit rt; mspack cannot read zlib-compressed binary arrays.",<MSCODEC_ROOT>\benchmark\compression_benchmark_runs\full8_new15_all_methods_w8_size_desc_20260523\QC_E4804_240429_DDA_293T_500ng_120min_R1.true_uncompressed_7d97225d\mspack,<MSCODEC_ROOT>\benchmark\compression_benchmark_runs\full8_new15_all_methods_w8_size_desc_20260523\QC_E4804_240429_DDA_293T_500ng_120min_R1.true_uncompressed_7d97225d\mspack\QC_E4804_240429_DDA_293T_500ng_120min_R1.true_uncompressed.mgz
QC_E4804_240429_DDA_293T_500ng_120min_R1.true_uncompressed.mzML,<MSCODEC_ROOT>\benchmark\data_full8\QC_E4804_240429_DDA_293T_500ng_120min_R1.true_uncompressed.mzML,masscomp,MassComp,ok,4479534395,1627431138,2.7525185492671826,0.3633036370513235,1402.2238073000917,"Elapsed time includes mzML to mzXML conversion with 64-bit m/z, 32-bit intensity, and 64-bit rt. masscomp.cmd uses the 64-bit-safe MassComp build when available, so >2GB mzXML files do not trigger the original tinyxml2 file-length overflow.",<MSCODEC_ROOT>\benchmark\compression_benchmark_runs\full8_new15_all_methods_w8_size_desc_20260523\QC_E4804_240429_DDA_293T_500ng_120min_R1.true_uncompressed_7d97225d\masscomp,<MSCODEC_ROOT>\benchmark\compression_benchmark_runs\full8_new15_all_methods_w8_size_desc_20260523\QC_E4804_240429_DDA_293T_500ng_120min_R1.true_uncompressed_7d97225d\masscomp\QC_E4804_240429_DDA_293T_500ng_120min_R1.true_uncompressed.masscomp
QC_E4804_240429_DDA_293T_500ng_120min_R1.true_uncompressed.mzML,<MSCODEC_ROOT>\benchmark\data_full8\QC_E4804_240429_DDA_293T_500ng_120min_R1.true_uncompressed.mzML,airdpro,airdpro-compress,ok,4479534395,817846262,5.47723282863155,0.18257394404937927,287.1223210999742,,<MSCODEC_ROOT>\benchmark\compression_benchmark_runs\full8_new15_all_methods_w8_size_desc_20260523\QC_E4804_240429_DDA_293T_500ng_120min_R1.true_uncompressed_7d97225d\airdpro,<MSCODEC_ROOT>\benchmark\compression_benchmark_runs\full8_new15_all_methods_w8_size_desc_20260523\QC_E4804_240429_DDA_293T_500ng_120min_R1.true_uncompressed_7d97225d\airdpro\QC_E4804_240429_DDA_293T_500ng_120min_R1.true_uncompressed.aird; <MSCODEC_ROOT>\benchmark\compression_benchmark_runs\full8_new15_all_methods_w8_size_desc_20260523\QC_E4804_240429_DDA_293T_500ng_120min_R1.true_uncompressed_7d97225d\airdpro\QC_E4804_240429_DDA_293T_500ng_120min_R1.true_uncompressed.json
QC_E4804_240429_DDA_293T_500ng_120min_R1.true_uncompressed.mzML,<MSCODEC_ROOT>\benchmark\data_full8\QC_E4804_240429_DDA_293T_500ng_120min_R1.true_uncompressed.mzML,zdpd,ZDPD wrapper,ok,4479534395,826155653,5.422143368181977,0.18442891161236413,282.87199859996326,zdpd.cmd calls airdpro-compress.cmd; config used: ZDPD.,<MSCODEC_ROOT>\benchmark\compression_benchmark_runs\full8_new15_all_methods_w8_size_desc_20260523\QC_E4804_240429_DDA_293T_500ng_120min_R1.true_uncompressed_7d97225d\zdpd,<MSCODEC_ROOT>\benchmark\compression_benchmark_runs\full8_new15_all_methods_w8_size_desc_20260523\QC_E4804_240429_DDA_293T_500ng_120min_R1.true_uncompressed_7d97225d\zdpd\QC_E4804_240429_DDA_293T_500ng_120min_R1.true_uncompressed_with_zero_ZDPD.aird; <MSCODEC_ROOT>\benchmark\compression_benchmark_runs\full8_new15_all_methods_w8_size_desc_20260523\QC_E4804_240429_DDA_293T_500ng_120min_R1.true_uncompressed_7d97225d\zdpd\QC_E4804_240429_DDA_293T_500ng_120min_R1.true_uncompressed_with_zero_ZDPD.json
QC_E4804_240429_DDA_293T_500ng_120min_R1.true_uncompressed.mzML,<MSCODEC_ROOT>\benchmark\data_full8\QC_E4804_240429_DDA_293T_500ng_120min_R1.true_uncompressed.mzML,stackzdpd,StackZDPD wrapper,error,4479534395,,,,121.14543819997925,AirdPro wrapper returned a non-zero exit code.,<MSCODEC_ROOT>\benchmark\compression_benchmark_runs\full8_new15_all_methods_w8_size_desc_20260523\QC_E4804_240429_DDA_293T_500ng_120min_R1.true_uncompressed_7d97225d\stackzdpd,
QC_E4804_240429_DDA_293T_500ng_120min_R1.true_uncompressed.mzML,<MSCODEC_ROOT>\benchmark\data_full8\QC_E4804_240429_DDA_293T_500ng_120min_R1.true_uncompressed.mzML,trackcodec,TrackCodec,ok,4479534395,697929288,6.4183212712517665,0.15580398015896918,3110.3637024000054,Stats JSON: <MSCODEC_ROOT>\benchmark\compression_benchmark_runs\full8_new15_all_methods_w8_size_desc_20260523\QC_E4804_240429_DDA_293T_500ng_120min_R1.true_uncompressed_7d97225d\trackcodec\QC_E4804_240429_DDA_293T_500ng_120min_R1.true_uncompressed.stats.json,<MSCODEC_ROOT>\benchmark\compression_benchmark_runs\full8_new15_all_methods_w8_size_desc_20260523\QC_E4804_240429_DDA_293T_500ng_120min_R1.true_uncompressed_7d97225d\trackcodec,<MSCODEC_ROOT>\benchmark\compression_benchmark_runs\full8_new15_all_methods_w8_size_desc_20260523\QC_E4804_240429_DDA_293T_500ng_120min_R1.true_uncompressed_7d97225d\trackcodec\QC_E4804_240429_DDA_293T_500ng_120min_R1.true_uncompressed.tcarchive
QC_E4804_240507_DIA_293T_500ng_120min_R1.true_uncompressed.mzML,<MSCODEC_ROOT>\benchmark\data_full8\QC_E4804_240507_DIA_293T_500ng_120min_R1.true_uncompressed.mzML,msconvert_zlib,msconvert zlib,ok,4433885922,2899526360,1.5291759313407312,0.653946991647477,884.7541719999863,,<MSCODEC_ROOT>\benchmark\compression_benchmark_runs\full8_new15_all_methods_w8_size_desc_20260523\QC_E4804_240507_DIA_293T_500ng_120min_R1.true_uncompressed_62c56043\msconvert_zlib,<MSCODEC_ROOT>\benchmark\compression_benchmark_runs\full8_new15_all_methods_w8_size_desc_20260523\QC_E4804_240507_DIA_293T_500ng_120min_R1.true_uncompressed_62c56043\msconvert_zlib\msconvert.stderr.log; <MSCODEC_ROOT>\benchmark\compression_benchmark_runs\full8_new15_all_methods_w8_size_desc_20260523\QC_E4804_240507_DIA_293T_500ng_120min_R1.true_uncompressed_62c56043\msconvert_zlib\msconvert.stdout.log; <MSCODEC_ROOT>\benchmark\compression_benchmark_runs\full8_new15_all_methods_w8_size_desc_20260523\QC_E4804_240507_DIA_293T_500ng_120min_R1.true_uncompressed_62c56043\msconvert_zlib\QC_E4804_240507_DIA_293T_500ng_120min_R1.mzML
QC_E4804_240507_DIA_293T_500ng_120min_R1.true_uncompressed.mzML,<MSCODEC_ROOT>\benchmark\data_full8\QC_E4804_240507_DIA_293T_500ng_120min_R1.true_uncompressed.mzML,msconvert_gzip,msconvert gzip,ok,4433885922,2150264816,2.062018542557039,0.48496169135314077,774.4992577000521,,<MSCODEC_ROOT>\benchmark\compression_benchmark_runs\full8_new15_all_methods_w8_size_desc_20260523\QC_E4804_240507_DIA_293T_500ng_120min_R1.true_uncompressed_62c56043\msconvert_gzip,<MSCODEC_ROOT>\benchmark\compression_benchmark_runs\full8_new15_all_methods_w8_size_desc_20260523\QC_E4804_240507_DIA_293T_500ng_120min_R1.true_uncompressed_62c56043\msconvert_gzip\msconvert.stderr.log; <MSCODEC_ROOT>\benchmark\compression_benchmark_runs\full8_new15_all_methods_w8_size_desc_20260523\QC_E4804_240507_DIA_293T_500ng_120min_R1.true_uncompressed_62c56043\msconvert_gzip\msconvert.stdout.log; <MSCODEC_ROOT>\benchmark\compression_benchmark_runs\full8_new15_all_methods_w8_size_desc_20260523\QC_E4804_240507_DIA_293T_500ng_120min_R1.true_uncompressed_62c56043\msconvert_gzip\QC_E4804_240507_DIA_293T_500ng_120min_R1.mzML.gz
QC_E4804_240507_DIA_293T_500ng_120min_R1.true_uncompressed.mzML,<MSCODEC_ROOT>\benchmark\data_full8\QC_E4804_240507_DIA_293T_500ng_120min_R1.true_uncompressed.mzML,msconvert_numpress,msconvert numpressAll+zlib,ok,4433885922,1855809737,2.3891920780454448,0.41855153011309254,556.2659396999516,,<MSCODEC_ROOT>\benchmark\compression_benchmark_runs\full8_new15_all_methods_w8_size_desc_20260523\QC_E4804_240507_DIA_293T_500ng_120min_R1.true_uncompressed_62c56043\msconvert_numpress,<MSCODEC_ROOT>\benchmark\compression_benchmark_runs\full8_new15_all_methods_w8_size_desc_20260523\QC_E4804_240507_DIA_293T_500ng_120min_R1.true_uncompressed_62c56043\msconvert_numpress\msconvert.stderr.log; <MSCODEC_ROOT>\benchmark\compression_benchmark_runs\full8_new15_all_methods_w8_size_desc_20260523\QC_E4804_240507_DIA_293T_500ng_120min_R1.true_uncompressed_62c56043\msconvert_numpress\msconvert.stdout.log; <MSCODEC_ROOT>\benchmark\compression_benchmark_runs\full8_new15_all_methods_w8_size_desc_20260523\QC_E4804_240507_DIA_293T_500ng_120min_R1.true_uncompressed_62c56043\msconvert_numpress\QC_E4804_240507_DIA_293T_500ng_120min_R1.mzML
QC_E4804_240507_DIA_293T_500ng_120min_R1.true_uncompressed.mzML,<MSCODEC_ROOT>\benchmark\data_full8\QC_E4804_240507_DIA_293T_500ng_120min_R1.true_uncompressed.mzML,mspack,mspack,ok,4433885922,1193582178,3.7147722240872803,0.26919550908554024,1245.3099345000228,"Elapsed time includes msconvert normalization to uncompressed, non-indexed mzML with 64-bit m/z, 32-bit intensity, and 64-bit rt; mspack cannot read zlib-compressed binary arrays.",<MSCODEC_ROOT>\benchmark\compression_benchmark_runs\full8_new15_all_methods_w8_size_desc_20260523\QC_E4804_240507_DIA_293T_500ng_120min_R1.true_uncompressed_62c56043\mspack,<MSCODEC_ROOT>\benchmark\compression_benchmark_runs\full8_new15_all_methods_w8_size_desc_20260523\QC_E4804_240507_DIA_293T_500ng_120min_R1.true_uncompressed_62c56043\mspack\QC_E4804_240507_DIA_293T_500ng_120min_R1.true_uncompressed.mgz
QC_E4804_240507_DIA_293T_500ng_120min_R1.true_uncompressed.mzML,<MSCODEC_ROOT>\benchmark\data_full8\QC_E4804_240507_DIA_293T_500ng_120min_R1.true_uncompressed.mzML,masscomp,MassComp,ok,4433885922,1705554410,2.5996742736574436,0.38466357502284876,1109.5069196000695,"Elapsed time includes mzML to mzXML conversion with 64-bit m/z, 32-bit intensity, and 64-bit rt. masscomp.cmd uses the 64-bit-safe MassComp build when available, so >2GB mzXML files do not trigger the original tinyxml2 file-length overflow.",<MSCODEC_ROOT>\benchmark\compression_benchmark_runs\full8_new15_all_methods_w8_size_desc_20260523\QC_E4804_240507_DIA_293T_500ng_120min_R1.true_uncompressed_62c56043\masscomp,<MSCODEC_ROOT>\benchmark\compression_benchmark_runs\full8_new15_all_methods_w8_size_desc_20260523\QC_E4804_240507_DIA_293T_500ng_120min_R1.true_uncompressed_62c56043\masscomp\QC_E4804_240507_DIA_293T_500ng_120min_R1.true_uncompressed.masscomp
QC_E4804_240507_DIA_293T_500ng_120min_R1.true_uncompressed.mzML,<MSCODEC_ROOT>\benchmark\data_full8\QC_E4804_240507_DIA_293T_500ng_120min_R1.true_uncompressed.mzML,airdpro,airdpro-compress,ok,4433885922,1135457604,3.904933047592678,0.2560863369005731,188.31608529994264,,<MSCODEC_ROOT>\benchmark\compression_benchmark_runs\full8_new15_all_methods_w8_size_desc_20260523\QC_E4804_240507_DIA_293T_500ng_120min_R1.true_uncompressed_62c56043\airdpro,<MSCODEC_ROOT>\benchmark\compression_benchmark_runs\full8_new15_all_methods_w8_size_desc_20260523\QC_E4804_240507_DIA_293T_500ng_120min_R1.true_uncompressed_62c56043\airdpro\QC_E4804_240507_DIA_293T_500ng_120min_R1.true_uncompressed.aird; <MSCODEC_ROOT>\benchmark\compression_benchmark_runs\full8_new15_all_methods_w8_size_desc_20260523\QC_E4804_240507_DIA_293T_500ng_120min_R1.true_uncompressed_62c56043\airdpro\QC_E4804_240507_DIA_293T_500ng_120min_R1.true_uncompressed.json
QC_E4804_240507_DIA_293T_500ng_120min_R1.true_uncompressed.mzML,<MSCODEC_ROOT>\benchmark\data_full8\QC_E4804_240507_DIA_293T_500ng_120min_R1.true_uncompressed.mzML,zdpd,ZDPD wrapper,ok,4433885922,1140564499,3.887448650109177,0.25723812454009276,203.58767979999539,zdpd.cmd calls airdpro-compress.cmd; config used: ZDPD.,<MSCODEC_ROOT>\benchmark\compression_benchmark_runs\full8_new15_all_methods_w8_size_desc_20260523\QC_E4804_240507_DIA_293T_500ng_120min_R1.true_uncompressed_62c56043\zdpd,<MSCODEC_ROOT>\benchmark\compression_benchmark_runs\full8_new15_all_methods_w8_size_desc_20260523\QC_E4804_240507_DIA_293T_500ng_120min_R1.true_uncompressed_62c56043\zdpd\QC_E4804_240507_DIA_293T_500ng_120min_R1.true_uncompressed_with_zero_ZDPD.aird; <MSCODEC_ROOT>\benchmark\compression_benchmark_runs\full8_new15_all_methods_w8_size_desc_20260523\QC_E4804_240507_DIA_293T_500ng_120min_R1.true_uncompressed_62c56043\zdpd\QC_E4804_240507_DIA_293T_500ng_120min_R1.true_uncompressed_with_zero_ZDPD.json
QC_E4804_240507_DIA_293T_500ng_120min_R1.true_uncompressed.mzML,<MSCODEC_ROOT>\benchmark\data_full8\QC_E4804_240507_DIA_293T_500ng_120min_R1.true_uncompressed.mzML,stackzdpd,StackZDPD wrapper,error,4433885922,,,,132.61559010006022,AirdPro wrapper returned a non-zero exit code.,<MSCODEC_ROOT>\benchmark\compression_benchmark_runs\full8_new15_all_methods_w8_size_desc_20260523\QC_E4804_240507_DIA_293T_500ng_120min_R1.true_uncompressed_62c56043\stackzdpd,
QC_E4804_240507_DIA_293T_500ng_120min_R1.true_uncompressed.mzML,<MSCODEC_ROOT>\benchmark\data_full8\QC_E4804_240507_DIA_293T_500ng_120min_R1.true_uncompressed.mzML,trackcodec,TrackCodec,ok,4433885922,955670340,4.639555855631137,0.21553787283027892,6124.581641299999,Stats JSON: <MSCODEC_ROOT>\benchmark\compression_benchmark_runs\full8_new15_all_methods_w8_size_desc_20260523\QC_E4804_240507_DIA_293T_500ng_120min_R1.true_uncompressed_62c56043\trackcodec\QC_E4804_240507_DIA_293T_500ng_120min_R1.true_uncompressed.stats.json,<MSCODEC_ROOT>\benchmark\compression_benchmark_runs\full8_new15_all_methods_w8_size_desc_20260523\QC_E4804_240507_DIA_293T_500ng_120min_R1.true_uncompressed_62c56043\trackcodec,<MSCODEC_ROOT>\benchmark\compression_benchmark_runs\full8_new15_all_methods_w8_size_desc_20260523\QC_E4804_240507_DIA_293T_500ng_120min_R1.true_uncompressed_62c56043\trackcodec\QC_E4804_240507_DIA_293T_500ng_120min_R1.true_uncompressed.tcarchive
QC_E4801_240408_DDA_293T_500ng_120min_R1.true_uncompressed.mzML,<MSCODEC_ROOT>\benchmark\data_full8\QC_E4801_240408_DDA_293T_500ng_120min_R1.true_uncompressed.mzML,msconvert_zlib,msconvert zlib,ok,4430278671,3264242778,1.3572148189646696,0.7368030366503326,963.5634867000626,,<MSCODEC_ROOT>\benchmark\compression_benchmark_runs\full8_new15_all_methods_w8_size_desc_20260523\QC_E4801_240408_DDA_293T_500ng_120min_R1.true_uncompressed_63367367\msconvert_zlib,<MSCODEC_ROOT>\benchmark\compression_benchmark_runs\full8_new15_all_methods_w8_size_desc_20260523\QC_E4801_240408_DDA_293T_500ng_120min_R1.true_uncompressed_63367367\msconvert_zlib\msconvert.stderr.log; <MSCODEC_ROOT>\benchmark\compression_benchmark_runs\full8_new15_all_methods_w8_size_desc_20260523\QC_E4801_240408_DDA_293T_500ng_120min_R1.true_uncompressed_63367367\msconvert_zlib\msconvert.stdout.log; <MSCODEC_ROOT>\benchmark\compression_benchmark_runs\full8_new15_all_methods_w8_size_desc_20260523\QC_E4801_240408_DDA_293T_500ng_120min_R1.true_uncompressed_63367367\msconvert_zlib\QC_E4801_240408_DDA_293T_500ng_120min_R1.mzML
QC_E4801_240408_DDA_293T_500ng_120min_R1.true_uncompressed.mzML,<MSCODEC_ROOT>\benchmark\data_full8\QC_E4801_240408_DDA_293T_500ng_120min_R1.true_uncompressed.mzML,msconvert_gzip,msconvert gzip,ok,4430278671,1959734630,2.2606523368931843,0.44235019409233906,527.6999402000802,,<MSCODEC_ROOT>\benchmark\compression_benchmark_runs\full8_new15_all_methods_w8_size_desc_20260523\QC_E4801_240408_DDA_293T_500ng_120min_R1.true_uncompressed_63367367\msconvert_gzip,<MSCODEC_ROOT>\benchmark\compression_benchmark_runs\full8_new15_all_methods_w8_size_desc_20260523\QC_E4801_240408_DDA_293T_500ng_120min_R1.true_uncompressed_63367367\msconvert_gzip\msconvert.stderr.log; <MSCODEC_ROOT>\benchmark\compression_benchmark_runs\full8_new15_all_methods_w8_size_desc_20260523\QC_E4801_240408_DDA_293T_500ng_120min_R1.true_uncompressed_63367367\msconvert_gzip\msconvert.stdout.log; <MSCODEC_ROOT>\benchmark\compression_benchmark_runs\full8_new15_all_methods_w8_size_desc_20260523\QC_E4801_240408_DDA_293T_500ng_120min_R1.true_uncompressed_63367367\msconvert_gzip\QC_E4801_240408_DDA_293T_500ng_120min_R1.mzML.gz
QC_E4801_240408_DDA_293T_500ng_120min_R1.true_uncompressed.mzML,<MSCODEC_ROOT>\benchmark\data_full8\QC_E4801_240408_DDA_293T_500ng_120min_R1.true_uncompressed.mzML,msconvert_numpress,msconvert numpressAll+zlib,ok,4430278671,1867334460,2.372514815048184,0.4214936798949729,392.42239329998847,,<MSCODEC_ROOT>\benchmark\compression_benchmark_runs\full8_new15_all_methods_w8_size_desc_20260523\QC_E4801_240408_DDA_293T_500ng_120min_R1.true_uncompressed_63367367\msconvert_numpress,<MSCODEC_ROOT>\benchmark\compression_benchmark_runs\full8_new15_all_methods_w8_size_desc_20260523\QC_E4801_240408_DDA_293T_500ng_120min_R1.true_uncompressed_63367367\msconvert_numpress\msconvert.stderr.log; <MSCODEC_ROOT>\benchmark\compression_benchmark_runs\full8_new15_all_methods_w8_size_desc_20260523\QC_E4801_240408_DDA_293T_500ng_120min_R1.true_uncompressed_63367367\msconvert_numpress\msconvert.stdout.log; <MSCODEC_ROOT>\benchmark\compression_benchmark_runs\full8_new15_all_methods_w8_size_desc_20260523\QC_E4801_240408_DDA_293T_500ng_120min_R1.true_uncompressed_63367367\msconvert_numpress\QC_E4801_240408_DDA_293T_500ng_120min_R1.mzML
QC_E4801_240408_DDA_293T_500ng_120min_R1.true_uncompressed.mzML,<MSCODEC_ROOT>\benchmark\data_full8\QC_E4801_240408_DDA_293T_500ng_120min_R1.true_uncompressed.mzML,mspack,mspack,ok,4430278671,1012091631,4.377349377568364,0.22844875145778387,1266.4503515999531,"Elapsed time includes msconvert normalization to uncompressed, non-indexed mzML with 64-bit m/z, 32-bit intensity, and 64-bit rt; mspack cannot read zlib-compressed binary arrays.",<MSCODEC_ROOT>\benchmark\compression_benchmark_runs\full8_new15_all_methods_w8_size_desc_20260523\QC_E4801_240408_DDA_293T_500ng_120min_R1.true_uncompressed_63367367\mspack,<MSCODEC_ROOT>\benchmark\compression_benchmark_runs\full8_new15_all_methods_w8_size_desc_20260523\QC_E4801_240408_DDA_293T_500ng_120min_R1.true_uncompressed_63367367\mspack\QC_E4801_240408_DDA_293T_500ng_120min_R1.true_uncompressed.mgz
QC_E4801_240408_DDA_293T_500ng_120min_R1.true_uncompressed.mzML,<MSCODEC_ROOT>\benchmark\data_full8\QC_E4801_240408_DDA_293T_500ng_120min_R1.true_uncompressed.mzML,masscomp,MassComp,ok,4430278671,1602277640,2.764988139633528,0.3616652041525719,1352.6124686000403,"Elapsed time includes mzML to mzXML conversion with 64-bit m/z, 32-bit intensity, and 64-bit rt. masscomp.cmd uses the 64-bit-safe MassComp build when available, so >2GB mzXML files do not trigger the original tinyxml2 file-length overflow.",<MSCODEC_ROOT>\benchmark\compression_benchmark_runs\full8_new15_all_methods_w8_size_desc_20260523\QC_E4801_240408_DDA_293T_500ng_120min_R1.true_uncompressed_63367367\masscomp,<MSCODEC_ROOT>\benchmark\compression_benchmark_runs\full8_new15_all_methods_w8_size_desc_20260523\QC_E4801_240408_DDA_293T_500ng_120min_R1.true_uncompressed_63367367\masscomp\QC_E4801_240408_DDA_293T_500ng_120min_R1.true_uncompressed.masscomp
QC_E4801_240408_DDA_293T_500ng_120min_R1.true_uncompressed.mzML,<MSCODEC_ROOT>\benchmark\data_full8\QC_E4801_240408_DDA_293T_500ng_120min_R1.true_uncompressed.mzML,airdpro,airdpro-compress,ok,4430278671,781216396,5.67100062631046,0.17633572378047818,276.264966799994,,<MSCODEC_ROOT>\benchmark\compression_benchmark_runs\full8_new15_all_methods_w8_size_desc_20260523\QC_E4801_240408_DDA_293T_500ng_120min_R1.true_uncompressed_63367367\airdpro,<MSCODEC_ROOT>\benchmark\compression_benchmark_runs\full8_new15_all_methods_w8_size_desc_20260523\QC_E4801_240408_DDA_293T_500ng_120min_R1.true_uncompressed_63367367\airdpro\QC_E4801_240408_DDA_293T_500ng_120min_R1.true_uncompressed.aird; <MSCODEC_ROOT>\benchmark\compression_benchmark_runs\full8_new15_all_methods_w8_size_desc_20260523\QC_E4801_240408_DDA_293T_500ng_120min_R1.true_uncompressed_63367367\airdpro\QC_E4801_240408_DDA_293T_500ng_120min_R1.true_uncompressed.json
QC_E4801_240408_DDA_293T_500ng_120min_R1.true_uncompressed.mzML,<MSCODEC_ROOT>\benchmark\data_full8\QC_E4801_240408_DDA_293T_500ng_120min_R1.true_uncompressed.mzML,zdpd,ZDPD wrapper,ok,4430278671,789675203,5.610254259180531,0.17824504092013582,277.615815200028,zdpd.cmd calls airdpro-compress.cmd; config used: ZDPD.,<MSCODEC_ROOT>\benchmark\compression_benchmark_runs\full8_new15_all_methods_w8_size_desc_20260523\QC_E4801_240408_DDA_293T_500ng_120min_R1.true_uncompressed_63367367\zdpd,<MSCODEC_ROOT>\benchmark\compression_benchmark_runs\full8_new15_all_methods_w8_size_desc_20260523\QC_E4801_240408_DDA_293T_500ng_120min_R1.true_uncompressed_63367367\zdpd\QC_E4801_240408_DDA_293T_500ng_120min_R1.true_uncompressed_with_zero_ZDPD.aird; <MSCODEC_ROOT>\benchmark\compression_benchmark_runs\full8_new15_all_methods_w8_size_desc_20260523\QC_E4801_240408_DDA_293T_500ng_120min_R1.true_uncompressed_63367367\zdpd\QC_E4801_240408_DDA_293T_500ng_120min_R1.true_uncompressed_with_zero_ZDPD.json
QC_E4801_240408_DDA_293T_500ng_120min_R1.true_uncompressed.mzML,<MSCODEC_ROOT>\benchmark\data_full8\QC_E4801_240408_DDA_293T_500ng_120min_R1.true_uncompressed.mzML,stackzdpd,StackZDPD wrapper,error,4430278671,,,,109.09214510000311,AirdPro wrapper returned a non-zero exit code.,<MSCODEC_ROOT>\benchmark\compression_benchmark_runs\full8_new15_all_methods_w8_size_desc_20260523\QC_E4801_240408_DDA_293T_500ng_120min_R1.true_uncompressed_63367367\stackzdpd,
QC_E4801_240408_DDA_293T_500ng_120min_R1.true_uncompressed.mzML,<MSCODEC_ROOT>\benchmark\data_full8\QC_E4801_240408_DDA_293T_500ng_120min_R1.true_uncompressed.mzML,trackcodec,TrackCodec,ok,4430278671,664806426,6.664013008502418,0.15005973108457762,3087.08989199996,Stats JSON: <MSCODEC_ROOT>\benchmark\compression_benchmark_runs\full8_new15_all_methods_w8_size_desc_20260523\QC_E4801_240408_DDA_293T_500ng_120min_R1.true_uncompressed_63367367\trackcodec\QC_E4801_240408_DDA_293T_500ng_120min_R1.true_uncompressed.stats.json,<MSCODEC_ROOT>\benchmark\compression_benchmark_runs\full8_new15_all_methods_w8_size_desc_20260523\QC_E4801_240408_DDA_293T_500ng_120min_R1.true_uncompressed_63367367\trackcodec,<MSCODEC_ROOT>\benchmark\compression_benchmark_runs\full8_new15_all_methods_w8_size_desc_20260523\QC_E4801_240408_DDA_293T_500ng_120min_R1.true_uncompressed_63367367\trackcodec\QC_E4801_240408_DDA_293T_500ng_120min_R1.true_uncompressed.tcarchive
QC_E4804_240628_DIA_293T_500ng_120min_R1.true_uncompressed.mzML,<MSCODEC_ROOT>\benchmark\data_full8\QC_E4804_240628_DIA_293T_500ng_120min_R1.true_uncompressed.mzML,msconvert_zlib,msconvert zlib,ok,4343173876,2838688356,1.529993198027547,0.6535976769630026,899.505117499968,,<MSCODEC_ROOT>\benchmark\compression_benchmark_runs\full8_new15_all_methods_w8_size_desc_20260523\QC_E4804_240628_DIA_293T_500ng_120min_R1.true_uncompressed_13fdd9ae\msconvert_zlib,<MSCODEC_ROOT>\benchmark\compression_benchmark_runs\full8_new15_all_methods_w8_size_desc_20260523\QC_E4804_240628_DIA_293T_500ng_120min_R1.true_uncompressed_13fdd9ae\msconvert_zlib\msconvert.stderr.log; <MSCODEC_ROOT>\benchmark\compression_benchmark_runs\full8_new15_all_methods_w8_size_desc_20260523\QC_E4804_240628_DIA_293T_500ng_120min_R1.true_uncompressed_13fdd9ae\msconvert_zlib\msconvert.stdout.log; <MSCODEC_ROOT>\benchmark\compression_benchmark_runs\full8_new15_all_methods_w8_size_desc_20260523\QC_E4804_240628_DIA_293T_500ng_120min_R1.true_uncompressed_13fdd9ae\msconvert_zlib\QC_E4804_240628_DIA_293T_500ng_120min_R1.mzML
QC_E4804_240628_DIA_293T_500ng_120min_R1.true_uncompressed.mzML,<MSCODEC_ROOT>\benchmark\data_full8\QC_E4804_240628_DIA_293T_500ng_120min_R1.true_uncompressed.mzML,msconvert_gzip,msconvert gzip,ok,4343173876,2100859734,2.0673316765087755,0.4837153183318696,799.1791514999932,,<MSCODEC_ROOT>\benchmark\compression_benchmark_runs\full8_new15_all_methods_w8_size_desc_20260523\QC_E4804_240628_DIA_293T_500ng_120min_R1.true_uncompressed_13fdd9ae\msconvert_gzip,<MSCODEC_ROOT>\benchmark\compression_benchmark_runs\full8_new15_all_methods_w8_size_desc_20260523\QC_E4804_240628_DIA_293T_500ng_120min_R1.true_uncompressed_13fdd9ae\msconvert_gzip\msconvert.stderr.log; <MSCODEC_ROOT>\benchmark\compression_benchmark_runs\full8_new15_all_methods_w8_size_desc_20260523\QC_E4804_240628_DIA_293T_500ng_120min_R1.true_uncompressed_13fdd9ae\msconvert_gzip\msconvert.stdout.log; <MSCODEC_ROOT>\benchmark\compression_benchmark_runs\full8_new15_all_methods_w8_size_desc_20260523\QC_E4804_240628_DIA_293T_500ng_120min_R1.true_uncompressed_13fdd9ae\msconvert_gzip\QC_E4804_240628_DIA_293T_500ng_120min_R1.mzML.gz
QC_E4804_240628_DIA_293T_500ng_120min_R1.true_uncompressed.mzML,<MSCODEC_ROOT>\benchmark\data_full8\QC_E4804_240628_DIA_293T_500ng_120min_R1.true_uncompressed.mzML,msconvert_numpress,msconvert numpressAll+zlib,ok,4343173876,1836250333,2.3652406199454723,0.4227899654552076,598.422710099956,,<MSCODEC_ROOT>\benchmark\compression_benchmark_runs\full8_new15_all_methods_w8_size_desc_20260523\QC_E4804_240628_DIA_293T_500ng_120min_R1.true_uncompressed_13fdd9ae\msconvert_numpress,<MSCODEC_ROOT>\benchmark\compression_benchmark_runs\full8_new15_all_methods_w8_size_desc_20260523\QC_E4804_240628_DIA_293T_500ng_120min_R1.true_uncompressed_13fdd9ae\msconvert_numpress\msconvert.stderr.log; <MSCODEC_ROOT>\benchmark\compression_benchmark_runs\full8_new15_all_methods_w8_size_desc_20260523\QC_E4804_240628_DIA_293T_500ng_120min_R1.true_uncompressed_13fdd9ae\msconvert_numpress\msconvert.stdout.log; <MSCODEC_ROOT>\benchmark\compression_benchmark_runs\full8_new15_all_methods_w8_size_desc_20260523\QC_E4804_240628_DIA_293T_500ng_120min_R1.true_uncompressed_13fdd9ae\msconvert_numpress\QC_E4804_240628_DIA_293T_500ng_120min_R1.mzML
QC_E4804_240628_DIA_293T_500ng_120min_R1.true_uncompressed.mzML,<MSCODEC_ROOT>\benchmark\data_full8\QC_E4804_240628_DIA_293T_500ng_120min_R1.true_uncompressed.mzML,mspack,mspack,ok,4343173876,1167714107,3.7193811824010106,0.2688619291649101,1037.5357800000347,"Elapsed time includes msconvert normalization to uncompressed, non-indexed mzML with 64-bit m/z, 32-bit intensity, and 64-bit rt; mspack cannot read zlib-compressed binary arrays.",<MSCODEC_ROOT>\benchmark\compression_benchmark_runs\full8_new15_all_methods_w8_size_desc_20260523\QC_E4804_240628_DIA_293T_500ng_120min_R1.true_uncompressed_13fdd9ae\mspack,<MSCODEC_ROOT>\benchmark\compression_benchmark_runs\full8_new15_all_methods_w8_size_desc_20260523\QC_E4804_240628_DIA_293T_500ng_120min_R1.true_uncompressed_13fdd9ae\mspack\QC_E4804_240628_DIA_293T_500ng_120min_R1.true_uncompressed.mgz
QC_E4804_240628_DIA_293T_500ng_120min_R1.true_uncompressed.mzML,<MSCODEC_ROOT>\benchmark\data_full8\QC_E4804_240628_DIA_293T_500ng_120min_R1.true_uncompressed.mzML,masscomp,MassComp,ok,4343173876,1654233180,2.625490727975847,0.380881177505038,1196.3972726999782,"Elapsed time includes mzML to mzXML conversion with 64-bit m/z, 32-bit intensity, and 64-bit rt. masscomp.cmd uses the 64-bit-safe MassComp build when available, so >2GB mzXML files do not trigger the original tinyxml2 file-length overflow.",<MSCODEC_ROOT>\benchmark\compression_benchmark_runs\full8_new15_all_methods_w8_size_desc_20260523\QC_E4804_240628_DIA_293T_500ng_120min_R1.true_uncompressed_13fdd9ae\masscomp,<MSCODEC_ROOT>\benchmark\compression_benchmark_runs\full8_new15_all_methods_w8_size_desc_20260523\QC_E4804_240628_DIA_293T_500ng_120min_R1.true_uncompressed_13fdd9ae\masscomp\QC_E4804_240628_DIA_293T_500ng_120min_R1.true_uncompressed.masscomp
QC_E4804_240628_DIA_293T_500ng_120min_R1.true_uncompressed.mzML,<MSCODEC_ROOT>\benchmark\data_full8\QC_E4804_240628_DIA_293T_500ng_120min_R1.true_uncompressed.mzML,airdpro,airdpro-compress,ok,4343173876,1102892820,3.93798363471076,0.2539370634214047,180.5706402999349,,<MSCODEC_ROOT>\benchmark\compression_benchmark_runs\full8_new15_all_methods_w8_size_desc_20260523\QC_E4804_240628_DIA_293T_500ng_120min_R1.true_uncompressed_13fdd9ae\airdpro,<MSCODEC_ROOT>\benchmark\compression_benchmark_runs\full8_new15_all_methods_w8_size_desc_20260523\QC_E4804_240628_DIA_293T_500ng_120min_R1.true_uncompressed_13fdd9ae\airdpro\QC_E4804_240628_DIA_293T_500ng_120min_R1.true_uncompressed.aird; <MSCODEC_ROOT>\benchmark\compression_benchmark_runs\full8_new15_all_methods_w8_size_desc_20260523\QC_E4804_240628_DIA_293T_500ng_120min_R1.true_uncompressed_13fdd9ae\airdpro\QC_E4804_240628_DIA_293T_500ng_120min_R1.true_uncompressed.json
QC_E4804_240628_DIA_293T_500ng_120min_R1.true_uncompressed.mzML,<MSCODEC_ROOT>\benchmark\data_full8\QC_E4804_240628_DIA_293T_500ng_120min_R1.true_uncompressed.mzML,zdpd,ZDPD wrapper,ok,4343173876,1107972158,3.9199305186872757,0.2551065625354208,204.5732592000859,zdpd.cmd calls airdpro-compress.cmd; config used: ZDPD.,<MSCODEC_ROOT>\benchmark\compression_benchmark_runs\full8_new15_all_methods_w8_size_desc_20260523\QC_E4804_240628_DIA_293T_500ng_120min_R1.true_uncompressed_13fdd9ae\zdpd,<MSCODEC_ROOT>\benchmark\compression_benchmark_runs\full8_new15_all_methods_w8_size_desc_20260523\QC_E4804_240628_DIA_293T_500ng_120min_R1.true_uncompressed_13fdd9ae\zdpd\QC_E4804_240628_DIA_293T_500ng_120min_R1.true_uncompressed_with_zero_ZDPD.aird; <MSCODEC_ROOT>\benchmark\compression_benchmark_runs\full8_new15_all_methods_w8_size_desc_20260523\QC_E4804_240628_DIA_293T_500ng_120min_R1.true_uncompressed_13fdd9ae\zdpd\QC_E4804_240628_DIA_293T_500ng_120min_R1.true_uncompressed_with_zero_ZDPD.json
QC_E4804_240628_DIA_293T_500ng_120min_R1.true_uncompressed.mzML,<MSCODEC_ROOT>\benchmark\data_full8\QC_E4804_240628_DIA_293T_500ng_120min_R1.true_uncompressed.mzML,stackzdpd,StackZDPD wrapper,error,4343173876,,,,148.29592400009278,AirdPro wrapper returned a non-zero exit code.,<MSCODEC_ROOT>\benchmark\compression_benchmark_runs\full8_new15_all_methods_w8_size_desc_20260523\QC_E4804_240628_DIA_293T_500ng_120min_R1.true_uncompressed_13fdd9ae\stackzdpd,
QC_E4804_240628_DIA_293T_500ng_120min_R1.true_uncompressed.mzML,<MSCODEC_ROOT>\benchmark\data_full8\QC_E4804_240628_DIA_293T_500ng_120min_R1.true_uncompressed.mzML,trackcodec,TrackCodec,ok,4343173876,920390016,4.718840709371624,0.2119164560935483,6096.406136600068,Stats JSON: <MSCODEC_ROOT>\benchmark\compression_benchmark_runs\full8_new15_all_methods_w8_size_desc_20260523\QC_E4804_240628_DIA_293T_500ng_120min_R1.true_uncompressed_13fdd9ae\trackcodec\QC_E4804_240628_DIA_293T_500ng_120min_R1.true_uncompressed.stats.json,<MSCODEC_ROOT>\benchmark\compression_benchmark_runs\full8_new15_all_methods_w8_size_desc_20260523\QC_E4804_240628_DIA_293T_500ng_120min_R1.true_uncompressed_13fdd9ae\trackcodec,<MSCODEC_ROOT>\benchmark\compression_benchmark_runs\full8_new15_all_methods_w8_size_desc_20260523\QC_E4804_240628_DIA_293T_500ng_120min_R1.true_uncompressed_13fdd9ae\trackcodec\QC_E4804_240628_DIA_293T_500ng_120min_R1.true_uncompressed.tcarchive
QC_E4804_240226_DIA_293T_500ng_120min_R1.true_uncompressed.mzML,<MSCODEC_ROOT>\benchmark\data_full8\QC_E4804_240226_DIA_293T_500ng_120min_R1.true_uncompressed.mzML,msconvert_zlib,msconvert zlib,ok,4311472693,2829963480,1.5235082443537398,0.65637977589297,894.8349696999649,,<MSCODEC_ROOT>\benchmark\compression_benchmark_runs\full8_new15_all_methods_w8_size_desc_20260523\QC_E4804_240226_DIA_293T_500ng_120min_R1.true_uncompressed_4dddd1e8\msconvert_zlib,<MSCODEC_ROOT>\benchmark\compression_benchmark_runs\full8_new15_all_methods_w8_size_desc_20260523\QC_E4804_240226_DIA_293T_500ng_120min_R1.true_uncompressed_4dddd1e8\msconvert_zlib\msconvert.stderr.log; <MSCODEC_ROOT>\benchmark\compression_benchmark_runs\full8_new15_all_methods_w8_size_desc_20260523\QC_E4804_240226_DIA_293T_500ng_120min_R1.true_uncompressed_4dddd1e8\msconvert_zlib\msconvert.stdout.log; <MSCODEC_ROOT>\benchmark\compression_benchmark_runs\full8_new15_all_methods_w8_size_desc_20260523\QC_E4804_240226_DIA_293T_500ng_120min_R1.true_uncompressed_4dddd1e8\msconvert_zlib\QC_E4804_240226_DIA_293T_500ng_120min_R1.mzML
QC_E4804_240226_DIA_293T_500ng_120min_R1.true_uncompressed.mzML,<MSCODEC_ROOT>\benchmark\data_full8\QC_E4804_240226_DIA_293T_500ng_120min_R1.true_uncompressed.mzML,msconvert_gzip,msconvert gzip,ok,4311472693,2085069218,2.0677839640909226,0.4836095150005859,761.8065727000358,,<MSCODEC_ROOT>\benchmark\compression_benchmark_runs\full8_new15_all_methods_w8_size_desc_20260523\QC_E4804_240226_DIA_293T_500ng_120min_R1.true_uncompressed_4dddd1e8\msconvert_gzip,<MSCODEC_ROOT>\benchmark\compression_benchmark_runs\full8_new15_all_methods_w8_size_desc_20260523\QC_E4804_240226_DIA_293T_500ng_120min_R1.true_uncompressed_4dddd1e8\msconvert_gzip\msconvert.stderr.log; <MSCODEC_ROOT>\benchmark\compression_benchmark_runs\full8_new15_all_methods_w8_size_desc_20260523\QC_E4804_240226_DIA_293T_500ng_120min_R1.true_uncompressed_4dddd1e8\msconvert_gzip\msconvert.stdout.log; <MSCODEC_ROOT>\benchmark\compression_benchmark_runs\full8_new15_all_methods_w8_size_desc_20260523\QC_E4804_240226_DIA_293T_500ng_120min_R1.true_uncompressed_4dddd1e8\msconvert_gzip\QC_E4804_240226_DIA_293T_500ng_120min_R1.mzML.gz
QC_E4804_240226_DIA_293T_500ng_120min_R1.true_uncompressed.mzML,<MSCODEC_ROOT>\benchmark\data_full8\QC_E4804_240226_DIA_293T_500ng_120min_R1.true_uncompressed.mzML,msconvert_numpress,msconvert numpressAll+zlib,ok,4311472693,1807660486,2.3851119866764625,0.4192675252089321,539.9173258999363,,<MSCODEC_ROOT>\benchmark\compression_benchmark_runs\full8_new15_all_methods_w8_size_desc_20260523\QC_E4804_240226_DIA_293T_500ng_120min_R1.true_uncompressed_4dddd1e8\msconvert_numpress,<MSCODEC_ROOT>\benchmark\compression_benchmark_runs\full8_new15_all_methods_w8_size_desc_20260523\QC_E4804_240226_DIA_293T_500ng_120min_R1.true_uncompressed_4dddd1e8\msconvert_numpress\msconvert.stderr.log; <MSCODEC_ROOT>\benchmark\compression_benchmark_runs\full8_new15_all_methods_w8_size_desc_20260523\QC_E4804_240226_DIA_293T_500ng_120min_R1.true_uncompressed_4dddd1e8\msconvert_numpress\msconvert.stdout.log; <MSCODEC_ROOT>\benchmark\compression_benchmark_runs\full8_new15_all_methods_w8_size_desc_20260523\QC_E4804_240226_DIA_293T_500ng_120min_R1.true_uncompressed_4dddd1e8\msconvert_numpress\QC_E4804_240226_DIA_293T_500ng_120min_R1.mzML
QC_E4804_240226_DIA_293T_500ng_120min_R1.true_uncompressed.mzML,<MSCODEC_ROOT>\benchmark\data_full8\QC_E4804_240226_DIA_293T_500ng_120min_R1.true_uncompressed.mzML,mspack,mspack,ok,4311472693,1155854557,3.730116965745544,0.26808810800926947,1065.6566885998473,"Elapsed time includes msconvert normalization to uncompressed, non-indexed mzML with 64-bit m/z, 32-bit intensity, and 64-bit rt; mspack cannot read zlib-compressed binary arrays.",<MSCODEC_ROOT>\benchmark\compression_benchmark_runs\full8_new15_all_methods_w8_size_desc_20260523\QC_E4804_240226_DIA_293T_500ng_120min_R1.true_uncompressed_4dddd1e8\mspack,<MSCODEC_ROOT>\benchmark\compression_benchmark_runs\full8_new15_all_methods_w8_size_desc_20260523\QC_E4804_240226_DIA_293T_500ng_120min_R1.true_uncompressed_4dddd1e8\mspack\QC_E4804_240226_DIA_293T_500ng_120min_R1.true_uncompressed.mgz
QC_E4804_240226_DIA_293T_500ng_120min_R1.true_uncompressed.mzML,<MSCODEC_ROOT>\benchmark\data_full8\QC_E4804_240226_DIA_293T_500ng_120min_R1.true_uncompressed.mzML,masscomp,MassComp,ok,4311472693,1650939450,2.611526844912453,0.38291775631106845,1248.4295164000941,"Elapsed time includes mzML to mzXML conversion with 64-bit m/z, 32-bit intensity, and 64-bit rt. masscomp.cmd uses the 64-bit-safe MassComp build when available, so >2GB mzXML files do not trigger the original tinyxml2 file-length overflow.",<MSCODEC_ROOT>\benchmark\compression_benchmark_runs\full8_new15_all_methods_w8_size_desc_20260523\QC_E4804_240226_DIA_293T_500ng_120min_R1.true_uncompressed_4dddd1e8\masscomp,<MSCODEC_ROOT>\benchmark\compression_benchmark_runs\full8_new15_all_methods_w8_size_desc_20260523\QC_E4804_240226_DIA_293T_500ng_120min_R1.true_uncompressed_4dddd1e8\masscomp\QC_E4804_240226_DIA_293T_500ng_120min_R1.true_uncompressed.masscomp
QC_E4804_240226_DIA_293T_500ng_120min_R1.true_uncompressed.mzML,<MSCODEC_ROOT>\benchmark\data_full8\QC_E4804_240226_DIA_293T_500ng_120min_R1.true_uncompressed.mzML,airdpro,airdpro-compress,ok,4311472693,1086045384,3.9698826186438634,0.25189661661623797,155.51969690003898,,<MSCODEC_ROOT>\benchmark\compression_benchmark_runs\full8_new15_all_methods_w8_size_desc_20260523\QC_E4804_240226_DIA_293T_500ng_120min_R1.true_uncompressed_4dddd1e8\airdpro,<MSCODEC_ROOT>\benchmark\compression_benchmark_runs\full8_new15_all_methods_w8_size_desc_20260523\QC_E4804_240226_DIA_293T_500ng_120min_R1.true_uncompressed_4dddd1e8\airdpro\QC_E4804_240226_DIA_293T_500ng_120min_R1.true_uncompressed.aird; <MSCODEC_ROOT>\benchmark\compression_benchmark_runs\full8_new15_all_methods_w8_size_desc_20260523\QC_E4804_240226_DIA_293T_500ng_120min_R1.true_uncompressed_4dddd1e8\airdpro\QC_E4804_240226_DIA_293T_500ng_120min_R1.true_uncompressed.json
QC_E4804_240226_DIA_293T_500ng_120min_R1.true_uncompressed.mzML,<MSCODEC_ROOT>\benchmark\data_full8\QC_E4804_240226_DIA_293T_500ng_120min_R1.true_uncompressed.mzML,zdpd,ZDPD wrapper,ok,4311472693,1091136713,3.951358836736346,0.2530774959497117,181.05392060009763,zdpd.cmd calls airdpro-compress.cmd; config used: ZDPD.,<MSCODEC_ROOT>\benchmark\compression_benchmark_runs\full8_new15_all_methods_w8_size_desc_20260523\QC_E4804_240226_DIA_293T_500ng_120min_R1.true_uncompressed_4dddd1e8\zdpd,<MSCODEC_ROOT>\benchmark\compression_benchmark_runs\full8_new15_all_methods_w8_size_desc_20260523\QC_E4804_240226_DIA_293T_500ng_120min_R1.true_uncompressed_4dddd1e8\zdpd\QC_E4804_240226_DIA_293T_500ng_120min_R1.true_uncompressed_with_zero_ZDPD.aird; <MSCODEC_ROOT>\benchmark\compression_benchmark_runs\full8_new15_all_methods_w8_size_desc_20260523\QC_E4804_240226_DIA_293T_500ng_120min_R1.true_uncompressed_4dddd1e8\zdpd\QC_E4804_240226_DIA_293T_500ng_120min_R1.true_uncompressed_with_zero_ZDPD.json
QC_E4804_240226_DIA_293T_500ng_120min_R1.true_uncompressed.mzML,<MSCODEC_ROOT>\benchmark\data_full8\QC_E4804_240226_DIA_293T_500ng_120min_R1.true_uncompressed.mzML,stackzdpd,StackZDPD wrapper,error,4311472693,,,,152.54249550006352,AirdPro wrapper returned a non-zero exit code.,<MSCODEC_ROOT>\benchmark\compression_benchmark_runs\full8_new15_all_methods_w8_size_desc_20260523\QC_E4804_240226_DIA_293T_500ng_120min_R1.true_uncompressed_4dddd1e8\stackzdpd,
QC_E4804_240226_DIA_293T_500ng_120min_R1.true_uncompressed.mzML,<MSCODEC_ROOT>\benchmark\data_full8\QC_E4804_240226_DIA_293T_500ng_120min_R1.true_uncompressed.mzML,trackcodec,TrackCodec,ok,4311472693,912322810,4.72581924483506,0.2116035227316236,5927.1661268000025,Stats JSON: <MSCODEC_ROOT>\benchmark\compression_benchmark_runs\full8_new15_all_methods_w8_size_desc_20260523\QC_E4804_240226_DIA_293T_500ng_120min_R1.true_uncompressed_4dddd1e8\trackcodec\QC_E4804_240226_DIA_293T_500ng_120min_R1.true_uncompressed.stats.json,<MSCODEC_ROOT>\benchmark\compression_benchmark_runs\full8_new15_all_methods_w8_size_desc_20260523\QC_E4804_240226_DIA_293T_500ng_120min_R1.true_uncompressed_4dddd1e8\trackcodec,<MSCODEC_ROOT>\benchmark\compression_benchmark_runs\full8_new15_all_methods_w8_size_desc_20260523\QC_E4804_240226_DIA_293T_500ng_120min_R1.true_uncompressed_4dddd1e8\trackcodec\QC_E4804_240226_DIA_293T_500ng_120min_R1.true_uncompressed.tcarchive
QC_E4805_240426_DDA_293T_500ng_120min_R1.true_uncompressed.mzML,<MSCODEC_ROOT>\benchmark\data_full8\QC_E4805_240426_DDA_293T_500ng_120min_R1.true_uncompressed.mzML,msconvert_zlib,msconvert zlib,ok,4277603821,3130764252,1.3663129755833177,0.7318967307421432,924.2167716000695,,<MSCODEC_ROOT>\benchmark\compression_benchmark_runs\full8_new15_all_methods_w8_size_desc_20260523\QC_E4805_240426_DDA_293T_500ng_120min_R1.true_uncompressed_6c7be506\msconvert_zlib,<MSCODEC_ROOT>\benchmark\compression_benchmark_runs\full8_new15_all_methods_w8_size_desc_20260523\QC_E4805_240426_DDA_293T_500ng_120min_R1.true_uncompressed_6c7be506\msconvert_zlib\msconvert.stderr.log; <MSCODEC_ROOT>\benchmark\compression_benchmark_runs\full8_new15_all_methods_w8_size_desc_20260523\QC_E4805_240426_DDA_293T_500ng_120min_R1.true_uncompressed_6c7be506\msconvert_zlib\msconvert.stdout.log; <MSCODEC_ROOT>\benchmark\compression_benchmark_runs\full8_new15_all_methods_w8_size_desc_20260523\QC_E4805_240426_DDA_293T_500ng_120min_R1.true_uncompressed_6c7be506\msconvert_zlib\QC_E4805_240426_DDA_293T_500ng_120min_R1.mzML
QC_E4805_240426_DDA_293T_500ng_120min_R1.true_uncompressed.mzML,<MSCODEC_ROOT>\benchmark\data_full8\QC_E4805_240426_DDA_293T_500ng_120min_R1.true_uncompressed.mzML,msconvert_gzip,msconvert gzip,ok,4277603821,1909218726,2.240499615233713,0.44632902108116945,506.3156913999701,,<MSCODEC_ROOT>\benchmark\compression_benchmark_runs\full8_new15_all_methods_w8_size_desc_20260523\QC_E4805_240426_DDA_293T_500ng_120min_R1.true_uncompressed_6c7be506\msconvert_gzip,<MSCODEC_ROOT>\benchmark\compression_benchmark_runs\full8_new15_all_methods_w8_size_desc_20260523\QC_E4805_240426_DDA_293T_500ng_120min_R1.true_uncompressed_6c7be506\msconvert_gzip\msconvert.stderr.log; <MSCODEC_ROOT>\benchmark\compression_benchmark_runs\full8_new15_all_methods_w8_size_desc_20260523\QC_E4805_240426_DDA_293T_500ng_120min_R1.true_uncompressed_6c7be506\msconvert_gzip\msconvert.stdout.log; <MSCODEC_ROOT>\benchmark\compression_benchmark_runs\full8_new15_all_methods_w8_size_desc_20260523\QC_E4805_240426_DDA_293T_500ng_120min_R1.true_uncompressed_6c7be506\msconvert_gzip\QC_E4805_240426_DDA_293T_500ng_120min_R1.mzML.gz
QC_E4805_240426_DDA_293T_500ng_120min_R1.true_uncompressed.mzML,<MSCODEC_ROOT>\benchmark\data_full8\QC_E4805_240426_DDA_293T_500ng_120min_R1.true_uncompressed.mzML,msconvert_numpress,msconvert numpressAll+zlib,ok,4277603821,1808795240,2.364891131071309,0.4228524462971766,276.40448459994514,,<MSCODEC_ROOT>\benchmark\compression_benchmark_runs\full8_new15_all_methods_w8_size_desc_20260523\QC_E4805_240426_DDA_293T_500ng_120min_R1.true_uncompressed_6c7be506\msconvert_numpress,<MSCODEC_ROOT>\benchmark\compression_benchmark_runs\full8_new15_all_methods_w8_size_desc_20260523\QC_E4805_240426_DDA_293T_500ng_120min_R1.true_uncompressed_6c7be506\msconvert_numpress\msconvert.stderr.log; <MSCODEC_ROOT>\benchmark\compression_benchmark_runs\full8_new15_all_methods_w8_size_desc_20260523\QC_E4805_240426_DDA_293T_500ng_120min_R1.true_uncompressed_6c7be506\msconvert_numpress\msconvert.stdout.log; <MSCODEC_ROOT>\benchmark\compression_benchmark_runs\full8_new15_all_methods_w8_size_desc_20260523\QC_E4805_240426_DDA_293T_500ng_120min_R1.true_uncompressed_6c7be506\msconvert_numpress\QC_E4805_240426_DDA_293T_500ng_120min_R1.mzML
QC_E4805_240426_DDA_293T_500ng_120min_R1.true_uncompressed.mzML,<MSCODEC_ROOT>\benchmark\data_full8\QC_E4805_240426_DDA_293T_500ng_120min_R1.true_uncompressed.mzML,mspack,mspack,ok,4277603821,978187690,4.372988808517923,0.2286765513902415,1293.756006599986,"Elapsed time includes msconvert normalization to uncompressed, non-indexed mzML with 64-bit m/z, 32-bit intensity, and 64-bit rt; mspack cannot read zlib-compressed binary arrays.",<MSCODEC_ROOT>\benchmark\compression_benchmark_runs\full8_new15_all_methods_w8_size_desc_20260523\QC_E4805_240426_DDA_293T_500ng_120min_R1.true_uncompressed_6c7be506\mspack,<MSCODEC_ROOT>\benchmark\compression_benchmark_runs\full8_new15_all_methods_w8_size_desc_20260523\QC_E4805_240426_DDA_293T_500ng_120min_R1.true_uncompressed_6c7be506\mspack\QC_E4805_240426_DDA_293T_500ng_120min_R1.true_uncompressed.mgz
QC_E4805_240426_DDA_293T_500ng_120min_R1.true_uncompressed.mzML,<MSCODEC_ROOT>\benchmark\data_full8\QC_E4805_240426_DDA_293T_500ng_120min_R1.true_uncompressed.mzML,masscomp,MassComp,ok,4277603821,1555428016,2.750113651675411,0.3636213359367111,1475.4858913001372,"Elapsed time includes mzML to mzXML conversion with 64-bit m/z, 32-bit intensity, and 64-bit rt. masscomp.cmd uses the 64-bit-safe MassComp build when available, so >2GB mzXML files do not trigger the original tinyxml2 file-length overflow.",<MSCODEC_ROOT>\benchmark\compression_benchmark_runs\full8_new15_all_methods_w8_size_desc_20260523\QC_E4805_240426_DDA_293T_500ng_120min_R1.true_uncompressed_6c7be506\masscomp,<MSCODEC_ROOT>\benchmark\compression_benchmark_runs\full8_new15_all_methods_w8_size_desc_20260523\QC_E4805_240426_DDA_293T_500ng_120min_R1.true_uncompressed_6c7be506\masscomp\QC_E4805_240426_DDA_293T_500ng_120min_R1.true_uncompressed.masscomp
QC_E4805_240426_DDA_293T_500ng_120min_R1.true_uncompressed.mzML,<MSCODEC_ROOT>\benchmark\data_full8\QC_E4805_240426_DDA_293T_500ng_120min_R1.true_uncompressed.mzML,airdpro,airdpro-compress,ok,4277603821,788258816,5.426648880004407,0.1842757882649647,260.93620390002616,,<MSCODEC_ROOT>\benchmark\compression_benchmark_runs\full8_new15_all_methods_w8_size_desc_20260523\QC_E4805_240426_DDA_293T_500ng_120min_R1.true_uncompressed_6c7be506\airdpro,<MSCODEC_ROOT>\benchmark\compression_benchmark_runs\full8_new15_all_methods_w8_size_desc_20260523\QC_E4805_240426_DDA_293T_500ng_120min_R1.true_uncompressed_6c7be506\airdpro\QC_E4805_240426_DDA_293T_500ng_120min_R1.true_uncompressed.aird; <MSCODEC_ROOT>\benchmark\compression_benchmark_runs\full8_new15_all_methods_w8_size_desc_20260523\QC_E4805_240426_DDA_293T_500ng_120min_R1.true_uncompressed_6c7be506\airdpro\QC_E4805_240426_DDA_293T_500ng_120min_R1.true_uncompressed.json
QC_E4805_240426_DDA_293T_500ng_120min_R1.true_uncompressed.mzML,<MSCODEC_ROOT>\benchmark\data_full8\QC_E4805_240426_DDA_293T_500ng_120min_R1.true_uncompressed.mzML,zdpd,ZDPD wrapper,ok,4277603821,796027910,5.373685730441285,0.18609201396633968,276.6013224000344,zdpd.cmd calls airdpro-compress.cmd; config used: ZDPD.,<MSCODEC_ROOT>\benchmark\compression_benchmark_runs\full8_new15_all_methods_w8_size_desc_20260523\QC_E4805_240426_DDA_293T_500ng_120min_R1.true_uncompressed_6c7be506\zdpd,<MSCODEC_ROOT>\benchmark\compression_benchmark_runs\full8_new15_all_methods_w8_size_desc_20260523\QC_E4805_240426_DDA_293T_500ng_120min_R1.true_uncompressed_6c7be506\zdpd\QC_E4805_240426_DDA_293T_500ng_120min_R1.true_uncompressed_with_zero_ZDPD.aird; <MSCODEC_ROOT>\benchmark\compression_benchmark_runs\full8_new15_all_methods_w8_size_desc_20260523\QC_E4805_240426_DDA_293T_500ng_120min_R1.true_uncompressed_6c7be506\zdpd\QC_E4805_240426_DDA_293T_500ng_120min_R1.true_uncompressed_with_zero_ZDPD.json
QC_E4805_240426_DDA_293T_500ng_120min_R1.true_uncompressed.mzML,<MSCODEC_ROOT>\benchmark\data_full8\QC_E4805_240426_DDA_293T_500ng_120min_R1.true_uncompressed.mzML,stackzdpd,StackZDPD wrapper,error,4277603821,,,,117.00451560004149,AirdPro wrapper returned a non-zero exit code.,<MSCODEC_ROOT>\benchmark\compression_benchmark_runs\full8_new15_all_methods_w8_size_desc_20260523\QC_E4805_240426_DDA_293T_500ng_120min_R1.true_uncompressed_6c7be506\stackzdpd,
QC_E4805_240426_DDA_293T_500ng_120min_R1.true_uncompressed.mzML,<MSCODEC_ROOT>\benchmark\data_full8\QC_E4805_240426_DDA_293T_500ng_120min_R1.true_uncompressed.mzML,trackcodec,TrackCodec,ok,4277603821,664990268,6.432581087036299,0.15545859219953226,3394.5477925000014,Stats JSON: <MSCODEC_ROOT>\benchmark\compression_benchmark_runs\trackcodec_ms2_high_mz_fix_2files_20260526\QC_E4805_240426_DDA_293T_500ng_120min_R1.true_uncompressed_6c7be506\trackcodec\QC_E4805_240426_DDA_293T_500ng_120min_R1.true_uncompressed.stats.json,<MSCODEC_ROOT>\benchmark\compression_benchmark_runs\trackcodec_ms2_high_mz_fix_2files_20260526\QC_E4805_240426_DDA_293T_500ng_120min_R1.true_uncompressed_6c7be506\trackcodec,<MSCODEC_ROOT>\benchmark\compression_benchmark_runs\trackcodec_ms2_high_mz_fix_2files_20260526\QC_E4805_240426_DDA_293T_500ng_120min_R1.true_uncompressed_6c7be506\trackcodec\QC_E4805_240426_DDA_293T_500ng_120min_R1.true_uncompressed.tcarchive
QC_E4804_240308_DIA_293T_500ng_120min_R1.true_uncompressed.mzML,<MSCODEC_ROOT>\benchmark\data_full8\QC_E4804_240308_DIA_293T_500ng_120min_R1.true_uncompressed.mzML,msconvert_zlib,msconvert zlib,ok,4242487825,2789681093,1.5207787856631538,0.6575578311765692,867.1392125999555,,<MSCODEC_ROOT>\benchmark\compression_benchmark_runs\full8_new15_all_methods_w8_size_desc_20260523\QC_E4804_240308_DIA_293T_500ng_120min_R1.true_uncompressed_11a909d4\msconvert_zlib,<MSCODEC_ROOT>\benchmark\compression_benchmark_runs\full8_new15_all_methods_w8_size_desc_20260523\QC_E4804_240308_DIA_293T_500ng_120min_R1.true_uncompressed_11a909d4\msconvert_zlib\msconvert.stderr.log; <MSCODEC_ROOT>\benchmark\compression_benchmark_runs\full8_new15_all_methods_w8_size_desc_20260523\QC_E4804_240308_DIA_293T_500ng_120min_R1.true_uncompressed_11a909d4\msconvert_zlib\msconvert.stdout.log; <MSCODEC_ROOT>\benchmark\compression_benchmark_runs\full8_new15_all_methods_w8_size_desc_20260523\QC_E4804_240308_DIA_293T_500ng_120min_R1.true_uncompressed_11a909d4\msconvert_zlib\QC_E4804_240308_DIA_293T_500ng_120min_R1.mzML
QC_E4804_240308_DIA_293T_500ng_120min_R1.true_uncompressed.mzML,<MSCODEC_ROOT>\benchmark\data_full8\QC_E4804_240308_DIA_293T_500ng_120min_R1.true_uncompressed.mzML,msconvert_gzip,msconvert gzip,ok,4242487825,2047699550,2.0718312044362173,0.4826648029331705,716.2330546999583,,<MSCODEC_ROOT>\benchmark\compression_benchmark_runs\full8_new15_all_methods_w8_size_desc_20260523\QC_E4804_240308_DIA_293T_500ng_120min_R1.true_uncompressed_11a909d4\msconvert_gzip,<MSCODEC_ROOT>\benchmark\compression_benchmark_runs\full8_new15_all_methods_w8_size_desc_20260523\QC_E4804_240308_DIA_293T_500ng_120min_R1.true_uncompressed_11a909d4\msconvert_gzip\msconvert.stderr.log; <MSCODEC_ROOT>\benchmark\compression_benchmark_runs\full8_new15_all_methods_w8_size_desc_20260523\QC_E4804_240308_DIA_293T_500ng_120min_R1.true_uncompressed_11a909d4\msconvert_gzip\msconvert.stdout.log; <MSCODEC_ROOT>\benchmark\compression_benchmark_runs\full8_new15_all_methods_w8_size_desc_20260523\QC_E4804_240308_DIA_293T_500ng_120min_R1.true_uncompressed_11a909d4\msconvert_gzip\QC_E4804_240308_DIA_293T_500ng_120min_R1.mzML.gz
QC_E4804_240308_DIA_293T_500ng_120min_R1.true_uncompressed.mzML,<MSCODEC_ROOT>\benchmark\data_full8\QC_E4804_240308_DIA_293T_500ng_120min_R1.true_uncompressed.mzML,msconvert_numpress,msconvert numpressAll+zlib,ok,4242487825,1785736687,2.3757633787136276,0.4209173392265422,367.1229079000186,,<MSCODEC_ROOT>\benchmark\compression_benchmark_runs\full8_new15_all_methods_w8_size_desc_20260523\QC_E4804_240308_DIA_293T_500ng_120min_R1.true_uncompressed_11a909d4\msconvert_numpress,<MSCODEC_ROOT>\benchmark\compression_benchmark_runs\full8_new15_all_methods_w8_size_desc_20260523\QC_E4804_240308_DIA_293T_500ng_120min_R1.true_uncompressed_11a909d4\msconvert_numpress\msconvert.stderr.log; <MSCODEC_ROOT>\benchmark\compression_benchmark_runs\full8_new15_all_methods_w8_size_desc_20260523\QC_E4804_240308_DIA_293T_500ng_120min_R1.true_uncompressed_11a909d4\msconvert_numpress\msconvert.stdout.log; <MSCODEC_ROOT>\benchmark\compression_benchmark_runs\full8_new15_all_methods_w8_size_desc_20260523\QC_E4804_240308_DIA_293T_500ng_120min_R1.true_uncompressed_11a909d4\msconvert_numpress\QC_E4804_240308_DIA_293T_500ng_120min_R1.mzML
QC_E4804_240308_DIA_293T_500ng_120min_R1.true_uncompressed.mzML,<MSCODEC_ROOT>\benchmark\data_full8\QC_E4804_240308_DIA_293T_500ng_120min_R1.true_uncompressed.mzML,mspack,mspack,ok,4242487825,1136081189,3.734317464348052,0.2677865525754337,1183.9912652999628,"Elapsed time includes msconvert normalization to uncompressed, non-indexed mzML with 64-bit m/z, 32-bit intensity, and 64-bit rt; mspack cannot read zlib-compressed binary arrays.",<MSCODEC_ROOT>\benchmark\compression_benchmark_runs\full8_new15_all_methods_w8_size_desc_20260523\QC_E4804_240308_DIA_293T_500ng_120min_R1.true_uncompressed_11a909d4\mspack,<MSCODEC_ROOT>\benchmark\compression_benchmark_runs\full8_new15_all_methods_w8_size_desc_20260523\QC_E4804_240308_DIA_293T_500ng_120min_R1.true_uncompressed_11a909d4\mspack\QC_E4804_240308_DIA_293T_500ng_120min_R1.true_uncompressed.mgz
QC_E4804_240308_DIA_293T_500ng_120min_R1.true_uncompressed.mzML,<MSCODEC_ROOT>\benchmark\data_full8\QC_E4804_240308_DIA_293T_500ng_120min_R1.true_uncompressed.mzML,masscomp,MassComp,ok,4242487825,1620689117,2.617706122968925,0.3820138522141781,1216.5823825999396,"Elapsed time includes mzML to mzXML conversion with 64-bit m/z, 32-bit intensity, and 64-bit rt. masscomp.cmd uses the 64-bit-safe MassComp build when available, so >2GB mzXML files do not trigger the original tinyxml2 file-length overflow.",<MSCODEC_ROOT>\benchmark\compression_benchmark_runs\full8_new15_all_methods_w8_size_desc_20260523\QC_E4804_240308_DIA_293T_500ng_120min_R1.true_uncompressed_11a909d4\masscomp,<MSCODEC_ROOT>\benchmark\compression_benchmark_runs\full8_new15_all_methods_w8_size_desc_20260523\QC_E4804_240308_DIA_293T_500ng_120min_R1.true_uncompressed_11a909d4\masscomp\QC_E4804_240308_DIA_293T_500ng_120min_R1.true_uncompressed.masscomp
QC_E4804_240308_DIA_293T_500ng_120min_R1.true_uncompressed.mzML,<MSCODEC_ROOT>\benchmark\data_full8\QC_E4804_240308_DIA_293T_500ng_120min_R1.true_uncompressed.mzML,airdpro,airdpro-compress,ok,4242487825,1064658991,3.9848325716154123,0.25095157250097705,201.6186582999071,,<MSCODEC_ROOT>\benchmark\compression_benchmark_runs\full8_new15_all_methods_w8_size_desc_20260523\QC_E4804_240308_DIA_293T_500ng_120min_R1.true_uncompressed_11a909d4\airdpro,<MSCODEC_ROOT>\benchmark\compression_benchmark_runs\full8_new15_all_methods_w8_size_desc_20260523\QC_E4804_240308_DIA_293T_500ng_120min_R1.true_uncompressed_11a909d4\airdpro\QC_E4804_240308_DIA_293T_500ng_120min_R1.true_uncompressed.aird; <MSCODEC_ROOT>\benchmark\compression_benchmark_runs\full8_new15_all_methods_w8_size_desc_20260523\QC_E4804_240308_DIA_293T_500ng_120min_R1.true_uncompressed_11a909d4\airdpro\QC_E4804_240308_DIA_293T_500ng_120min_R1.true_uncompressed.json
QC_E4804_240308_DIA_293T_500ng_120min_R1.true_uncompressed.mzML,<MSCODEC_ROOT>\benchmark\data_full8\QC_E4804_240308_DIA_293T_500ng_120min_R1.true_uncompressed.mzML,zdpd,ZDPD wrapper,ok,4242487825,1069745331,3.965885806703278,0.252150477532602,250.86618849996012,zdpd.cmd calls airdpro-compress.cmd; config used: ZDPD.,<MSCODEC_ROOT>\benchmark\compression_benchmark_runs\full8_new15_all_methods_w8_size_desc_20260523\QC_E4804_240308_DIA_293T_500ng_120min_R1.true_uncompressed_11a909d4\zdpd,<MSCODEC_ROOT>\benchmark\compression_benchmark_runs\full8_new15_all_methods_w8_size_desc_20260523\QC_E4804_240308_DIA_293T_500ng_120min_R1.true_uncompressed_11a909d4\zdpd\QC_E4804_240308_DIA_293T_500ng_120min_R1.true_uncompressed_with_zero_ZDPD.aird; <MSCODEC_ROOT>\benchmark\compression_benchmark_runs\full8_new15_all_methods_w8_size_desc_20260523\QC_E4804_240308_DIA_293T_500ng_120min_R1.true_uncompressed_11a909d4\zdpd\QC_E4804_240308_DIA_293T_500ng_120min_R1.true_uncompressed_with_zero_ZDPD.json
QC_E4804_240308_DIA_293T_500ng_120min_R1.true_uncompressed.mzML,<MSCODEC_ROOT>\benchmark\data_full8\QC_E4804_240308_DIA_293T_500ng_120min_R1.true_uncompressed.mzML,stackzdpd,StackZDPD wrapper,error,4242487825,,,,175.0051436999347,AirdPro wrapper returned a non-zero exit code.,<MSCODEC_ROOT>\benchmark\compression_benchmark_runs\full8_new15_all_methods_w8_size_desc_20260523\QC_E4804_240308_DIA_293T_500ng_120min_R1.true_uncompressed_11a909d4\stackzdpd,
QC_E4804_240308_DIA_293T_500ng_120min_R1.true_uncompressed.mzML,<MSCODEC_ROOT>\benchmark\data_full8\QC_E4804_240308_DIA_293T_500ng_120min_R1.true_uncompressed.mzML,trackcodec,TrackCodec,ok,4242487825,894648721,4.742071078196958,0.21087832373449417,5928.527580900001,Stats JSON: <MSCODEC_ROOT>\benchmark\compression_benchmark_runs\full8_new15_all_methods_w8_size_desc_20260523\QC_E4804_240308_DIA_293T_500ng_120min_R1.true_uncompressed_11a909d4\trackcodec\QC_E4804_240308_DIA_293T_500ng_120min_R1.true_uncompressed.stats.json,<MSCODEC_ROOT>\benchmark\compression_benchmark_runs\full8_new15_all_methods_w8_size_desc_20260523\QC_E4804_240308_DIA_293T_500ng_120min_R1.true_uncompressed_11a909d4\trackcodec,<MSCODEC_ROOT>\benchmark\compression_benchmark_runs\full8_new15_all_methods_w8_size_desc_20260523\QC_E4804_240308_DIA_293T_500ng_120min_R1.true_uncompressed_11a909d4\trackcodec\QC_E4804_240308_DIA_293T_500ng_120min_R1.true_uncompressed.tcarchive
QC_E4805_240416_DDA_293T_500ng_120min_R1.true_uncompressed.mzML,<MSCODEC_ROOT>\benchmark\data_full8\QC_E4805_240416_DDA_293T_500ng_120min_R1.true_uncompressed.mzML,msconvert_zlib,msconvert zlib,ok,4239649707,3103643485,1.3660234261732545,0.732051867369051,303.0569674000144,,<MSCODEC_ROOT>\benchmark\compression_benchmark_runs\full8_new15_all_methods_w8_size_desc_20260523\QC_E4805_240416_DDA_293T_500ng_120min_R1.true_uncompressed_2593e929\msconvert_zlib,<MSCODEC_ROOT>\benchmark\compression_benchmark_runs\full8_new15_all_methods_w8_size_desc_20260523\QC_E4805_240416_DDA_293T_500ng_120min_R1.true_uncompressed_2593e929\msconvert_zlib\msconvert.stderr.log; <MSCODEC_ROOT>\benchmark\compression_benchmark_runs\full8_new15_all_methods_w8_size_desc_20260523\QC_E4805_240416_DDA_293T_500ng_120min_R1.true_uncompressed_2593e929\msconvert_zlib\msconvert.stdout.log; <MSCODEC_ROOT>\benchmark\compression_benchmark_runs\full8_new15_all_methods_w8_size_desc_20260523\QC_E4805_240416_DDA_293T_500ng_120min_R1.true_uncompressed_2593e929\msconvert_zlib\QC_E4805_240416_DDA_293T_500ng_120min_R1.mzML
QC_E4805_240416_DDA_293T_500ng_120min_R1.true_uncompressed.mzML,<MSCODEC_ROOT>\benchmark\data_full8\QC_E4805_240416_DDA_293T_500ng_120min_R1.true_uncompressed.mzML,msconvert_gzip,msconvert gzip,ok,4239649707,1887117784,2.246626968886644,0.44511172252844805,599.3180897999555,,<MSCODEC_ROOT>\benchmark\compression_benchmark_runs\full8_new15_all_methods_w8_size_desc_20260523\QC_E4805_240416_DDA_293T_500ng_120min_R1.true_uncompressed_2593e929\msconvert_gzip,<MSCODEC_ROOT>\benchmark\compression_benchmark_runs\full8_new15_all_methods_w8_size_desc_20260523\QC_E4805_240416_DDA_293T_500ng_120min_R1.true_uncompressed_2593e929\msconvert_gzip\msconvert.stderr.log; <MSCODEC_ROOT>\benchmark\compression_benchmark_runs\full8_new15_all_methods_w8_size_desc_20260523\QC_E4805_240416_DDA_293T_500ng_120min_R1.true_uncompressed_2593e929\msconvert_gzip\msconvert.stdout.log; <MSCODEC_ROOT>\benchmark\compression_benchmark_runs\full8_new15_all_methods_w8_size_desc_20260523\QC_E4805_240416_DDA_293T_500ng_120min_R1.true_uncompressed_2593e929\msconvert_gzip\QC_E4805_240416_DDA_293T_500ng_120min_R1.mzML.gz
QC_E4805_240416_DDA_293T_500ng_120min_R1.true_uncompressed.mzML,<MSCODEC_ROOT>\benchmark\data_full8\QC_E4805_240416_DDA_293T_500ng_120min_R1.true_uncompressed.mzML,msconvert_numpress,msconvert numpressAll+zlib,ok,4239649707,1804908188,2.348955883289505,0.42572106488419376,222.6514262999408,,<MSCODEC_ROOT>\benchmark\compression_benchmark_runs\full8_new15_all_methods_w8_size_desc_20260523\QC_E4805_240416_DDA_293T_500ng_120min_R1.true_uncompressed_2593e929\msconvert_numpress,<MSCODEC_ROOT>\benchmark\compression_benchmark_runs\full8_new15_all_methods_w8_size_desc_20260523\QC_E4805_240416_DDA_293T_500ng_120min_R1.true_uncompressed_2593e929\msconvert_numpress\msconvert.stderr.log; <MSCODEC_ROOT>\benchmark\compression_benchmark_runs\full8_new15_all_methods_w8_size_desc_20260523\QC_E4805_240416_DDA_293T_500ng_120min_R1.true_uncompressed_2593e929\msconvert_numpress\msconvert.stdout.log; <MSCODEC_ROOT>\benchmark\compression_benchmark_runs\full8_new15_all_methods_w8_size_desc_20260523\QC_E4805_240416_DDA_293T_500ng_120min_R1.true_uncompressed_2593e929\msconvert_numpress\QC_E4805_240416_DDA_293T_500ng_120min_R1.mzML
QC_E4805_240416_DDA_293T_500ng_120min_R1.true_uncompressed.mzML,<MSCODEC_ROOT>\benchmark\data_full8\QC_E4805_240416_DDA_293T_500ng_120min_R1.true_uncompressed.mzML,mspack,mspack,ok,4239649707,969892283,4.371258315290668,0.22876707983648517,497.80995690007694,"Elapsed time includes msconvert normalization to uncompressed, non-indexed mzML with 64-bit m/z, 32-bit intensity, and 64-bit rt; mspack cannot read zlib-compressed binary arrays.",<MSCODEC_ROOT>\benchmark\compression_benchmark_runs\full8_new15_all_methods_w8_size_desc_20260523\QC_E4805_240416_DDA_293T_500ng_120min_R1.true_uncompressed_2593e929\mspack,<MSCODEC_ROOT>\benchmark\compression_benchmark_runs\full8_new15_all_methods_w8_size_desc_20260523\QC_E4805_240416_DDA_293T_500ng_120min_R1.true_uncompressed_2593e929\mspack\QC_E4805_240416_DDA_293T_500ng_120min_R1.true_uncompressed.mgz
QC_E4805_240416_DDA_293T_500ng_120min_R1.true_uncompressed.mzML,<MSCODEC_ROOT>\benchmark\data_full8\QC_E4805_240416_DDA_293T_500ng_120min_R1.true_uncompressed.mzML,masscomp,MassComp,ok,4239649707,1536648868,2.7590230893268717,0.36244712988029887,406.38798969995696,"Elapsed time includes mzML to mzXML conversion with 64-bit m/z, 32-bit intensity, and 64-bit rt. masscomp.cmd uses the 64-bit-safe MassComp build when available, so >2GB mzXML files do not trigger the original tinyxml2 file-length overflow.",<MSCODEC_ROOT>\benchmark\compression_benchmark_runs\full8_new15_all_methods_w8_size_desc_20260523\QC_E4805_240416_DDA_293T_500ng_120min_R1.true_uncompressed_2593e929\masscomp,<MSCODEC_ROOT>\benchmark\compression_benchmark_runs\full8_new15_all_methods_w8_size_desc_20260523\QC_E4805_240416_DDA_293T_500ng_120min_R1.true_uncompressed_2593e929\masscomp\QC_E4805_240416_DDA_293T_500ng_120min_R1.true_uncompressed.masscomp
QC_E4805_240416_DDA_293T_500ng_120min_R1.true_uncompressed.mzML,<MSCODEC_ROOT>\benchmark\data_full8\QC_E4805_240416_DDA_293T_500ng_120min_R1.true_uncompressed.mzML,airdpro,airdpro-compress,ok,4239649707,783431932,5.411637608613584,0.18478694848456262,190.92435570003,,<MSCODEC_ROOT>\benchmark\compression_benchmark_runs\full8_new15_all_methods_w8_size_desc_20260523\QC_E4805_240416_DDA_293T_500ng_120min_R1.true_uncompressed_2593e929\airdpro,<MSCODEC_ROOT>\benchmark\compression_benchmark_runs\full8_new15_all_methods_w8_size_desc_20260523\QC_E4805_240416_DDA_293T_500ng_120min_R1.true_uncompressed_2593e929\airdpro\QC_E4805_240416_DDA_293T_500ng_120min_R1.true_uncompressed.aird; <MSCODEC_ROOT>\benchmark\compression_benchmark_runs\full8_new15_all_methods_w8_size_desc_20260523\QC_E4805_240416_DDA_293T_500ng_120min_R1.true_uncompressed_2593e929\airdpro\QC_E4805_240416_DDA_293T_500ng_120min_R1.true_uncompressed.json
QC_E4805_240416_DDA_293T_500ng_120min_R1.true_uncompressed.mzML,<MSCODEC_ROOT>\benchmark\data_full8\QC_E4805_240416_DDA_293T_500ng_120min_R1.true_uncompressed.mzML,zdpd,ZDPD wrapper,ok,4239649707,791191488,5.358563345666328,0.18661718365403626,232.8140825999435,zdpd.cmd calls airdpro-compress.cmd; config used: ZDPD.,<MSCODEC_ROOT>\benchmark\compression_benchmark_runs\full8_new15_all_methods_w8_size_desc_20260523\QC_E4805_240416_DDA_293T_500ng_120min_R1.true_uncompressed_2593e929\zdpd,<MSCODEC_ROOT>\benchmark\compression_benchmark_runs\full8_new15_all_methods_w8_size_desc_20260523\QC_E4805_240416_DDA_293T_500ng_120min_R1.true_uncompressed_2593e929\zdpd\QC_E4805_240416_DDA_293T_500ng_120min_R1.true_uncompressed_with_zero_ZDPD.aird; <MSCODEC_ROOT>\benchmark\compression_benchmark_runs\full8_new15_all_methods_w8_size_desc_20260523\QC_E4805_240416_DDA_293T_500ng_120min_R1.true_uncompressed_2593e929\zdpd\QC_E4805_240416_DDA_293T_500ng_120min_R1.true_uncompressed_with_zero_ZDPD.json
QC_E4805_240416_DDA_293T_500ng_120min_R1.true_uncompressed.mzML,<MSCODEC_ROOT>\benchmark\data_full8\QC_E4805_240416_DDA_293T_500ng_120min_R1.true_uncompressed.mzML,stackzdpd,StackZDPD wrapper,error,4239649707,,,,134.2957772000227,AirdPro wrapper returned a non-zero exit code.,<MSCODEC_ROOT>\benchmark\compression_benchmark_runs\full8_new15_all_methods_w8_size_desc_20260523\QC_E4805_240416_DDA_293T_500ng_120min_R1.true_uncompressed_2593e929\stackzdpd,
QC_E4805_240416_DDA_293T_500ng_120min_R1.true_uncompressed.mzML,<MSCODEC_ROOT>\benchmark\data_full8\QC_E4805_240416_DDA_293T_500ng_120min_R1.true_uncompressed.mzML,trackcodec,TrackCodec,ok,4239649707,671027038,6.318150338079223,0.15827416989004559,2500.382211899967,Stats JSON: <MSCODEC_ROOT>\benchmark\compression_benchmark_runs\full8_new15_all_methods_w8_size_desc_20260523\QC_E4805_240416_DDA_293T_500ng_120min_R1.true_uncompressed_2593e929\trackcodec\QC_E4805_240416_DDA_293T_500ng_120min_R1.true_uncompressed.stats.json,<MSCODEC_ROOT>\benchmark\compression_benchmark_runs\full8_new15_all_methods_w8_size_desc_20260523\QC_E4805_240416_DDA_293T_500ng_120min_R1.true_uncompressed_2593e929\trackcodec,<MSCODEC_ROOT>\benchmark\compression_benchmark_runs\full8_new15_all_methods_w8_size_desc_20260523\QC_E4805_240416_DDA_293T_500ng_120min_R1.true_uncompressed_2593e929\trackcodec\QC_E4805_240416_DDA_293T_500ng_120min_R1.true_uncompressed.tcarchive
QC_E4806_240709_DDA_293T_200ng_120min_R1.true_uncompressed.mzML,<MSCODEC_ROOT>\benchmark\data_full8\QC_E4806_240709_DDA_293T_200ng_120min_R1.true_uncompressed.mzML,msconvert_zlib,msconvert zlib,ok,4203036344,3119365605,1.3474010027112548,0.7421695530786968,301.51911509991623,,<MSCODEC_ROOT>\benchmark\compression_benchmark_runs\full8_new15_all_methods_w8_size_desc_20260523\QC_E4806_240709_DDA_293T_200ng_120min_R1.true_uncompressed_1d2f617d\msconvert_zlib,<MSCODEC_ROOT>\benchmark\compression_benchmark_runs\full8_new15_all_methods_w8_size_desc_20260523\QC_E4806_240709_DDA_293T_200ng_120min_R1.true_uncompressed_1d2f617d\msconvert_zlib\msconvert.stderr.log; <MSCODEC_ROOT>\benchmark\compression_benchmark_runs\full8_new15_all_methods_w8_size_desc_20260523\QC_E4806_240709_DDA_293T_200ng_120min_R1.true_uncompressed_1d2f617d\msconvert_zlib\msconvert.stdout.log; <MSCODEC_ROOT>\benchmark\compression_benchmark_runs\full8_new15_all_methods_w8_size_desc_20260523\QC_E4806_240709_DDA_293T_200ng_120min_R1.true_uncompressed_1d2f617d\msconvert_zlib\QC_E4806_240709_DDA_293T_200ng_120min_R1.mzML
QC_E4806_240709_DDA_293T_200ng_120min_R1.true_uncompressed.mzML,<MSCODEC_ROOT>\benchmark\data_full8\QC_E4806_240709_DDA_293T_200ng_120min_R1.true_uncompressed.mzML,msconvert_gzip,msconvert gzip,ok,4203036344,1878653213,2.2372603495502075,0.44697524818738515,560.7089255000465,,<MSCODEC_ROOT>\benchmark\compression_benchmark_runs\full8_new15_all_methods_w8_size_desc_20260523\QC_E4806_240709_DDA_293T_200ng_120min_R1.true_uncompressed_1d2f617d\msconvert_gzip,<MSCODEC_ROOT>\benchmark\compression_benchmark_runs\full8_new15_all_methods_w8_size_desc_20260523\QC_E4806_240709_DDA_293T_200ng_120min_R1.true_uncompressed_1d2f617d\msconvert_gzip\msconvert.stderr.log; <MSCODEC_ROOT>\benchmark\compression_benchmark_runs\full8_new15_all_methods_w8_size_desc_20260523\QC_E4806_240709_DDA_293T_200ng_120min_R1.true_uncompressed_1d2f617d\msconvert_gzip\msconvert.stdout.log; <MSCODEC_ROOT>\benchmark\compression_benchmark_runs\full8_new15_all_methods_w8_size_desc_20260523\QC_E4806_240709_DDA_293T_200ng_120min_R1.true_uncompressed_1d2f617d\msconvert_gzip\QC_E4806_240709_DDA_293T_200ng_120min_R1.mzML.gz
QC_E4806_240709_DDA_293T_200ng_120min_R1.true_uncompressed.mzML,<MSCODEC_ROOT>\benchmark\data_full8\QC_E4806_240709_DDA_293T_200ng_120min_R1.true_uncompressed.mzML,msconvert_numpress,msconvert numpressAll+zlib,ok,4203036344,1667043793,2.5212513082432264,0.39662845061517743,227.93256720004138,,<MSCODEC_ROOT>\benchmark\compression_benchmark_runs\full8_new15_all_methods_w8_size_desc_20260523\QC_E4806_240709_DDA_293T_200ng_120min_R1.true_uncompressed_1d2f617d\msconvert_numpress,<MSCODEC_ROOT>\benchmark\compression_benchmark_runs\full8_new15_all_methods_w8_size_desc_20260523\QC_E4806_240709_DDA_293T_200ng_120min_R1.true_uncompressed_1d2f617d\msconvert_numpress\msconvert.stderr.log; <MSCODEC_ROOT>\benchmark\compression_benchmark_runs\full8_new15_all_methods_w8_size_desc_20260523\QC_E4806_240709_DDA_293T_200ng_120min_R1.true_uncompressed_1d2f617d\msconvert_numpress\msconvert.stdout.log; <MSCODEC_ROOT>\benchmark\compression_benchmark_runs\full8_new15_all_methods_w8_size_desc_20260523\QC_E4806_240709_DDA_293T_200ng_120min_R1.true_uncompressed_1d2f617d\msconvert_numpress\QC_E4806_240709_DDA_293T_200ng_120min_R1.mzML
QC_E4806_240709_DDA_293T_200ng_120min_R1.true_uncompressed.mzML,<MSCODEC_ROOT>\benchmark\data_full8\QC_E4806_240709_DDA_293T_200ng_120min_R1.true_uncompressed.mzML,mspack,mspack,ok,4203036344,928783457,4.525313529566882,0.22097916386706362,499.59383740008343,"Elapsed time includes msconvert normalization to uncompressed, non-indexed mzML with 64-bit m/z, 32-bit intensity, and 64-bit rt; mspack cannot read zlib-compressed binary arrays.",<MSCODEC_ROOT>\benchmark\compression_benchmark_runs\full8_new15_all_methods_w8_size_desc_20260523\QC_E4806_240709_DDA_293T_200ng_120min_R1.true_uncompressed_1d2f617d\mspack,<MSCODEC_ROOT>\benchmark\compression_benchmark_runs\full8_new15_all_methods_w8_size_desc_20260523\QC_E4806_240709_DDA_293T_200ng_120min_R1.true_uncompressed_1d2f617d\mspack\QC_E4806_240709_DDA_293T_200ng_120min_R1.true_uncompressed.mgz
QC_E4806_240709_DDA_293T_200ng_120min_R1.true_uncompressed.mzML,<MSCODEC_ROOT>\benchmark\data_full8\QC_E4806_240709_DDA_293T_200ng_120min_R1.true_uncompressed.mzML,masscomp,MassComp,ok,4203036344,1544470138,2.721345165949722,0.3674653302022458,385.6561658999417,"Elapsed time includes mzML to mzXML conversion with 64-bit m/z, 32-bit intensity, and 64-bit rt. masscomp.cmd uses the 64-bit-safe MassComp build when available, so >2GB mzXML files do not trigger the original tinyxml2 file-length overflow.",<MSCODEC_ROOT>\benchmark\compression_benchmark_runs\full8_new15_all_methods_w8_size_desc_20260523\QC_E4806_240709_DDA_293T_200ng_120min_R1.true_uncompressed_1d2f617d\masscomp,<MSCODEC_ROOT>\benchmark\compression_benchmark_runs\full8_new15_all_methods_w8_size_desc_20260523\QC_E4806_240709_DDA_293T_200ng_120min_R1.true_uncompressed_1d2f617d\masscomp\QC_E4806_240709_DDA_293T_200ng_120min_R1.true_uncompressed.masscomp
QC_E4806_240709_DDA_293T_200ng_120min_R1.true_uncompressed.mzML,<MSCODEC_ROOT>\benchmark\data_full8\QC_E4806_240709_DDA_293T_200ng_120min_R1.true_uncompressed.mzML,airdpro,airdpro-compress,ok,4203036344,660852429,6.360022539918666,0.15723214716984135,213.16527439991478,,<MSCODEC_ROOT>\benchmark\compression_benchmark_runs\full8_new15_all_methods_w8_size_desc_20260523\QC_E4806_240709_DDA_293T_200ng_120min_R1.true_uncompressed_1d2f617d\airdpro,<MSCODEC_ROOT>\benchmark\compression_benchmark_runs\full8_new15_all_methods_w8_size_desc_20260523\QC_E4806_240709_DDA_293T_200ng_120min_R1.true_uncompressed_1d2f617d\airdpro\QC_E4806_240709_DDA_293T_200ng_120min_R1.true_uncompressed.aird; <MSCODEC_ROOT>\benchmark\compression_benchmark_runs\full8_new15_all_methods_w8_size_desc_20260523\QC_E4806_240709_DDA_293T_200ng_120min_R1.true_uncompressed_1d2f617d\airdpro\QC_E4806_240709_DDA_293T_200ng_120min_R1.true_uncompressed.json
QC_E4806_240709_DDA_293T_200ng_120min_R1.true_uncompressed.mzML,<MSCODEC_ROOT>\benchmark\data_full8\QC_E4806_240709_DDA_293T_200ng_120min_R1.true_uncompressed.mzML,zdpd,ZDPD wrapper,ok,4203036344,668659079,6.2857687512233715,0.1590895305853201,252.81921210000291,zdpd.cmd calls airdpro-compress.cmd; config used: ZDPD.,<MSCODEC_ROOT>\benchmark\compression_benchmark_runs\full8_new15_all_methods_w8_size_desc_20260523\QC_E4806_240709_DDA_293T_200ng_120min_R1.true_uncompressed_1d2f617d\zdpd,<MSCODEC_ROOT>\benchmark\compression_benchmark_runs\full8_new15_all_methods_w8_size_desc_20260523\QC_E4806_240709_DDA_293T_200ng_120min_R1.true_uncompressed_1d2f617d\zdpd\QC_E4806_240709_DDA_293T_200ng_120min_R1.true_uncompressed_with_zero_ZDPD.aird; <MSCODEC_ROOT>\benchmark\compression_benchmark_runs\full8_new15_all_methods_w8_size_desc_20260523\QC_E4806_240709_DDA_293T_200ng_120min_R1.true_uncompressed_1d2f617d\zdpd\QC_E4806_240709_DDA_293T_200ng_120min_R1.true_uncompressed_with_zero_ZDPD.json
QC_E4806_240709_DDA_293T_200ng_120min_R1.true_uncompressed.mzML,<MSCODEC_ROOT>\benchmark\data_full8\QC_E4806_240709_DDA_293T_200ng_120min_R1.true_uncompressed.mzML,stackzdpd,StackZDPD wrapper,error,4203036344,,,,123.50978550000582,AirdPro wrapper returned a non-zero exit code.,<MSCODEC_ROOT>\benchmark\compression_benchmark_runs\full8_new15_all_methods_w8_size_desc_20260523\QC_E4806_240709_DDA_293T_200ng_120min_R1.true_uncompressed_1d2f617d\stackzdpd,
QC_E4806_240709_DDA_293T_200ng_120min_R1.true_uncompressed.mzML,<MSCODEC_ROOT>\benchmark\data_full8\QC_E4806_240709_DDA_293T_200ng_120min_R1.true_uncompressed.mzML,trackcodec,TrackCodec,ok,4203036344,568771916,7.389669260674256,0.1353240537193889,2293.592918899958,Stats JSON: <MSCODEC_ROOT>\benchmark\compression_benchmark_runs\full8_new15_all_methods_w8_size_desc_20260523\QC_E4806_240709_DDA_293T_200ng_120min_R1.true_uncompressed_1d2f617d\trackcodec\QC_E4806_240709_DDA_293T_200ng_120min_R1.true_uncompressed.stats.json,<MSCODEC_ROOT>\benchmark\compression_benchmark_runs\full8_new15_all_methods_w8_size_desc_20260523\QC_E4806_240709_DDA_293T_200ng_120min_R1.true_uncompressed_1d2f617d\trackcodec,<MSCODEC_ROOT>\benchmark\compression_benchmark_runs\full8_new15_all_methods_w8_size_desc_20260523\QC_E4806_240709_DDA_293T_200ng_120min_R1.true_uncompressed_1d2f617d\trackcodec\QC_E4806_240709_DDA_293T_200ng_120min_R1.true_uncompressed.tcarchive
QC_E4804_240320_DIA_293T_500ng_120min_R1.true_uncompressed.mzML,<MSCODEC_ROOT>\benchmark\data_full8\QC_E4804_240320_DIA_293T_500ng_120min_R1.true_uncompressed.mzML,msconvert_zlib,msconvert zlib,ok,3917957704,2601809989,1.5058585064107077,0.6640730159857795,337.8653461000649,,<MSCODEC_ROOT>\benchmark\compression_benchmark_runs\full8_new15_all_methods_w8_size_desc_20260523\QC_E4804_240320_DIA_293T_500ng_120min_R1.true_uncompressed_e05e6428\msconvert_zlib,<MSCODEC_ROOT>\benchmark\compression_benchmark_runs\full8_new15_all_methods_w8_size_desc_20260523\QC_E4804_240320_DIA_293T_500ng_120min_R1.true_uncompressed_e05e6428\msconvert_zlib\msconvert.stderr.log; <MSCODEC_ROOT>\benchmark\compression_benchmark_runs\full8_new15_all_methods_w8_size_desc_20260523\QC_E4804_240320_DIA_293T_500ng_120min_R1.true_uncompressed_e05e6428\msconvert_zlib\msconvert.stdout.log; <MSCODEC_ROOT>\benchmark\compression_benchmark_runs\full8_new15_all_methods_w8_size_desc_20260523\QC_E4804_240320_DIA_293T_500ng_120min_R1.true_uncompressed_e05e6428\msconvert_zlib\QC_E4804_240320_DIA_293T_500ng_120min_R1.mzML
QC_E4804_240320_DIA_293T_500ng_120min_R1.true_uncompressed.mzML,<MSCODEC_ROOT>\benchmark\data_full8\QC_E4804_240320_DIA_293T_500ng_120min_R1.true_uncompressed.mzML,msconvert_gzip,msconvert gzip,ok,3917957704,1871212935,2.0938064453899257,0.4775990647090457,696.4666548999958,,<MSCODEC_ROOT>\benchmark\compression_benchmark_runs\full8_new15_all_methods_w8_size_desc_20260523\QC_E4804_240320_DIA_293T_500ng_120min_R1.true_uncompressed_e05e6428\msconvert_gzip,<MSCODEC_ROOT>\benchmark\compression_benchmark_runs\full8_new15_all_methods_w8_size_desc_20260523\QC_E4804_240320_DIA_293T_500ng_120min_R1.true_uncompressed_e05e6428\msconvert_gzip\msconvert.stderr.log; <MSCODEC_ROOT>\benchmark\compression_benchmark_runs\full8_new15_all_methods_w8_size_desc_20260523\QC_E4804_240320_DIA_293T_500ng_120min_R1.true_uncompressed_e05e6428\msconvert_gzip\msconvert.stdout.log; <MSCODEC_ROOT>\benchmark\compression_benchmark_runs\full8_new15_all_methods_w8_size_desc_20260523\QC_E4804_240320_DIA_293T_500ng_120min_R1.true_uncompressed_e05e6428\msconvert_gzip\QC_E4804_240320_DIA_293T_500ng_120min_R1.mzML.gz
QC_E4804_240320_DIA_293T_500ng_120min_R1.true_uncompressed.mzML,<MSCODEC_ROOT>\benchmark\data_full8\QC_E4804_240320_DIA_293T_500ng_120min_R1.true_uncompressed.mzML,msconvert_numpress,msconvert numpressAll+zlib,ok,3917957704,1659084762,2.361517502744685,0.42345652693140967,170.2291063000448,,<MSCODEC_ROOT>\benchmark\compression_benchmark_runs\full8_new15_all_methods_w8_size_desc_20260523\QC_E4804_240320_DIA_293T_500ng_120min_R1.true_uncompressed_e05e6428\msconvert_numpress,<MSCODEC_ROOT>\benchmark\compression_benchmark_runs\full8_new15_all_methods_w8_size_desc_20260523\QC_E4804_240320_DIA_293T_500ng_120min_R1.true_uncompressed_e05e6428\msconvert_numpress\msconvert.stderr.log; <MSCODEC_ROOT>\benchmark\compression_benchmark_runs\full8_new15_all_methods_w8_size_desc_20260523\QC_E4804_240320_DIA_293T_500ng_120min_R1.true_uncompressed_e05e6428\msconvert_numpress\msconvert.stdout.log; <MSCODEC_ROOT>\benchmark\compression_benchmark_runs\full8_new15_all_methods_w8_size_desc_20260523\QC_E4804_240320_DIA_293T_500ng_120min_R1.true_uncompressed_e05e6428\msconvert_numpress\QC_E4804_240320_DIA_293T_500ng_120min_R1.mzML
QC_E4804_240320_DIA_293T_500ng_120min_R1.true_uncompressed.mzML,<MSCODEC_ROOT>\benchmark\data_full8\QC_E4804_240320_DIA_293T_500ng_120min_R1.true_uncompressed.mzML,mspack,mspack,ok,3917957704,1039966163,3.7673895972709643,0.265435780977997,406.03618449997157,"Elapsed time includes msconvert normalization to uncompressed, non-indexed mzML with 64-bit m/z, 32-bit intensity, and 64-bit rt; mspack cannot read zlib-compressed binary arrays.",<MSCODEC_ROOT>\benchmark\compression_benchmark_runs\full8_new15_all_methods_w8_size_desc_20260523\QC_E4804_240320_DIA_293T_500ng_120min_R1.true_uncompressed_e05e6428\mspack,<MSCODEC_ROOT>\benchmark\compression_benchmark_runs\full8_new15_all_methods_w8_size_desc_20260523\QC_E4804_240320_DIA_293T_500ng_120min_R1.true_uncompressed_e05e6428\mspack\QC_E4804_240320_DIA_293T_500ng_120min_R1.true_uncompressed.mgz
QC_E4804_240320_DIA_293T_500ng_120min_R1.true_uncompressed.mzML,<MSCODEC_ROOT>\benchmark\data_full8\QC_E4804_240320_DIA_293T_500ng_120min_R1.true_uncompressed.mzML,masscomp,MassComp,ok,3917957704,1480158818,2.6469846724245234,0.37778836062697835,394.07507510017604,"Elapsed time includes mzML to mzXML conversion with 64-bit m/z, 32-bit intensity, and 64-bit rt. masscomp.cmd uses the 64-bit-safe MassComp build when available, so >2GB mzXML files do not trigger the original tinyxml2 file-length overflow.",<MSCODEC_ROOT>\benchmark\compression_benchmark_runs\full8_new15_all_methods_w8_size_desc_20260523\QC_E4804_240320_DIA_293T_500ng_120min_R1.true_uncompressed_e05e6428\masscomp,<MSCODEC_ROOT>\benchmark\compression_benchmark_runs\full8_new15_all_methods_w8_size_desc_20260523\QC_E4804_240320_DIA_293T_500ng_120min_R1.true_uncompressed_e05e6428\masscomp\QC_E4804_240320_DIA_293T_500ng_120min_R1.true_uncompressed.masscomp
QC_E4804_240320_DIA_293T_500ng_120min_R1.true_uncompressed.mzML,<MSCODEC_ROOT>\benchmark\data_full8\QC_E4804_240320_DIA_293T_500ng_120min_R1.true_uncompressed.mzML,airdpro,airdpro-compress,ok,3917957704,948700128,4.129816775991833,0.24214149301086993,170.66044540004805,,<MSCODEC_ROOT>\benchmark\compression_benchmark_runs\full8_new15_all_methods_w8_size_desc_20260523\QC_E4804_240320_DIA_293T_500ng_120min_R1.true_uncompressed_e05e6428\airdpro,<MSCODEC_ROOT>\benchmark\compression_benchmark_runs\full8_new15_all_methods_w8_size_desc_20260523\QC_E4804_240320_DIA_293T_500ng_120min_R1.true_uncompressed_e05e6428\airdpro\QC_E4804_240320_DIA_293T_500ng_120min_R1.true_uncompressed.aird; <MSCODEC_ROOT>\benchmark\compression_benchmark_runs\full8_new15_all_methods_w8_size_desc_20260523\QC_E4804_240320_DIA_293T_500ng_120min_R1.true_uncompressed_e05e6428\airdpro\QC_E4804_240320_DIA_293T_500ng_120min_R1.true_uncompressed.json
QC_E4804_240320_DIA_293T_500ng_120min_R1.true_uncompressed.mzML,<MSCODEC_ROOT>\benchmark\data_full8\QC_E4804_240320_DIA_293T_500ng_120min_R1.true_uncompressed.mzML,zdpd,ZDPD wrapper,ok,3917957704,953758539,4.107913632005763,0.24343257662691706,159.76464489998762,zdpd.cmd calls airdpro-compress.cmd; config used: ZDPD.,<MSCODEC_ROOT>\benchmark\compression_benchmark_runs\full8_new15_all_methods_w8_size_desc_20260523\QC_E4804_240320_DIA_293T_500ng_120min_R1.true_uncompressed_e05e6428\zdpd,<MSCODEC_ROOT>\benchmark\compression_benchmark_runs\full8_new15_all_methods_w8_size_desc_20260523\QC_E4804_240320_DIA_293T_500ng_120min_R1.true_uncompressed_e05e6428\zdpd\QC_E4804_240320_DIA_293T_500ng_120min_R1.true_uncompressed_with_zero_ZDPD.aird; <MSCODEC_ROOT>\benchmark\compression_benchmark_runs\full8_new15_all_methods_w8_size_desc_20260523\QC_E4804_240320_DIA_293T_500ng_120min_R1.true_uncompressed_e05e6428\zdpd\QC_E4804_240320_DIA_293T_500ng_120min_R1.true_uncompressed_with_zero_ZDPD.json
QC_E4804_240320_DIA_293T_500ng_120min_R1.true_uncompressed.mzML,<MSCODEC_ROOT>\benchmark\data_full8\QC_E4804_240320_DIA_293T_500ng_120min_R1.true_uncompressed.mzML,stackzdpd,StackZDPD wrapper,error,3917957704,,,,106.08875729993451,AirdPro wrapper returned a non-zero exit code.,<MSCODEC_ROOT>\benchmark\compression_benchmark_runs\full8_new15_all_methods_w8_size_desc_20260523\QC_E4804_240320_DIA_293T_500ng_120min_R1.true_uncompressed_e05e6428\stackzdpd,
QC_E4804_240320_DIA_293T_500ng_120min_R1.true_uncompressed.mzML,<MSCODEC_ROOT>\benchmark\data_full8\QC_E4804_240320_DIA_293T_500ng_120min_R1.true_uncompressed.mzML,trackcodec,TrackCodec,ok,3917957704,800107800,4.896787287912954,0.20421552769268997,3848.3218878000043,Stats JSON: <MSCODEC_ROOT>\benchmark\compression_benchmark_runs\full8_new15_all_methods_w8_size_desc_20260523\QC_E4804_240320_DIA_293T_500ng_120min_R1.true_uncompressed_e05e6428\trackcodec\QC_E4804_240320_DIA_293T_500ng_120min_R1.true_uncompressed.stats.json,<MSCODEC_ROOT>\benchmark\compression_benchmark_runs\full8_new15_all_methods_w8_size_desc_20260523\QC_E4804_240320_DIA_293T_500ng_120min_R1.true_uncompressed_e05e6428\trackcodec,<MSCODEC_ROOT>\benchmark\compression_benchmark_runs\full8_new15_all_methods_w8_size_desc_20260523\QC_E4804_240320_DIA_293T_500ng_120min_R1.true_uncompressed_e05e6428\trackcodec\QC_E4804_240320_DIA_293T_500ng_120min_R1.true_uncompressed.tcarchive
QC_E4802_240703_DDA_293T_500ng_60min_R1.true_uncompressed.mzML,<MSCODEC_ROOT>\benchmark\data_full8\QC_E4802_240703_DDA_293T_500ng_60min_R1.true_uncompressed.mzML,msconvert_zlib,msconvert zlib,ok,3295611918,2347392295,1.4039459552711875,0.7122781302552627,266.9935200999025,,<MSCODEC_ROOT>\benchmark\compression_benchmark_runs\full8_new15_all_methods_w8_size_desc_20260523\QC_E4802_240703_DDA_293T_500ng_60min_R1.true_uncompressed_bbf2ca3a\msconvert_zlib,<MSCODEC_ROOT>\benchmark\compression_benchmark_runs\full8_new15_all_methods_w8_size_desc_20260523\QC_E4802_240703_DDA_293T_500ng_60min_R1.true_uncompressed_bbf2ca3a\msconvert_zlib\msconvert.stderr.log; <MSCODEC_ROOT>\benchmark\compression_benchmark_runs\full8_new15_all_methods_w8_size_desc_20260523\QC_E4802_240703_DDA_293T_500ng_60min_R1.true_uncompressed_bbf2ca3a\msconvert_zlib\msconvert.stdout.log; <MSCODEC_ROOT>\benchmark\compression_benchmark_runs\full8_new15_all_methods_w8_size_desc_20260523\QC_E4802_240703_DDA_293T_500ng_60min_R1.true_uncompressed_bbf2ca3a\msconvert_zlib\QC_E4802_240703_DDA_293T_500ng_60min_R1.mzML
QC_E4802_240703_DDA_293T_500ng_60min_R1.true_uncompressed.mzML,<MSCODEC_ROOT>\benchmark\data_full8\QC_E4802_240703_DDA_293T_500ng_60min_R1.true_uncompressed.mzML,msconvert_gzip,msconvert gzip,ok,3295611918,1588045091,2.075263439733148,0.4818665335946877,425.407735100016,,<MSCODEC_ROOT>\benchmark\compression_benchmark_runs\full8_new15_all_methods_w8_size_desc_20260523\QC_E4802_240703_DDA_293T_500ng_60min_R1.true_uncompressed_bbf2ca3a\msconvert_gzip,<MSCODEC_ROOT>\benchmark\compression_benchmark_runs\full8_new15_all_methods_w8_size_desc_20260523\QC_E4802_240703_DDA_293T_500ng_60min_R1.true_uncompressed_bbf2ca3a\msconvert_gzip\msconvert.stderr.log; <MSCODEC_ROOT>\benchmark\compression_benchmark_runs\full8_new15_all_methods_w8_size_desc_20260523\QC_E4802_240703_DDA_293T_500ng_60min_R1.true_uncompressed_bbf2ca3a\msconvert_gzip\msconvert.stdout.log; <MSCODEC_ROOT>\benchmark\compression_benchmark_runs\full8_new15_all_methods_w8_size_desc_20260523\QC_E4802_240703_DDA_293T_500ng_60min_R1.true_uncompressed_bbf2ca3a\msconvert_gzip\QC_E4802_240703_DDA_293T_500ng_60min_R1.mzML.gz
QC_E4802_240703_DDA_293T_500ng_60min_R1.true_uncompressed.mzML,<MSCODEC_ROOT>\benchmark\data_full8\QC_E4802_240703_DDA_293T_500ng_60min_R1.true_uncompressed.mzML,msconvert_numpress,msconvert numpressAll+zlib,ok,3295611918,1159479001,2.842321348776199,0.3518251025453416,153.47945909993723,,<MSCODEC_ROOT>\benchmark\compression_benchmark_runs\full8_new15_all_methods_w8_size_desc_20260523\QC_E4802_240703_DDA_293T_500ng_60min_R1.true_uncompressed_bbf2ca3a\msconvert_numpress,<MSCODEC_ROOT>\benchmark\compression_benchmark_runs\full8_new15_all_methods_w8_size_desc_20260523\QC_E4802_240703_DDA_293T_500ng_60min_R1.true_uncompressed_bbf2ca3a\msconvert_numpress\msconvert.stderr.log; <MSCODEC_ROOT>\benchmark\compression_benchmark_runs\full8_new15_all_methods_w8_size_desc_20260523\QC_E4802_240703_DDA_293T_500ng_60min_R1.true_uncompressed_bbf2ca3a\msconvert_numpress\msconvert.stdout.log; <MSCODEC_ROOT>\benchmark\compression_benchmark_runs\full8_new15_all_methods_w8_size_desc_20260523\QC_E4802_240703_DDA_293T_500ng_60min_R1.true_uncompressed_bbf2ca3a\msconvert_numpress\QC_E4802_240703_DDA_293T_500ng_60min_R1.mzML
QC_E4802_240703_DDA_293T_500ng_60min_R1.true_uncompressed.mzML,<MSCODEC_ROOT>\benchmark\data_full8\QC_E4802_240703_DDA_293T_500ng_60min_R1.true_uncompressed.mzML,mspack,mspack,ok,3295611918,781110957,4.21913415561011,0.23701545462125617,345.12314919999335,"Elapsed time includes msconvert normalization to uncompressed, non-indexed mzML with 64-bit m/z, 32-bit intensity, and 64-bit rt; mspack cannot read zlib-compressed binary arrays.",<MSCODEC_ROOT>\benchmark\compression_benchmark_runs\full8_new15_all_methods_w8_size_desc_20260523\QC_E4802_240703_DDA_293T_500ng_60min_R1.true_uncompressed_bbf2ca3a\mspack,<MSCODEC_ROOT>\benchmark\compression_benchmark_runs\full8_new15_all_methods_w8_size_desc_20260523\QC_E4802_240703_DDA_293T_500ng_60min_R1.true_uncompressed_bbf2ca3a\mspack\QC_E4802_240703_DDA_293T_500ng_60min_R1.true_uncompressed.mgz
QC_E4802_240703_DDA_293T_500ng_60min_R1.true_uncompressed.mzML,<MSCODEC_ROOT>\benchmark\data_full8\QC_E4802_240703_DDA_293T_500ng_60min_R1.true_uncompressed.mzML,masscomp,MassComp,ok,3295611918,1308097146,2.519393860064274,0.39692086888490247,348.3837133999914,"Elapsed time includes mzML to mzXML conversion with 64-bit m/z, 32-bit intensity, and 64-bit rt. masscomp.cmd uses the 64-bit-safe MassComp build when available, so >2GB mzXML files do not trigger the original tinyxml2 file-length overflow.",<MSCODEC_ROOT>\benchmark\compression_benchmark_runs\full8_new15_all_methods_w8_size_desc_20260523\QC_E4802_240703_DDA_293T_500ng_60min_R1.true_uncompressed_bbf2ca3a\masscomp,<MSCODEC_ROOT>\benchmark\compression_benchmark_runs\full8_new15_all_methods_w8_size_desc_20260523\QC_E4802_240703_DDA_293T_500ng_60min_R1.true_uncompressed_bbf2ca3a\masscomp\QC_E4802_240703_DDA_293T_500ng_60min_R1.true_uncompressed.masscomp
QC_E4802_240703_DDA_293T_500ng_60min_R1.true_uncompressed.mzML,<MSCODEC_ROOT>\benchmark\data_full8\QC_E4802_240703_DDA_293T_500ng_60min_R1.true_uncompressed.mzML,airdpro,airdpro-compress,ok,3295611918,593127348,5.556331079847628,0.17997487652003327,161.04891590005718,,<MSCODEC_ROOT>\benchmark\compression_benchmark_runs\full8_new15_all_methods_w8_size_desc_20260523\QC_E4802_240703_DDA_293T_500ng_60min_R1.true_uncompressed_bbf2ca3a\airdpro,<MSCODEC_ROOT>\benchmark\compression_benchmark_runs\full8_new15_all_methods_w8_size_desc_20260523\QC_E4802_240703_DDA_293T_500ng_60min_R1.true_uncompressed_bbf2ca3a\airdpro\QC_E4802_240703_DDA_293T_500ng_60min_R1.true_uncompressed.aird; <MSCODEC_ROOT>\benchmark\compression_benchmark_runs\full8_new15_all_methods_w8_size_desc_20260523\QC_E4802_240703_DDA_293T_500ng_60min_R1.true_uncompressed_bbf2ca3a\airdpro\QC_E4802_240703_DDA_293T_500ng_60min_R1.true_uncompressed.json
QC_E4802_240703_DDA_293T_500ng_60min_R1.true_uncompressed.mzML,<MSCODEC_ROOT>\benchmark\data_full8\QC_E4802_240703_DDA_293T_500ng_60min_R1.true_uncompressed.mzML,zdpd,ZDPD wrapper,ok,3295611918,597239225,5.518076810845772,0.18122255892388117,148.36686979990918,zdpd.cmd calls airdpro-compress.cmd; config used: ZDPD.,<MSCODEC_ROOT>\benchmark\compression_benchmark_runs\full8_new15_all_methods_w8_size_desc_20260523\QC_E4802_240703_DDA_293T_500ng_60min_R1.true_uncompressed_bbf2ca3a\zdpd,<MSCODEC_ROOT>\benchmark\compression_benchmark_runs\full8_new15_all_methods_w8_size_desc_20260523\QC_E4802_240703_DDA_293T_500ng_60min_R1.true_uncompressed_bbf2ca3a\zdpd\QC_E4802_240703_DDA_293T_500ng_60min_R1.true_uncompressed_with_zero_ZDPD.aird; <MSCODEC_ROOT>\benchmark\compression_benchmark_runs\full8_new15_all_methods_w8_size_desc_20260523\QC_E4802_240703_DDA_293T_500ng_60min_R1.true_uncompressed_bbf2ca3a\zdpd\QC_E4802_240703_DDA_293T_500ng_60min_R1.true_uncompressed_with_zero_ZDPD.json
QC_E4802_240703_DDA_293T_500ng_60min_R1.true_uncompressed.mzML,<MSCODEC_ROOT>\benchmark\data_full8\QC_E4802_240703_DDA_293T_500ng_60min_R1.true_uncompressed.mzML,stackzdpd,StackZDPD wrapper,error,3295611918,,,,93.18405339994933,AirdPro wrapper returned a non-zero exit code.,<MSCODEC_ROOT>\benchmark\compression_benchmark_runs\full8_new15_all_methods_w8_size_desc_20260523\QC_E4802_240703_DDA_293T_500ng_60min_R1.true_uncompressed_bbf2ca3a\stackzdpd,
QC_E4802_240703_DDA_293T_500ng_60min_R1.true_uncompressed.mzML,<MSCODEC_ROOT>\benchmark\data_full8\QC_E4802_240703_DDA_293T_500ng_60min_R1.true_uncompressed.mzML,trackcodec,TrackCodec,ok,3295611918,510676546,6.453423294673885,0.15495651754710033,1989.3723715000087,Stats JSON: <MSCODEC_ROOT>\benchmark\compression_benchmark_runs\full8_new15_all_methods_w8_size_desc_20260523\QC_E4802_240703_DDA_293T_500ng_60min_R1.true_uncompressed_bbf2ca3a\trackcodec\QC_E4802_240703_DDA_293T_500ng_60min_R1.true_uncompressed.stats.json,<MSCODEC_ROOT>\benchmark\compression_benchmark_runs\full8_new15_all_methods_w8_size_desc_20260523\QC_E4802_240703_DDA_293T_500ng_60min_R1.true_uncompressed_bbf2ca3a\trackcodec,<MSCODEC_ROOT>\benchmark\compression_benchmark_runs\full8_new15_all_methods_w8_size_desc_20260523\QC_E4802_240703_DDA_293T_500ng_60min_R1.true_uncompressed_bbf2ca3a\trackcodec\QC_E4802_240703_DDA_293T_500ng_60min_R1.true_uncompressed.tcarchive
QC_E4802_240511_DIA_293T_500ng_60min_26w_R1.true_uncompressed.mzML,<MSCODEC_ROOT>\benchmark\data_full8\QC_E4802_240511_DIA_293T_500ng_60min_26w_R1.true_uncompressed.mzML,msconvert_zlib,msconvert zlib,ok,2617709822,1742015113,1.5026906497337604,0.6654729635651724,246.90287190000527,,<MSCODEC_ROOT>\benchmark\compression_benchmark_runs\full8_new15_all_methods_w8_size_desc_20260523\QC_E4802_240511_DIA_293T_500ng_60min_26w_R1.true_uncompressed_7f720c3f\msconvert_zlib,<MSCODEC_ROOT>\benchmark\compression_benchmark_runs\full8_new15_all_methods_w8_size_desc_20260523\QC_E4802_240511_DIA_293T_500ng_60min_26w_R1.true_uncompressed_7f720c3f\msconvert_zlib\msconvert.stderr.log; <MSCODEC_ROOT>\benchmark\compression_benchmark_runs\full8_new15_all_methods_w8_size_desc_20260523\QC_E4802_240511_DIA_293T_500ng_60min_26w_R1.true_uncompressed_7f720c3f\msconvert_zlib\msconvert.stdout.log; <MSCODEC_ROOT>\benchmark\compression_benchmark_runs\full8_new15_all_methods_w8_size_desc_20260523\QC_E4802_240511_DIA_293T_500ng_60min_26w_R1.true_uncompressed_7f720c3f\msconvert_zlib\QC_E4802_240511_DIA_293T_500ng_60min_26w_R1.mzML
QC_E4802_240511_DIA_293T_500ng_60min_26w_R1.true_uncompressed.mzML,<MSCODEC_ROOT>\benchmark\data_full8\QC_E4802_240511_DIA_293T_500ng_60min_26w_R1.true_uncompressed.mzML,msconvert_gzip,msconvert gzip,ok,2617709822,1267423358,2.065379184845353,0.48417259520066086,464.97001819999423,,<MSCODEC_ROOT>\benchmark\compression_benchmark_runs\full8_new15_all_methods_w8_size_desc_20260523\QC_E4802_240511_DIA_293T_500ng_60min_26w_R1.true_uncompressed_7f720c3f\msconvert_gzip,<MSCODEC_ROOT>\benchmark\compression_benchmark_runs\full8_new15_all_methods_w8_size_desc_20260523\QC_E4802_240511_DIA_293T_500ng_60min_26w_R1.true_uncompressed_7f720c3f\msconvert_gzip\msconvert.stderr.log; <MSCODEC_ROOT>\benchmark\compression_benchmark_runs\full8_new15_all_methods_w8_size_desc_20260523\QC_E4802_240511_DIA_293T_500ng_60min_26w_R1.true_uncompressed_7f720c3f\msconvert_gzip\msconvert.stdout.log; <MSCODEC_ROOT>\benchmark\compression_benchmark_runs\full8_new15_all_methods_w8_size_desc_20260523\QC_E4802_240511_DIA_293T_500ng_60min_26w_R1.true_uncompressed_7f720c3f\msconvert_gzip\QC_E4802_240511_DIA_293T_500ng_60min_26w_R1.mzML.gz
QC_E4802_240511_DIA_293T_500ng_60min_26w_R1.true_uncompressed.mzML,<MSCODEC_ROOT>\benchmark\data_full8\QC_E4802_240511_DIA_293T_500ng_60min_26w_R1.true_uncompressed.mzML,msconvert_numpress,msconvert numpressAll+zlib,ok,2617709822,1059557035,2.4705699981502174,0.4047648926153588,103.95823870005552,,<MSCODEC_ROOT>\benchmark\compression_benchmark_runs\full8_new15_all_methods_w8_size_desc_20260523\QC_E4802_240511_DIA_293T_500ng_60min_26w_R1.true_uncompressed_7f720c3f\msconvert_numpress,<MSCODEC_ROOT>\benchmark\compression_benchmark_runs\full8_new15_all_methods_w8_size_desc_20260523\QC_E4802_240511_DIA_293T_500ng_60min_26w_R1.true_uncompressed_7f720c3f\msconvert_numpress\msconvert.stderr.log; <MSCODEC_ROOT>\benchmark\compression_benchmark_runs\full8_new15_all_methods_w8_size_desc_20260523\QC_E4802_240511_DIA_293T_500ng_60min_26w_R1.true_uncompressed_7f720c3f\msconvert_numpress\msconvert.stdout.log; <MSCODEC_ROOT>\benchmark\compression_benchmark_runs\full8_new15_all_methods_w8_size_desc_20260523\QC_E4802_240511_DIA_293T_500ng_60min_26w_R1.true_uncompressed_7f720c3f\msconvert_numpress\QC_E4802_240511_DIA_293T_500ng_60min_26w_R1.mzML
QC_E4802_240511_DIA_293T_500ng_60min_26w_R1.true_uncompressed.mzML,<MSCODEC_ROOT>\benchmark\data_full8\QC_E4802_240511_DIA_293T_500ng_60min_26w_R1.true_uncompressed.mzML,mspack,mspack,ok,2617709822,694090850,3.7714224614832483,0.2651519447139088,271.55195029999595,"Elapsed time includes msconvert normalization to uncompressed, non-indexed mzML with 64-bit m/z, 32-bit intensity, and 64-bit rt; mspack cannot read zlib-compressed binary arrays.",<MSCODEC_ROOT>\benchmark\compression_benchmark_runs\full8_new15_all_methods_w8_size_desc_20260523\QC_E4802_240511_DIA_293T_500ng_60min_26w_R1.true_uncompressed_7f720c3f\mspack,<MSCODEC_ROOT>\benchmark\compression_benchmark_runs\full8_new15_all_methods_w8_size_desc_20260523\QC_E4802_240511_DIA_293T_500ng_60min_26w_R1.true_uncompressed_7f720c3f\mspack\QC_E4802_240511_DIA_293T_500ng_60min_26w_R1.true_uncompressed.mgz
QC_E4802_240511_DIA_293T_500ng_60min_26w_R1.true_uncompressed.mzML,<MSCODEC_ROOT>\benchmark\data_full8\QC_E4802_240511_DIA_293T_500ng_60min_26w_R1.true_uncompressed.mzML,masscomp,MassComp,ok,2617709822,1013337845,2.5832547702785145,0.3871085467470886,231.38891540002078,"Elapsed time includes mzML to mzXML conversion with 64-bit m/z, 32-bit intensity, and 64-bit rt. masscomp.cmd uses the 64-bit-safe MassComp build when available, so >2GB mzXML files do not trigger the original tinyxml2 file-length overflow.",<MSCODEC_ROOT>\benchmark\compression_benchmark_runs\full8_new15_all_methods_w8_size_desc_20260523\QC_E4802_240511_DIA_293T_500ng_60min_26w_R1.true_uncompressed_7f720c3f\masscomp,<MSCODEC_ROOT>\benchmark\compression_benchmark_runs\full8_new15_all_methods_w8_size_desc_20260523\QC_E4802_240511_DIA_293T_500ng_60min_26w_R1.true_uncompressed_7f720c3f\masscomp\QC_E4802_240511_DIA_293T_500ng_60min_26w_R1.true_uncompressed.masscomp
QC_E4802_240511_DIA_293T_500ng_60min_26w_R1.true_uncompressed.mzML,<MSCODEC_ROOT>\benchmark\data_full8\QC_E4802_240511_DIA_293T_500ng_60min_26w_R1.true_uncompressed.mzML,airdpro,airdpro-compress,ok,2617709822,633837352,4.129939350750033,0.24213430635933947,90.68115139997099,,<MSCODEC_ROOT>\benchmark\compression_benchmark_runs\full8_new15_all_methods_w8_size_desc_20260523\QC_E4802_240511_DIA_293T_500ng_60min_26w_R1.true_uncompressed_7f720c3f\airdpro,<MSCODEC_ROOT>\benchmark\compression_benchmark_runs\full8_new15_all_methods_w8_size_desc_20260523\QC_E4802_240511_DIA_293T_500ng_60min_26w_R1.true_uncompressed_7f720c3f\airdpro\QC_E4802_240511_DIA_293T_500ng_60min_26w_R1.true_uncompressed.aird; <MSCODEC_ROOT>\benchmark\compression_benchmark_runs\full8_new15_all_methods_w8_size_desc_20260523\QC_E4802_240511_DIA_293T_500ng_60min_26w_R1.true_uncompressed_7f720c3f\airdpro\QC_E4802_240511_DIA_293T_500ng_60min_26w_R1.true_uncompressed.json
QC_E4802_240511_DIA_293T_500ng_60min_26w_R1.true_uncompressed.mzML,<MSCODEC_ROOT>\benchmark\data_full8\QC_E4802_240511_DIA_293T_500ng_60min_26w_R1.true_uncompressed.mzML,zdpd,ZDPD wrapper,ok,2617709822,637011911,4.109357732244979,0.24334703015833356,102.5251486999914,zdpd.cmd calls airdpro-compress.cmd; config used: ZDPD.,<MSCODEC_ROOT>\benchmark\compression_benchmark_runs\full8_new15_all_methods_w8_size_desc_20260523\QC_E4802_240511_DIA_293T_500ng_60min_26w_R1.true_uncompressed_7f720c3f\zdpd,<MSCODEC_ROOT>\benchmark\compression_benchmark_runs\full8_new15_all_methods_w8_size_desc_20260523\QC_E4802_240511_DIA_293T_500ng_60min_26w_R1.true_uncompressed_7f720c3f\zdpd\QC_E4802_240511_DIA_293T_500ng_60min_26w_R1.true_uncompressed_with_zero_ZDPD.aird; <MSCODEC_ROOT>\benchmark\compression_benchmark_runs\full8_new15_all_methods_w8_size_desc_20260523\QC_E4802_240511_DIA_293T_500ng_60min_26w_R1.true_uncompressed_7f720c3f\zdpd\QC_E4802_240511_DIA_293T_500ng_60min_26w_R1.true_uncompressed_with_zero_ZDPD.json
QC_E4802_240511_DIA_293T_500ng_60min_26w_R1.true_uncompressed.mzML,<MSCODEC_ROOT>\benchmark\data_full8\QC_E4802_240511_DIA_293T_500ng_60min_26w_R1.true_uncompressed.mzML,stackzdpd,StackZDPD wrapper,error,2617709822,,,,0.8266527000814676,AirdPro wrapper returned a non-zero exit code.,<MSCODEC_ROOT>\benchmark\compression_benchmark_runs\full8_new15_all_methods_w8_size_desc_20260523\QC_E4802_240511_DIA_293T_500ng_60min_26w_R1.true_uncompressed_7f720c3f\stackzdpd,
QC_E4802_240511_DIA_293T_500ng_60min_26w_R1.true_uncompressed.mzML,<MSCODEC_ROOT>\benchmark\data_full8\QC_E4802_240511_DIA_293T_500ng_60min_26w_R1.true_uncompressed.mzML,trackcodec,TrackCodec,ok,2617709822,544195793,4.810235315435451,0.20789003747719445,2465.693278299994,Stats JSON: <MSCODEC_ROOT>\benchmark\compression_benchmark_runs\full8_new15_all_methods_w8_size_desc_20260523\QC_E4802_240511_DIA_293T_500ng_60min_26w_R1.true_uncompressed_7f720c3f\trackcodec\QC_E4802_240511_DIA_293T_500ng_60min_26w_R1.true_uncompressed.stats.json,<MSCODEC_ROOT>\benchmark\compression_benchmark_runs\full8_new15_all_methods_w8_size_desc_20260523\QC_E4802_240511_DIA_293T_500ng_60min_26w_R1.true_uncompressed_7f720c3f\trackcodec,<MSCODEC_ROOT>\benchmark\compression_benchmark_runs\full8_new15_all_methods_w8_size_desc_20260523\QC_E4802_240511_DIA_293T_500ng_60min_26w_R1.true_uncompressed_7f720c3f\trackcodec\QC_E4802_240511_DIA_293T_500ng_60min_26w_R1.true_uncompressed.tcarchive
QC_E4802_240508_DIA_293T_500ng_60min_26w_R3.true_uncompressed.mzML,<MSCODEC_ROOT>\benchmark\data_full8\QC_E4802_240508_DIA_293T_500ng_60min_26w_R3.true_uncompressed.mzML,msconvert_zlib,msconvert zlib,ok,2600466882,1729986309,1.5031719433104485,0.6652598888971354,228.67128350003622,,<MSCODEC_ROOT>\benchmark\compression_benchmark_runs\full8_new15_all_methods_w8_size_desc_20260523\QC_E4802_240508_DIA_293T_500ng_60min_26w_R3.true_uncompressed_7b8c2953\msconvert_zlib,<MSCODEC_ROOT>\benchmark\compression_benchmark_runs\full8_new15_all_methods_w8_size_desc_20260523\QC_E4802_240508_DIA_293T_500ng_60min_26w_R3.true_uncompressed_7b8c2953\msconvert_zlib\msconvert.stderr.log; <MSCODEC_ROOT>\benchmark\compression_benchmark_runs\full8_new15_all_methods_w8_size_desc_20260523\QC_E4802_240508_DIA_293T_500ng_60min_26w_R3.true_uncompressed_7b8c2953\msconvert_zlib\msconvert.stdout.log; <MSCODEC_ROOT>\benchmark\compression_benchmark_runs\full8_new15_all_methods_w8_size_desc_20260523\QC_E4802_240508_DIA_293T_500ng_60min_26w_R3.true_uncompressed_7b8c2953\msconvert_zlib\QC_E4802_240508_DIA_293T_500ng_60min_26w_R3.mzML
QC_E4802_240508_DIA_293T_500ng_60min_26w_R3.true_uncompressed.mzML,<MSCODEC_ROOT>\benchmark\data_full8\QC_E4802_240508_DIA_293T_500ng_60min_26w_R3.true_uncompressed.mzML,msconvert_gzip,msconvert gzip,ok,2600466882,1257746767,2.0675599812533645,0.4836619053701142,464.98718080006074,,<MSCODEC_ROOT>\benchmark\compression_benchmark_runs\full8_new15_all_methods_w8_size_desc_20260523\QC_E4802_240508_DIA_293T_500ng_60min_26w_R3.true_uncompressed_7b8c2953\msconvert_gzip,<MSCODEC_ROOT>\benchmark\compression_benchmark_runs\full8_new15_all_methods_w8_size_desc_20260523\QC_E4802_240508_DIA_293T_500ng_60min_26w_R3.true_uncompressed_7b8c2953\msconvert_gzip\msconvert.stderr.log; <MSCODEC_ROOT>\benchmark\compression_benchmark_runs\full8_new15_all_methods_w8_size_desc_20260523\QC_E4802_240508_DIA_293T_500ng_60min_26w_R3.true_uncompressed_7b8c2953\msconvert_gzip\msconvert.stdout.log; <MSCODEC_ROOT>\benchmark\compression_benchmark_runs\full8_new15_all_methods_w8_size_desc_20260523\QC_E4802_240508_DIA_293T_500ng_60min_26w_R3.true_uncompressed_7b8c2953\msconvert_gzip\QC_E4802_240508_DIA_293T_500ng_60min_26w_R3.mzML.gz
QC_E4802_240508_DIA_293T_500ng_60min_26w_R3.true_uncompressed.mzML,<MSCODEC_ROOT>\benchmark\data_full8\QC_E4802_240508_DIA_293T_500ng_60min_26w_R3.true_uncompressed.mzML,msconvert_numpress,msconvert numpressAll+zlib,ok,2600466882,1056542438,2.4612990339721685,0.4062895187449651,111.79700250003953,,<MSCODEC_ROOT>\benchmark\compression_benchmark_runs\full8_new15_all_methods_w8_size_desc_20260523\QC_E4802_240508_DIA_293T_500ng_60min_26w_R3.true_uncompressed_7b8c2953\msconvert_numpress,<MSCODEC_ROOT>\benchmark\compression_benchmark_runs\full8_new15_all_methods_w8_size_desc_20260523\QC_E4802_240508_DIA_293T_500ng_60min_26w_R3.true_uncompressed_7b8c2953\msconvert_numpress\msconvert.stderr.log; <MSCODEC_ROOT>\benchmark\compression_benchmark_runs\full8_new15_all_methods_w8_size_desc_20260523\QC_E4802_240508_DIA_293T_500ng_60min_26w_R3.true_uncompressed_7b8c2953\msconvert_numpress\msconvert.stdout.log; <MSCODEC_ROOT>\benchmark\compression_benchmark_runs\full8_new15_all_methods_w8_size_desc_20260523\QC_E4802_240508_DIA_293T_500ng_60min_26w_R3.true_uncompressed_7b8c2953\msconvert_numpress\QC_E4802_240508_DIA_293T_500ng_60min_26w_R3.mzML
QC_E4802_240508_DIA_293T_500ng_60min_26w_R3.true_uncompressed.mzML,<MSCODEC_ROOT>\benchmark\data_full8\QC_E4802_240508_DIA_293T_500ng_60min_26w_R3.true_uncompressed.mzML,mspack,mspack,ok,2600466882,688688253,3.775971015437082,0.264832541328246,247.5327144000912,"Elapsed time includes msconvert normalization to uncompressed, non-indexed mzML with 64-bit m/z, 32-bit intensity, and 64-bit rt; mspack cannot read zlib-compressed binary arrays.",<MSCODEC_ROOT>\benchmark\compression_benchmark_runs\full8_new15_all_methods_w8_size_desc_20260523\QC_E4802_240508_DIA_293T_500ng_60min_26w_R3.true_uncompressed_7b8c2953\mspack,<MSCODEC_ROOT>\benchmark\compression_benchmark_runs\full8_new15_all_methods_w8_size_desc_20260523\QC_E4802_240508_DIA_293T_500ng_60min_26w_R3.true_uncompressed_7b8c2953\mspack\QC_E4802_240508_DIA_293T_500ng_60min_26w_R3.true_uncompressed.mgz
QC_E4802_240508_DIA_293T_500ng_60min_26w_R3.true_uncompressed.mzML,<MSCODEC_ROOT>\benchmark\data_full8\QC_E4802_240508_DIA_293T_500ng_60min_26w_R3.true_uncompressed.mzML,masscomp,MassComp,ok,2600466882,1004864729,2.5878775589903307,0.38641704532194077,222.1330672999611,"Elapsed time includes mzML to mzXML conversion with 64-bit m/z, 32-bit intensity, and 64-bit rt. masscomp.cmd uses the 64-bit-safe MassComp build when available, so >2GB mzXML files do not trigger the original tinyxml2 file-length overflow.",<MSCODEC_ROOT>\benchmark\compression_benchmark_runs\full8_new15_all_methods_w8_size_desc_20260523\QC_E4802_240508_DIA_293T_500ng_60min_26w_R3.true_uncompressed_7b8c2953\masscomp,<MSCODEC_ROOT>\benchmark\compression_benchmark_runs\full8_new15_all_methods_w8_size_desc_20260523\QC_E4802_240508_DIA_293T_500ng_60min_26w_R3.true_uncompressed_7b8c2953\masscomp\QC_E4802_240508_DIA_293T_500ng_60min_26w_R3.true_uncompressed.masscomp
QC_E4802_240508_DIA_293T_500ng_60min_26w_R3.true_uncompressed.mzML,<MSCODEC_ROOT>\benchmark\data_full8\QC_E4802_240508_DIA_293T_500ng_60min_26w_R3.true_uncompressed.mzML,airdpro,airdpro-compress,ok,2600466882,631015052,4.121085342984814,0.24265452345030095,109.89476779999677,,<MSCODEC_ROOT>\benchmark\compression_benchmark_runs\full8_new15_all_methods_w8_size_desc_20260523\QC_E4802_240508_DIA_293T_500ng_60min_26w_R3.true_uncompressed_7b8c2953\airdpro,<MSCODEC_ROOT>\benchmark\compression_benchmark_runs\full8_new15_all_methods_w8_size_desc_20260523\QC_E4802_240508_DIA_293T_500ng_60min_26w_R3.true_uncompressed_7b8c2953\airdpro\QC_E4802_240508_DIA_293T_500ng_60min_26w_R3.true_uncompressed.aird; <MSCODEC_ROOT>\benchmark\compression_benchmark_runs\full8_new15_all_methods_w8_size_desc_20260523\QC_E4802_240508_DIA_293T_500ng_60min_26w_R3.true_uncompressed_7b8c2953\airdpro\QC_E4802_240508_DIA_293T_500ng_60min_26w_R3.true_uncompressed.json
QC_E4802_240508_DIA_293T_500ng_60min_26w_R3.true_uncompressed.mzML,<MSCODEC_ROOT>\benchmark\data_full8\QC_E4802_240508_DIA_293T_500ng_60min_26w_R3.true_uncompressed.mzML,zdpd,ZDPD wrapper,ok,2600466882,634189846,4.1004549322286055,0.24387537883668384,104.47870289999992,zdpd.cmd calls airdpro-compress.cmd; config used: ZDPD.,<MSCODEC_ROOT>\benchmark\compression_benchmark_runs\full8_new15_all_methods_w8_size_desc_20260523\QC_E4802_240508_DIA_293T_500ng_60min_26w_R3.true_uncompressed_7b8c2953\zdpd,<MSCODEC_ROOT>\benchmark\compression_benchmark_runs\full8_new15_all_methods_w8_size_desc_20260523\QC_E4802_240508_DIA_293T_500ng_60min_26w_R3.true_uncompressed_7b8c2953\zdpd\QC_E4802_240508_DIA_293T_500ng_60min_26w_R3.true_uncompressed_with_zero_ZDPD.aird; <MSCODEC_ROOT>\benchmark\compression_benchmark_runs\full8_new15_all_methods_w8_size_desc_20260523\QC_E4802_240508_DIA_293T_500ng_60min_26w_R3.true_uncompressed_7b8c2953\zdpd\QC_E4802_240508_DIA_293T_500ng_60min_26w_R3.true_uncompressed_with_zero_ZDPD.json
QC_E4802_240508_DIA_293T_500ng_60min_26w_R3.true_uncompressed.mzML,<MSCODEC_ROOT>\benchmark\data_full8\QC_E4802_240508_DIA_293T_500ng_60min_26w_R3.true_uncompressed.mzML,stackzdpd,StackZDPD wrapper,error,2600466882,,,,2.042509900056757,AirdPro wrapper returned a non-zero exit code.,<MSCODEC_ROOT>\benchmark\compression_benchmark_runs\full8_new15_all_methods_w8_size_desc_20260523\QC_E4802_240508_DIA_293T_500ng_60min_26w_R3.true_uncompressed_7b8c2953\stackzdpd,
QC_E4802_240508_DIA_293T_500ng_60min_26w_R3.true_uncompressed.mzML,<MSCODEC_ROOT>\benchmark\data_full8\QC_E4802_240508_DIA_293T_500ng_60min_26w_R3.true_uncompressed.mzML,trackcodec,TrackCodec,ok,2600466882,540880791,4.807837374280131,0.20799372402851465,2450.932281599962,Stats JSON: <MSCODEC_ROOT>\benchmark\compression_benchmark_runs\full8_new15_all_methods_w8_size_desc_20260523\QC_E4802_240508_DIA_293T_500ng_60min_26w_R3.true_uncompressed_7b8c2953\trackcodec\QC_E4802_240508_DIA_293T_500ng_60min_26w_R3.true_uncompressed.stats.json,<MSCODEC_ROOT>\benchmark\compression_benchmark_runs\full8_new15_all_methods_w8_size_desc_20260523\QC_E4802_240508_DIA_293T_500ng_60min_26w_R3.true_uncompressed_7b8c2953\trackcodec,<MSCODEC_ROOT>\benchmark\compression_benchmark_runs\full8_new15_all_methods_w8_size_desc_20260523\QC_E4802_240508_DIA_293T_500ng_60min_26w_R3.true_uncompressed_7b8c2953\trackcodec\QC_E4802_240508_DIA_293T_500ng_60min_26w_R3.true_uncompressed.tcarchive
QC_E4805_240328_DDA_293T_1ug_60min_NewCol_R1.true_uncompressed.mzML,<MSCODEC_ROOT>\benchmark\data_full8\QC_E4805_240328_DDA_293T_1ug_60min_NewCol_R1.true_uncompressed.mzML,msconvert_zlib,msconvert zlib,ok,2536249410,1820828922,1.3929092290637506,0.7179218710986314,201.63090220000595,,<MSCODEC_ROOT>\benchmark\compression_benchmark_runs\full8_new15_all_methods_w8_size_desc_20260523\QC_E4805_240328_DDA_293T_1ug_60min_NewCol_R1.true_uncompressed_34ed9d12\msconvert_zlib,<MSCODEC_ROOT>\benchmark\compression_benchmark_runs\full8_new15_all_methods_w8_size_desc_20260523\QC_E4805_240328_DDA_293T_1ug_60min_NewCol_R1.true_uncompressed_34ed9d12\msconvert_zlib\msconvert.stderr.log; <MSCODEC_ROOT>\benchmark\compression_benchmark_runs\full8_new15_all_methods_w8_size_desc_20260523\QC_E4805_240328_DDA_293T_1ug_60min_NewCol_R1.true_uncompressed_34ed9d12\msconvert_zlib\msconvert.stdout.log; <MSCODEC_ROOT>\benchmark\compression_benchmark_runs\full8_new15_all_methods_w8_size_desc_20260523\QC_E4805_240328_DDA_293T_1ug_60min_NewCol_R1.true_uncompressed_34ed9d12\msconvert_zlib\QC_E4805_240328_DDA_293T_1ug_60min_NewCol_R1.mzML
QC_E4805_240328_DDA_293T_1ug_60min_NewCol_R1.true_uncompressed.mzML,<MSCODEC_ROOT>\benchmark\data_full8\QC_E4805_240328_DDA_293T_1ug_60min_NewCol_R1.true_uncompressed.mzML,msconvert_gzip,msconvert gzip,ok,2536249410,1163510288,2.1798255126386987,0.4587523148995035,335.63155470008496,,<MSCODEC_ROOT>\benchmark\compression_benchmark_runs\full8_new15_all_methods_w8_size_desc_20260523\QC_E4805_240328_DDA_293T_1ug_60min_NewCol_R1.true_uncompressed_34ed9d12\msconvert_gzip,<MSCODEC_ROOT>\benchmark\compression_benchmark_runs\full8_new15_all_methods_w8_size_desc_20260523\QC_E4805_240328_DDA_293T_1ug_60min_NewCol_R1.true_uncompressed_34ed9d12\msconvert_gzip\msconvert.stderr.log; <MSCODEC_ROOT>\benchmark\compression_benchmark_runs\full8_new15_all_methods_w8_size_desc_20260523\QC_E4805_240328_DDA_293T_1ug_60min_NewCol_R1.true_uncompressed_34ed9d12\msconvert_gzip\msconvert.stdout.log; <MSCODEC_ROOT>\benchmark\compression_benchmark_runs\full8_new15_all_methods_w8_size_desc_20260523\QC_E4805_240328_DDA_293T_1ug_60min_NewCol_R1.true_uncompressed_34ed9d12\msconvert_gzip\QC_E4805_240328_DDA_293T_1ug_60min_NewCol_R1.mzML.gz
QC_E4805_240328_DDA_293T_1ug_60min_NewCol_R1.true_uncompressed.mzML,<MSCODEC_ROOT>\benchmark\data_full8\QC_E4805_240328_DDA_293T_1ug_60min_NewCol_R1.true_uncompressed.mzML,msconvert_numpress,msconvert numpressAll+zlib,ok,2536249410,1054931724,2.4041834673274076,0.4159416340682362,128.76558430003934,,<MSCODEC_ROOT>\benchmark\compression_benchmark_runs\full8_new15_all_methods_w8_size_desc_20260523\QC_E4805_240328_DDA_293T_1ug_60min_NewCol_R1.true_uncompressed_34ed9d12\msconvert_numpress,<MSCODEC_ROOT>\benchmark\compression_benchmark_runs\full8_new15_all_methods_w8_size_desc_20260523\QC_E4805_240328_DDA_293T_1ug_60min_NewCol_R1.true_uncompressed_34ed9d12\msconvert_numpress\msconvert.stderr.log; <MSCODEC_ROOT>\benchmark\compression_benchmark_runs\full8_new15_all_methods_w8_size_desc_20260523\QC_E4805_240328_DDA_293T_1ug_60min_NewCol_R1.true_uncompressed_34ed9d12\msconvert_numpress\msconvert.stdout.log; <MSCODEC_ROOT>\benchmark\compression_benchmark_runs\full8_new15_all_methods_w8_size_desc_20260523\QC_E4805_240328_DDA_293T_1ug_60min_NewCol_R1.true_uncompressed_34ed9d12\msconvert_numpress\QC_E4805_240328_DDA_293T_1ug_60min_NewCol_R1.mzML
QC_E4805_240328_DDA_293T_1ug_60min_NewCol_R1.true_uncompressed.mzML,<MSCODEC_ROOT>\benchmark\data_full8\QC_E4805_240328_DDA_293T_1ug_60min_NewCol_R1.true_uncompressed.mzML,mspack,mspack,ok,2536249410,607338474,4.176006491563055,0.23946322928863686,197.6586110999342,"Elapsed time includes msconvert normalization to uncompressed, non-indexed mzML with 64-bit m/z, 32-bit intensity, and 64-bit rt; mspack cannot read zlib-compressed binary arrays.",<MSCODEC_ROOT>\benchmark\compression_benchmark_runs\full8_new15_all_methods_w8_size_desc_20260523\QC_E4805_240328_DDA_293T_1ug_60min_NewCol_R1.true_uncompressed_34ed9d12\mspack,<MSCODEC_ROOT>\benchmark\compression_benchmark_runs\full8_new15_all_methods_w8_size_desc_20260523\QC_E4805_240328_DDA_293T_1ug_60min_NewCol_R1.true_uncompressed_34ed9d12\mspack\QC_E4805_240328_DDA_293T_1ug_60min_NewCol_R1.true_uncompressed.mgz
QC_E4805_240328_DDA_293T_1ug_60min_NewCol_R1.true_uncompressed.mzML,<MSCODEC_ROOT>\benchmark\data_full8\QC_E4805_240328_DDA_293T_1ug_60min_NewCol_R1.true_uncompressed.mzML,masscomp,MassComp,ok,2536249410,949723705,2.670512904592605,0.37445990179648775,195.9543493000092,"Elapsed time includes mzML to mzXML conversion with 64-bit m/z, 32-bit intensity, and 64-bit rt. masscomp.cmd uses the 64-bit-safe MassComp build when available, so >2GB mzXML files do not trigger the original tinyxml2 file-length overflow.",<MSCODEC_ROOT>\benchmark\compression_benchmark_runs\full8_new15_all_methods_w8_size_desc_20260523\QC_E4805_240328_DDA_293T_1ug_60min_NewCol_R1.true_uncompressed_34ed9d12\masscomp,<MSCODEC_ROOT>\benchmark\compression_benchmark_runs\full8_new15_all_methods_w8_size_desc_20260523\QC_E4805_240328_DDA_293T_1ug_60min_NewCol_R1.true_uncompressed_34ed9d12\masscomp\QC_E4805_240328_DDA_293T_1ug_60min_NewCol_R1.true_uncompressed.masscomp
QC_E4805_240328_DDA_293T_1ug_60min_NewCol_R1.true_uncompressed.mzML,<MSCODEC_ROOT>\benchmark\data_full8\QC_E4805_240328_DDA_293T_1ug_60min_NewCol_R1.true_uncompressed.mzML,airdpro,airdpro-compress,ok,2536249410,504771837,5.024546189172594,0.19902294900878853,113.22341779991984,,<MSCODEC_ROOT>\benchmark\compression_benchmark_runs\full8_new15_all_methods_w8_size_desc_20260523\QC_E4805_240328_DDA_293T_1ug_60min_NewCol_R1.true_uncompressed_34ed9d12\airdpro,<MSCODEC_ROOT>\benchmark\compression_benchmark_runs\full8_new15_all_methods_w8_size_desc_20260523\QC_E4805_240328_DDA_293T_1ug_60min_NewCol_R1.true_uncompressed_34ed9d12\airdpro\QC_E4805_240328_DDA_293T_1ug_60min_NewCol_R1.true_uncompressed.aird; <MSCODEC_ROOT>\benchmark\compression_benchmark_runs\full8_new15_all_methods_w8_size_desc_20260523\QC_E4805_240328_DDA_293T_1ug_60min_NewCol_R1.true_uncompressed_34ed9d12\airdpro\QC_E4805_240328_DDA_293T_1ug_60min_NewCol_R1.true_uncompressed.json
QC_E4805_240328_DDA_293T_1ug_60min_NewCol_R1.true_uncompressed.mzML,<MSCODEC_ROOT>\benchmark\data_full8\QC_E4805_240328_DDA_293T_1ug_60min_NewCol_R1.true_uncompressed.mzML,zdpd,ZDPD wrapper,ok,2536249410,508881207,4.983971455640726,0.20064320369817257,117.7484867000021,zdpd.cmd calls airdpro-compress.cmd; config used: ZDPD.,<MSCODEC_ROOT>\benchmark\compression_benchmark_runs\full8_new15_all_methods_w8_size_desc_20260523\QC_E4805_240328_DDA_293T_1ug_60min_NewCol_R1.true_uncompressed_34ed9d12\zdpd,<MSCODEC_ROOT>\benchmark\compression_benchmark_runs\full8_new15_all_methods_w8_size_desc_20260523\QC_E4805_240328_DDA_293T_1ug_60min_NewCol_R1.true_uncompressed_34ed9d12\zdpd\QC_E4805_240328_DDA_293T_1ug_60min_NewCol_R1.true_uncompressed_with_zero_ZDPD.aird; <MSCODEC_ROOT>\benchmark\compression_benchmark_runs\full8_new15_all_methods_w8_size_desc_20260523\QC_E4805_240328_DDA_293T_1ug_60min_NewCol_R1.true_uncompressed_34ed9d12\zdpd\QC_E4805_240328_DDA_293T_1ug_60min_NewCol_R1.true_uncompressed_with_zero_ZDPD.json
QC_E4805_240328_DDA_293T_1ug_60min_NewCol_R1.true_uncompressed.mzML,<MSCODEC_ROOT>\benchmark\data_full8\QC_E4805_240328_DDA_293T_1ug_60min_NewCol_R1.true_uncompressed.mzML,stackzdpd,StackZDPD wrapper,error,2536249410,,,,0.8784846999915317,AirdPro wrapper returned a non-zero exit code.,<MSCODEC_ROOT>\benchmark\compression_benchmark_runs\full8_new15_all_methods_w8_size_desc_20260523\QC_E4805_240328_DDA_293T_1ug_60min_NewCol_R1.true_uncompressed_34ed9d12\stackzdpd,
QC_E4805_240328_DDA_293T_1ug_60min_NewCol_R1.true_uncompressed.mzML,<MSCODEC_ROOT>\benchmark\data_full8\QC_E4805_240328_DDA_293T_1ug_60min_NewCol_R1.true_uncompressed.mzML,trackcodec,TrackCodec,ok,2536249410,431633004,5.875939482143956,0.17018555127036974,2460.7252803000156,Stats JSON: <MSCODEC_ROOT>\benchmark\compression_benchmark_runs\trackcodec_ms2_high_mz_fix_2files_20260526\QC_E4805_240328_DDA_293T_1ug_60min_NewCol_R1.true_uncompressed_34ed9d12\trackcodec\QC_E4805_240328_DDA_293T_1ug_60min_NewCol_R1.true_uncompressed.stats.json,<MSCODEC_ROOT>\benchmark\compression_benchmark_runs\trackcodec_ms2_high_mz_fix_2files_20260526\QC_E4805_240328_DDA_293T_1ug_60min_NewCol_R1.true_uncompressed_34ed9d12\trackcodec,<MSCODEC_ROOT>\benchmark\compression_benchmark_runs\trackcodec_ms2_high_mz_fix_2files_20260526\QC_E4805_240328_DDA_293T_1ug_60min_NewCol_R1.true_uncompressed_34ed9d12\trackcodec\QC_E4805_240328_DDA_293T_1ug_60min_NewCol_R1.true_uncompressed.tcarchive
