dataset_key,dataset,file,sample_id,input_path,combined_file_label,raw_bytes,raw_gib,vendor_raw_bytes,vendor_raw_gib,source_csv,method,display_name,status,compressed_bytes,compressed_gib,compression_ratio,compression_rate_pct,elapsed_seconds,note

data_stackzdpd,Data_StackZDPD,File13_SA1.uncompressed.mzML,data_stackzdpd::File13_SA1.uncompressed.mzML,<MSCODEC_ROOT>\benchmark\data_StackZDPD\File13_SA1.uncompressed.mzML,SZ-File13,2880410525,2.682591346092522,736586891,0.6859999997541308,<TRACKCODEC_PUBLIC_RELEASE>\experiments\benchmarks\compression_benchmark_release\inputs\whole_file_summaries\data_stackzdpd_summary.csv,original_mzml,Original mzML,ok,2880410525,2.682591346092522,1.0,100.0,nan,

data_stackzdpd,Data_StackZDPD,File13_SA1.uncompressed.mzML,data_stackzdpd::File13_SA1.uncompressed.mzML,<MSCODEC_ROOT>\benchmark\data_StackZDPD\File13_SA1.uncompressed.mzML,SZ-File13,2880410525,2.682591346092522,736586891,0.6859999997541308,<TRACKCODEC_PUBLIC_RELEASE>\experiments\benchmarks\compression_benchmark_release\inputs\whole_file_summaries\data_stackzdpd_summary.csv,msconvert_zlib,zlib mzML,ok,1896629884,1.7663742266595364,1.5186993252079328,65.8458184185395,176.87175450002542,

data_stackzdpd,Data_StackZDPD,File13_SA1.uncompressed.mzML,data_stackzdpd::File13_SA1.uncompressed.mzML,<MSCODEC_ROOT>\benchmark\data_StackZDPD\File13_SA1.uncompressed.mzML,SZ-File13,2880410525,2.682591346092522,736586891,0.6859999997541308,<TRACKCODEC_PUBLIC_RELEASE>\experiments\benchmarks\compression_benchmark_release\inputs\whole_file_summaries\data_stackzdpd_summary.csv,msconvert_gzip,gzip mzML,ok,1596197868,1.4865751080214977,1.8045447765251619,55.415637949732876,228.59911069995724,

data_stackzdpd,Data_StackZDPD,File13_SA1.uncompressed.mzML,data_stackzdpd::File13_SA1.uncompressed.mzML,<MSCODEC_ROOT>\benchmark\data_StackZDPD\File13_SA1.uncompressed.mzML,SZ-File13,2880410525,2.682591346092522,736586891,0.6859999997541308,<TRACKCODEC_PUBLIC_RELEASE>\experiments\benchmarks\compression_benchmark_release\inputs\whole_file_summaries\data_stackzdpd_summary.csv,msconvert_numpress,Numpress+zlib,ok,500315380,0.4659550078213215,5.757189645059483,17.36958588567857,62.891543000005186,

data_stackzdpd,Data_StackZDPD,File13_SA1.uncompressed.mzML,data_stackzdpd::File13_SA1.uncompressed.mzML,<MSCODEC_ROOT>\benchmark\data_StackZDPD\File13_SA1.uncompressed.mzML,SZ-File13,2880410525,2.682591346092522,736586891,0.6859999997541308,<TRACKCODEC_PUBLIC_RELEASE>\experiments\benchmarks\compression_benchmark_release\inputs\whole_file_summaries\data_stackzdpd_summary.csv,mspack,mspack,ok,682631140,0.6357497908174992,4.219570945737987,23.69909198967394,4691.051633100025,"Elapsed time includes msconvert normalization to uncompressed, non-indexed mzML with 64-bit m/z, 32-bit intensity, and 64-bit rt; mspack cannot read zlib-compressed binary arrays."

data_stackzdpd,Data_StackZDPD,File13_SA1.uncompressed.mzML,data_stackzdpd::File13_SA1.uncompressed.mzML,<MSCODEC_ROOT>\benchmark\data_StackZDPD\File13_SA1.uncompressed.mzML,SZ-File13,2880410525,2.682591346092522,736586891,0.6859999997541308,<TRACKCODEC_PUBLIC_RELEASE>\experiments\benchmarks\compression_benchmark_release\inputs\whole_file_summaries\data_stackzdpd_summary.csv,masscomp,MassComp,ok,1320829142,1.2301179971545935,2.1807593680424717,45.855586574764374,3994.9112856999855,"Elapsed time includes mzML to mzXML conversion with 64-bit m/z, 32-bit intensity, and 64-bit rt. masscomp.cmd uses the 64-bit-safe MassComp build when available, so >2GB mzXML files do not trigger the original tinyxml2 file-length overflow."

data_stackzdpd,Data_StackZDPD,File13_SA1.uncompressed.mzML,data_stackzdpd::File13_SA1.uncompressed.mzML,<MSCODEC_ROOT>\benchmark\data_StackZDPD\File13_SA1.uncompressed.mzML,SZ-File13,2880410525,2.682591346092522,736586891,0.6859999997541308,<TRACKCODEC_PUBLIC_RELEASE>\experiments\benchmarks\compression_benchmark_release\inputs\whole_file_summaries\data_stackzdpd_summary.csv,airdpro,AirdPro,ok,394026345,0.3669656300917268,7.310197811773221,13.679520387115652,91.67329840001184,

data_stackzdpd,Data_StackZDPD,File13_SA1.uncompressed.mzML,data_stackzdpd::File13_SA1.uncompressed.mzML,<MSCODEC_ROOT>\benchmark\data_StackZDPD\File13_SA1.uncompressed.mzML,SZ-File13,2880410525,2.682591346092522,736586891,0.6859999997541308,<TRACKCODEC_PUBLIC_RELEASE>\experiments\benchmarks\compression_benchmark_release\inputs\whole_file_summaries\data_stackzdpd_summary.csv,zdpd,ZDPD,ok,393939018,0.36688430048525333,7.311818310416766,13.676488631772376,86.95007690001512,zdpd.cmd calls airdpro-compress.cmd; config used: ZDPD.

data_stackzdpd,Data_StackZDPD,File13_SA1.uncompressed.mzML,data_stackzdpd::File13_SA1.uncompressed.mzML,<MSCODEC_ROOT>\benchmark\data_StackZDPD\File13_SA1.uncompressed.mzML,SZ-File13,2880410525,2.682591346092522,736586891,0.6859999997541308,<TRACKCODEC_PUBLIC_RELEASE>\experiments\benchmarks\compression_benchmark_release\inputs\whole_file_summaries\data_stackzdpd_summary.csv,stackzdpd,Stack-ZDPD,ok,426945563,0.397624040953815,6.746552194524153,14.82238588195688,76.44579979998525,stackzdpd.cmd calls airdpro-compress.cmd; config used: StackZDPD.

data_stackzdpd,Data_StackZDPD,File13_SA1.uncompressed.mzML,data_stackzdpd::File13_SA1.uncompressed.mzML,<MSCODEC_ROOT>\benchmark\data_StackZDPD\File13_SA1.uncompressed.mzML,SZ-File13,2880410525,2.682591346092522,736586891,0.6859999997541308,<TRACKCODEC_PUBLIC_RELEASE>\experiments\benchmarks\compression_benchmark_release\inputs\whole_file_summaries\data_stackzdpd_summary.csv,trackcodec,TrackCodec,ok,346098305,0.32232916448265314,8.322521328152705,12.015589513928749,1614.3838710000273,Stats JSON: <MSCODEC_ROOT>\benchmark\compression_benchmark_runs\data_stackzdpd_lt20g_all_methods_w5_size_desc_20260521\File13_SA1.uncompressed_c225b0d5\trackcodec\File13_SA1.uncompressed.stats.json

data_stackzdpd,Data_StackZDPD,File14_LFQ_Orbitrap_AIF_Human_01.uncompressed.mzML,data_stackzdpd::File14_LFQ_Orbitrap_AIF_Human_01.uncompressed.mzML,<MSCODEC_ROOT>\benchmark\data_StackZDPD\File14_LFQ_Orbitrap_AIF_Human_01.uncompressed.mzML,SZ-File14,2456324576,2.2876305282115936,1695438340,1.578999999910593,<TRACKCODEC_PUBLIC_RELEASE>\experiments\benchmarks\compression_benchmark_release\inputs\whole_file_summaries\data_stackzdpd_summary.csv,original_mzml,Original mzML,ok,2456324576,2.2876305282115936,1.0,100.0,nan,

data_stackzdpd,Data_StackZDPD,File14_LFQ_Orbitrap_AIF_Human_01.uncompressed.mzML,data_stackzdpd::File14_LFQ_Orbitrap_AIF_Human_01.uncompressed.mzML,<MSCODEC_ROOT>\benchmark\data_StackZDPD\File14_LFQ_Orbitrap_AIF_Human_01.uncompressed.mzML,SZ-File14,2456324576,2.2876305282115936,1695438340,1.578999999910593,<TRACKCODEC_PUBLIC_RELEASE>\experiments\benchmarks\compression_benchmark_release\inputs\whole_file_summaries\data_stackzdpd_summary.csv,msconvert_zlib,zlib mzML,ok,1988097756,1.8515603207051754,1.2355149884289693,80.93790924151874,259.5387783999904,

data_stackzdpd,Data_StackZDPD,File14_LFQ_Orbitrap_AIF_Human_01.uncompressed.mzML,data_stackzdpd::File14_LFQ_Orbitrap_AIF_Human_01.uncompressed.mzML,<MSCODEC_ROOT>\benchmark\data_StackZDPD\File14_LFQ_Orbitrap_AIF_Human_01.uncompressed.mzML,SZ-File14,2456324576,2.2876305282115936,1695438340,1.578999999910593,<TRACKCODEC_PUBLIC_RELEASE>\experiments\benchmarks\compression_benchmark_release\inputs\whole_file_summaries\data_stackzdpd_summary.csv,msconvert_gzip,gzip mzML,ok,694874406,0.6471522208303213,3.534918763434784,28.28919324381665,307.23274960002163,

data_stackzdpd,Data_StackZDPD,File14_LFQ_Orbitrap_AIF_Human_01.uncompressed.mzML,data_stackzdpd::File14_LFQ_Orbitrap_AIF_Human_01.uncompressed.mzML,<MSCODEC_ROOT>\benchmark\data_StackZDPD\File14_LFQ_Orbitrap_AIF_Human_01.uncompressed.mzML,SZ-File14,2456324576,2.2876305282115936,1695438340,1.578999999910593,<TRACKCODEC_PUBLIC_RELEASE>\experiments\benchmarks\compression_benchmark_release\inputs\whole_file_summaries\data_stackzdpd_summary.csv,msconvert_numpress,Numpress+zlib,ok,1842077292,1.7155681662261486,1.3334535888736203,74.99323623589393,138.6002448000363,

data_stackzdpd,Data_StackZDPD,File14_LFQ_Orbitrap_AIF_Human_01.uncompressed.mzML,data_stackzdpd::File14_LFQ_Orbitrap_AIF_Human_01.uncompressed.mzML,<MSCODEC_ROOT>\benchmark\data_StackZDPD\File14_LFQ_Orbitrap_AIF_Human_01.uncompressed.mzML,SZ-File14,2456324576,2.2876305282115936,1695438340,1.578999999910593,<TRACKCODEC_PUBLIC_RELEASE>\experiments\benchmarks\compression_benchmark_release\inputs\whole_file_summaries\data_stackzdpd_summary.csv,mspack,mspack,ok,431521458,0.4018856752663851,5.692242020557875,17.567770245685967,6042.396125800093,"Elapsed time includes msconvert normalization to uncompressed, non-indexed mzML with 64-bit m/z, 32-bit intensity, and 64-bit rt; mspack cannot read zlib-compressed binary arrays."

data_stackzdpd,Data_StackZDPD,File14_LFQ_Orbitrap_AIF_Human_01.uncompressed.mzML,data_stackzdpd::File14_LFQ_Orbitrap_AIF_Human_01.uncompressed.mzML,<MSCODEC_ROOT>\benchmark\data_StackZDPD\File14_LFQ_Orbitrap_AIF_Human_01.uncompressed.mzML,SZ-File14,2456324576,2.2876305282115936,1695438340,1.578999999910593,<TRACKCODEC_PUBLIC_RELEASE>\experiments\benchmarks\compression_benchmark_release\inputs\whole_file_summaries\data_stackzdpd_summary.csv,masscomp,MassComp,ok,541412552,0.5042297318577766,4.536881472227116,22.04157208253247,2033.3342574000126,"Elapsed time includes mzML to mzXML conversion with 64-bit m/z, 32-bit intensity, and 64-bit rt. masscomp.cmd uses the 64-bit-safe MassComp build when available, so >2GB mzXML files do not trigger the original tinyxml2 file-length overflow."

data_stackzdpd,Data_StackZDPD,File14_LFQ_Orbitrap_AIF_Human_01.uncompressed.mzML,data_stackzdpd::File14_LFQ_Orbitrap_AIF_Human_01.uncompressed.mzML,<MSCODEC_ROOT>\benchmark\data_StackZDPD\File14_LFQ_Orbitrap_AIF_Human_01.uncompressed.mzML,SZ-File14,2456324576,2.2876305282115936,1695438340,1.578999999910593,<TRACKCODEC_PUBLIC_RELEASE>\experiments\benchmarks\compression_benchmark_release\inputs\whole_file_summaries\data_stackzdpd_summary.csv,airdpro,AirdPro,ok,493546949,0.45965141523629427,4.976881289565018,20.092904407760155,149.77973740000743,

data_stackzdpd,Data_StackZDPD,File14_LFQ_Orbitrap_AIF_Human_01.uncompressed.mzML,data_stackzdpd::File14_LFQ_Orbitrap_AIF_Human_01.uncompressed.mzML,<MSCODEC_ROOT>\benchmark\data_StackZDPD\File14_LFQ_Orbitrap_AIF_Human_01.uncompressed.mzML,SZ-File14,2456324576,2.2876305282115936,1695438340,1.578999999910593,<TRACKCODEC_PUBLIC_RELEASE>\experiments\benchmarks\compression_benchmark_release\inputs\whole_file_summaries\data_stackzdpd_summary.csv,zdpd,ZDPD,ok,501574542,0.46712769381701946,4.897227371639608,20.4197176098278,151.29515690001426,zdpd.cmd calls airdpro-compress.cmd; config used: ZDPD.

data_stackzdpd,Data_StackZDPD,File14_LFQ_Orbitrap_AIF_Human_01.uncompressed.mzML,data_stackzdpd::File14_LFQ_Orbitrap_AIF_Human_01.uncompressed.mzML,<MSCODEC_ROOT>\benchmark\data_StackZDPD\File14_LFQ_Orbitrap_AIF_Human_01.uncompressed.mzML,SZ-File14,2456324576,2.2876305282115936,1695438340,1.578999999910593,<TRACKCODEC_PUBLIC_RELEASE>\experiments\benchmarks\compression_benchmark_release\inputs\whole_file_summaries\data_stackzdpd_summary.csv,stackzdpd,Stack-ZDPD,error,0,nan,nan,nan,52.66888629994355,AirdPro wrapper returned a non-zero exit code.

data_stackzdpd,Data_StackZDPD,File14_LFQ_Orbitrap_AIF_Human_01.uncompressed.mzML,data_stackzdpd::File14_LFQ_Orbitrap_AIF_Human_01.uncompressed.mzML,<MSCODEC_ROOT>\benchmark\data_StackZDPD\File14_LFQ_Orbitrap_AIF_Human_01.uncompressed.mzML,SZ-File14,2456324576,2.2876305282115936,1695438340,1.578999999910593,<TRACKCODEC_PUBLIC_RELEASE>\experiments\benchmarks\compression_benchmark_release\inputs\whole_file_summaries\data_stackzdpd_summary.csv,trackcodec,TrackCodec,ok,391277592,0.36440565437078476,6.277703160675759,15.929392875153972,1343.0522567000007,Stats JSON: <MSCODEC_ROOT>\benchmark\compression_benchmark_runs\data_stackzdpd_lt20g_all_methods_w5_size_desc_20260521\File14_LFQ_Orbitrap_AIF_Human_01.uncompressed_c0adc53a\trackcodec\File14_LFQ_Orbitrap_AIF_Human_01.uncompressed.stats.json

data_stackzdpd,Data_StackZDPD,File15_LFQ_Orbitrap_DDA_Human_01.uncompressed.mzML,data_stackzdpd::File15_LFQ_Orbitrap_DDA_Human_01.uncompressed.mzML,<MSCODEC_ROOT>\benchmark\data_StackZDPD\File15_LFQ_Orbitrap_DDA_Human_01.uncompressed.mzML,SZ-File15,13782862091,12.836290608160198,3704409293,3.4500000001862645,<TRACKCODEC_PUBLIC_RELEASE>\experiments\benchmarks\compression_benchmark_release\inputs\whole_file_summaries\data_stackzdpd_summary.csv,original_mzml,Original mzML,ok,13782862091,12.836290608160198,1.0,100.0,nan,

data_stackzdpd,Data_StackZDPD,File15_LFQ_Orbitrap_DDA_Human_01.uncompressed.mzML,data_stackzdpd::File15_LFQ_Orbitrap_DDA_Human_01.uncompressed.mzML,<MSCODEC_ROOT>\benchmark\data_StackZDPD\File15_LFQ_Orbitrap_DDA_Human_01.uncompressed.mzML,SZ-File15,13782862091,12.836290608160198,3704409293,3.4500000001862645,<TRACKCODEC_PUBLIC_RELEASE>\experiments\benchmarks\compression_benchmark_release\inputs\whole_file_summaries\data_stackzdpd_summary.csv,msconvert_zlib,zlib mzML,ok,9425977802,8.77862591482699,1.4622209367048964,68.38911787527078,1065.3432296999963,

data_stackzdpd,Data_StackZDPD,File15_LFQ_Orbitrap_DDA_Human_01.uncompressed.mzML,data_stackzdpd::File15_LFQ_Orbitrap_DDA_Human_01.uncompressed.mzML,<MSCODEC_ROOT>\benchmark\data_StackZDPD\File15_LFQ_Orbitrap_DDA_Human_01.uncompressed.mzML,SZ-File15,13782862091,12.836290608160198,3704409293,3.4500000001862645,<TRACKCODEC_PUBLIC_RELEASE>\experiments\benchmarks\compression_benchmark_release\inputs\whole_file_summaries\data_stackzdpd_summary.csv,msconvert_gzip,gzip mzML,ok,7637191982,7.112689299508929,1.8047028441192328,55.41078428831535,1303.3522861000383,

data_stackzdpd,Data_StackZDPD,File15_LFQ_Orbitrap_DDA_Human_01.uncompressed.mzML,data_stackzdpd::File15_LFQ_Orbitrap_DDA_Human_01.uncompressed.mzML,<MSCODEC_ROOT>\benchmark\data_StackZDPD\File15_LFQ_Orbitrap_DDA_Human_01.uncompressed.mzML,SZ-File15,13782862091,12.836290608160198,3704409293,3.4500000001862645,<TRACKCODEC_PUBLIC_RELEASE>\experiments\benchmarks\compression_benchmark_release\inputs\whole_file_summaries\data_stackzdpd_summary.csv,msconvert_numpress,Numpress+zlib,ok,3184458454,2.9657580461353064,4.328165146474855,23.10447883012196,342.1355939999921,

data_stackzdpd,Data_StackZDPD,File15_LFQ_Orbitrap_DDA_Human_01.uncompressed.mzML,data_stackzdpd::File15_LFQ_Orbitrap_DDA_Human_01.uncompressed.mzML,<MSCODEC_ROOT>\benchmark\data_StackZDPD\File15_LFQ_Orbitrap_DDA_Human_01.uncompressed.mzML,SZ-File15,13782862091,12.836290608160198,3704409293,3.4500000001862645,<TRACKCODEC_PUBLIC_RELEASE>\experiments\benchmarks\compression_benchmark_release\inputs\whole_file_summaries\data_stackzdpd_summary.csv,mspack,mspack,ok,3934732114,3.6645048428326845,3.5028717817814825,28.54800467436528,6366.650777700124,"Elapsed time includes msconvert normalization to uncompressed, non-indexed mzML with 64-bit m/z, 32-bit intensity, and 64-bit rt; mspack cannot read zlib-compressed binary arrays."

data_stackzdpd,Data_StackZDPD,File15_LFQ_Orbitrap_DDA_Human_01.uncompressed.mzML,data_stackzdpd::File15_LFQ_Orbitrap_DDA_Human_01.uncompressed.mzML,<MSCODEC_ROOT>\benchmark\data_StackZDPD\File15_LFQ_Orbitrap_DDA_Human_01.uncompressed.mzML,SZ-File15,13782862091,12.836290608160198,3704409293,3.4500000001862645,<TRACKCODEC_PUBLIC_RELEASE>\experiments\benchmarks\compression_benchmark_release\inputs\whole_file_summaries\data_stackzdpd_summary.csv,masscomp,MassComp,ok,6295697852,5.863325532525778,2.1892508844943217,45.67772506489052,11166.481337300036,"Elapsed time includes mzML to mzXML conversion with 64-bit m/z, 32-bit intensity, and 64-bit rt. masscomp.cmd uses the 64-bit-safe MassComp build when available, so >2GB mzXML files do not trigger the original tinyxml2 file-length overflow."

data_stackzdpd,Data_StackZDPD,File15_LFQ_Orbitrap_DDA_Human_01.uncompressed.mzML,data_stackzdpd::File15_LFQ_Orbitrap_DDA_Human_01.uncompressed.mzML,<MSCODEC_ROOT>\benchmark\data_StackZDPD\File15_LFQ_Orbitrap_DDA_Human_01.uncompressed.mzML,SZ-File15,13782862091,12.836290608160198,3704409293,3.4500000001862645,<TRACKCODEC_PUBLIC_RELEASE>\experiments\benchmarks\compression_benchmark_release\inputs\whole_file_summaries\data_stackzdpd_summary.csv,airdpro,AirdPro,ok,2294648389,2.13705784548074,6.00652464101767,16.648562351199686,388.8235917999991,

data_stackzdpd,Data_StackZDPD,File15_LFQ_Orbitrap_DDA_Human_01.uncompressed.mzML,data_stackzdpd::File15_LFQ_Orbitrap_DDA_Human_01.uncompressed.mzML,<MSCODEC_ROOT>\benchmark\data_StackZDPD\File15_LFQ_Orbitrap_DDA_Human_01.uncompressed.mzML,SZ-File15,13782862091,12.836290608160198,3704409293,3.4500000001862645,<TRACKCODEC_PUBLIC_RELEASE>\experiments\benchmarks\compression_benchmark_release\inputs\whole_file_summaries\data_stackzdpd_summary.csv,zdpd,ZDPD,ok,2301026078,2.142997531220317,5.9898765262928935,16.694834953783186,358.8563516999711,zdpd.cmd calls airdpro-compress.cmd; config used: ZDPD.

data_stackzdpd,Data_StackZDPD,File15_LFQ_Orbitrap_DDA_Human_01.uncompressed.mzML,data_stackzdpd::File15_LFQ_Orbitrap_DDA_Human_01.uncompressed.mzML,<MSCODEC_ROOT>\benchmark\data_StackZDPD\File15_LFQ_Orbitrap_DDA_Human_01.uncompressed.mzML,SZ-File15,13782862091,12.836290608160198,3704409293,3.4500000001862645,<TRACKCODEC_PUBLIC_RELEASE>\experiments\benchmarks\compression_benchmark_release\inputs\whole_file_summaries\data_stackzdpd_summary.csv,stackzdpd,Stack-ZDPD,error,0,nan,nan,nan,227.94550339999842,AirdPro wrapper returned a non-zero exit code.

data_stackzdpd,Data_StackZDPD,File15_LFQ_Orbitrap_DDA_Human_01.uncompressed.mzML,data_stackzdpd::File15_LFQ_Orbitrap_DDA_Human_01.uncompressed.mzML,<MSCODEC_ROOT>\benchmark\data_StackZDPD\File15_LFQ_Orbitrap_DDA_Human_01.uncompressed.mzML,SZ-File15,13782862091,12.836290608160198,3704409293,3.4500000001862645,<TRACKCODEC_PUBLIC_RELEASE>\experiments\benchmarks\compression_benchmark_release\inputs\whole_file_summaries\data_stackzdpd_summary.csv,trackcodec,TrackCodec,ok,2034307963,1.8945969296619296,6.775209231681113,14.759691779317535,11776.875393000024,Stats JSON: <MSCODEC_ROOT>\benchmark\compression_benchmark_runs\data_stackzdpd_lt20g_all_methods_w5_size_desc_20260521\File15_LFQ_Orbitrap_DDA_Human_01.uncompressed_6c6474f4\trackcodec\File15_LFQ_Orbitrap_DDA_Human_01.uncompressed.stats.json

data_stackzdpd,Data_StackZDPD,File16_LFQ_TTOF5600_DDA_Human_01.uncompressed.mzML,data_stackzdpd::File16_LFQ_TTOF5600_DDA_Human_01.uncompressed.mzML,<MSCODEC_ROOT>\benchmark\data_StackZDPD\File16_LFQ_TTOF5600_DDA_Human_01.uncompressed.mzML,SZ-File16,8260957373,7.69361608941108,504658657,0.4699999997392297,<TRACKCODEC_PUBLIC_RELEASE>\experiments\benchmarks\compression_benchmark_release\inputs\whole_file_summaries\data_stackzdpd_summary.csv,original_mzml,Original mzML,ok,8260957373,7.69361608941108,1.0,100.0,nan,

data_stackzdpd,Data_StackZDPD,File16_LFQ_TTOF5600_DDA_Human_01.uncompressed.mzML,data_stackzdpd::File16_LFQ_TTOF5600_DDA_Human_01.uncompressed.mzML,<MSCODEC_ROOT>\benchmark\data_StackZDPD\File16_LFQ_TTOF5600_DDA_Human_01.uncompressed.mzML,SZ-File16,8260957373,7.69361608941108,504658657,0.4699999997392297,<TRACKCODEC_PUBLIC_RELEASE>\experiments\benchmarks\compression_benchmark_release\inputs\whole_file_summaries\data_stackzdpd_summary.csv,msconvert_zlib,zlib mzML,ok,4503727552,4.194423139095306,1.8342489143979197,54.518227714379954,610.4627234000363,

data_stackzdpd,Data_StackZDPD,File16_LFQ_TTOF5600_DDA_Human_01.uncompressed.mzML,data_stackzdpd::File16_LFQ_TTOF5600_DDA_Human_01.uncompressed.mzML,<MSCODEC_ROOT>\benchmark\data_StackZDPD\File16_LFQ_TTOF5600_DDA_Human_01.uncompressed.mzML,SZ-File16,8260957373,7.69361608941108,504658657,0.4699999997392297,<TRACKCODEC_PUBLIC_RELEASE>\experiments\benchmarks\compression_benchmark_release\inputs\whole_file_summaries\data_stackzdpd_summary.csv,msconvert_gzip,gzip mzML,ok,3864648753,3.5992346266284585,2.1375700357211738,46.78209290403997,1349.203096400015,

data_stackzdpd,Data_StackZDPD,File16_LFQ_TTOF5600_DDA_Human_01.uncompressed.mzML,data_stackzdpd::File16_LFQ_TTOF5600_DDA_Human_01.uncompressed.mzML,<MSCODEC_ROOT>\benchmark\data_StackZDPD\File16_LFQ_TTOF5600_DDA_Human_01.uncompressed.mzML,SZ-File16,8260957373,7.69361608941108,504658657,0.4699999997392297,<TRACKCODEC_PUBLIC_RELEASE>\experiments\benchmarks\compression_benchmark_release\inputs\whole_file_summaries\data_stackzdpd_summary.csv,msconvert_numpress,Numpress+zlib,ok,1297452869,1.2083471463993192,6.367057771714712,15.705841471117829,198.83586829999695,

data_stackzdpd,Data_StackZDPD,File16_LFQ_TTOF5600_DDA_Human_01.uncompressed.mzML,data_stackzdpd::File16_LFQ_TTOF5600_DDA_Human_01.uncompressed.mzML,<MSCODEC_ROOT>\benchmark\data_StackZDPD\File16_LFQ_TTOF5600_DDA_Human_01.uncompressed.mzML,SZ-File16,8260957373,7.69361608941108,504658657,0.4699999997392297,<TRACKCODEC_PUBLIC_RELEASE>\experiments\benchmarks\compression_benchmark_release\inputs\whole_file_summaries\data_stackzdpd_summary.csv,mspack,mspack,ok,1877028348,1.7481188736855984,4.401082904156544,22.721680590373868,6043.510684399866,"Elapsed time includes msconvert normalization to uncompressed, non-indexed mzML with 64-bit m/z, 32-bit intensity, and 64-bit rt; mspack cannot read zlib-compressed binary arrays."

data_stackzdpd,Data_StackZDPD,File16_LFQ_TTOF5600_DDA_Human_01.uncompressed.mzML,data_stackzdpd::File16_LFQ_TTOF5600_DDA_Human_01.uncompressed.mzML,<MSCODEC_ROOT>\benchmark\data_StackZDPD\File16_LFQ_TTOF5600_DDA_Human_01.uncompressed.mzML,SZ-File16,8260957373,7.69361608941108,504658657,0.4699999997392297,<TRACKCODEC_PUBLIC_RELEASE>\experiments\benchmarks\compression_benchmark_release\inputs\whole_file_summaries\data_stackzdpd_summary.csv,masscomp,MassComp,ok,2985222385,2.7802049973979592,2.767283742246225,36.13651844708532,10568.914084899996,"Elapsed time includes mzML to mzXML conversion with 64-bit m/z, 32-bit intensity, and 64-bit rt. masscomp.cmd uses the 64-bit-safe MassComp build when available, so >2GB mzXML files do not trigger the original tinyxml2 file-length overflow."

data_stackzdpd,Data_StackZDPD,File16_LFQ_TTOF5600_DDA_Human_01.uncompressed.mzML,data_stackzdpd::File16_LFQ_TTOF5600_DDA_Human_01.uncompressed.mzML,<MSCODEC_ROOT>\benchmark\data_StackZDPD\File16_LFQ_TTOF5600_DDA_Human_01.uncompressed.mzML,SZ-File16,8260957373,7.69361608941108,504658657,0.4699999997392297,<TRACKCODEC_PUBLIC_RELEASE>\experiments\benchmarks\compression_benchmark_release\inputs\whole_file_summaries\data_stackzdpd_summary.csv,airdpro,AirdPro,ok,776006599,0.7227124636992812,10.645473097323494,9.393664244489257,209.5619550999836,

data_stackzdpd,Data_StackZDPD,File16_LFQ_TTOF5600_DDA_Human_01.uncompressed.mzML,data_stackzdpd::File16_LFQ_TTOF5600_DDA_Human_01.uncompressed.mzML,<MSCODEC_ROOT>\benchmark\data_StackZDPD\File16_LFQ_TTOF5600_DDA_Human_01.uncompressed.mzML,SZ-File16,8260957373,7.69361608941108,504658657,0.4699999997392297,<TRACKCODEC_PUBLIC_RELEASE>\experiments\benchmarks\compression_benchmark_release\inputs\whole_file_summaries\data_stackzdpd_summary.csv,zdpd,ZDPD,ok,775698244,0.7224252857267857,10.64970487802213,9.3899315657442,222.39788190001855,zdpd.cmd calls airdpro-compress.cmd; config used: ZDPD.

data_stackzdpd,Data_StackZDPD,File16_LFQ_TTOF5600_DDA_Human_01.uncompressed.mzML,data_stackzdpd::File16_LFQ_TTOF5600_DDA_Human_01.uncompressed.mzML,<MSCODEC_ROOT>\benchmark\data_StackZDPD\File16_LFQ_TTOF5600_DDA_Human_01.uncompressed.mzML,SZ-File16,8260957373,7.69361608941108,504658657,0.4699999997392297,<TRACKCODEC_PUBLIC_RELEASE>\experiments\benchmarks\compression_benchmark_release\inputs\whole_file_summaries\data_stackzdpd_summary.csv,stackzdpd,Stack-ZDPD,ok,726373643,0.6764881713315845,11.372876002055047,8.79285063707107,406.277981799969,stackzdpd.cmd calls airdpro-compress.cmd; config used: StackZDPD.

data_stackzdpd,Data_StackZDPD,File16_LFQ_TTOF5600_DDA_Human_01.uncompressed.mzML,data_stackzdpd::File16_LFQ_TTOF5600_DDA_Human_01.uncompressed.mzML,<MSCODEC_ROOT>\benchmark\data_StackZDPD\File16_LFQ_TTOF5600_DDA_Human_01.uncompressed.mzML,SZ-File16,8260957373,7.69361608941108,504658657,0.4699999997392297,<TRACKCODEC_PUBLIC_RELEASE>\experiments\benchmarks\compression_benchmark_release\inputs\whole_file_summaries\data_stackzdpd_summary.csv,trackcodec,TrackCodec,ok,755648599,0.7037525987252593,10.932273789605743,9.14722791658206,15236.728679599997,Stats JSON: <MSCODEC_ROOT>\benchmark\compression_benchmark_runs\data_stackzdpd_lt20g_all_methods_w5_size_desc_20260521\File16_LFQ_TTOF5600_DDA_Human_01.uncompressed_4ed616f1\trackcodec\File16_LFQ_TTOF5600_DDA_Human_01.uncompressed.stats.json

data_stackzdpd,Data_StackZDPD,File18_LFQ_TTOF6600_DDA_Human_01.uncompressed.mzML,data_stackzdpd::File18_LFQ_TTOF6600_DDA_Human_01.uncompressed.mzML,<MSCODEC_ROOT>\benchmark\data_StackZDPD\File18_LFQ_TTOF6600_DDA_Human_01.uncompressed.mzML,SZ-File18,17798033976,16.57571082562208,1170378588,1.0899999998509884,<TRACKCODEC_PUBLIC_RELEASE>\experiments\benchmarks\compression_benchmark_release\inputs\whole_file_summaries\data_stackzdpd_summary.csv,original_mzml,Original mzML,ok,17798033976,16.57571082562208,1.0,100.0,nan,

data_stackzdpd,Data_StackZDPD,File18_LFQ_TTOF6600_DDA_Human_01.uncompressed.mzML,data_stackzdpd::File18_LFQ_TTOF6600_DDA_Human_01.uncompressed.mzML,<MSCODEC_ROOT>\benchmark\data_StackZDPD\File18_LFQ_TTOF6600_DDA_Human_01.uncompressed.mzML,SZ-File18,17798033976,16.57571082562208,1170378588,1.0899999998509884,<TRACKCODEC_PUBLIC_RELEASE>\experiments\benchmarks\compression_benchmark_release\inputs\whole_file_summaries\data_stackzdpd_summary.csv,msconvert_zlib,zlib mzML,ok,10268368987,9.563163842074573,1.7332873408165148,57.69383854894603,1557.6792226999532,

data_stackzdpd,Data_StackZDPD,File18_LFQ_TTOF6600_DDA_Human_01.uncompressed.mzML,data_stackzdpd::File18_LFQ_TTOF6600_DDA_Human_01.uncompressed.mzML,<MSCODEC_ROOT>\benchmark\data_StackZDPD\File18_LFQ_TTOF6600_DDA_Human_01.uncompressed.mzML,SZ-File18,17798033976,16.57571082562208,1170378588,1.0899999998509884,<TRACKCODEC_PUBLIC_RELEASE>\experiments\benchmarks\compression_benchmark_release\inputs\whole_file_summaries\data_stackzdpd_summary.csv,msconvert_gzip,gzip mzML,ok,8827117645,8.22089393157512,2.016290559589568,49.59602648754939,3416.067822700017,

data_stackzdpd,Data_StackZDPD,File18_LFQ_TTOF6600_DDA_Human_01.uncompressed.mzML,data_stackzdpd::File18_LFQ_TTOF6600_DDA_Human_01.uncompressed.mzML,<MSCODEC_ROOT>\benchmark\data_StackZDPD\File18_LFQ_TTOF6600_DDA_Human_01.uncompressed.mzML,SZ-File18,17798033976,16.57571082562208,1170378588,1.0899999998509884,<TRACKCODEC_PUBLIC_RELEASE>\experiments\benchmarks\compression_benchmark_release\inputs\whole_file_summaries\data_stackzdpd_summary.csv,msconvert_numpress,Numpress+zlib,ok,3245543557,3.022647981531918,5.483837657212499,18.235404884474864,435.60424610000337,

data_stackzdpd,Data_StackZDPD,File18_LFQ_TTOF6600_DDA_Human_01.uncompressed.mzML,data_stackzdpd::File18_LFQ_TTOF6600_DDA_Human_01.uncompressed.mzML,<MSCODEC_ROOT>\benchmark\data_StackZDPD\File18_LFQ_TTOF6600_DDA_Human_01.uncompressed.mzML,SZ-File18,17798033976,16.57571082562208,1170378588,1.0899999998509884,<TRACKCODEC_PUBLIC_RELEASE>\experiments\benchmarks\compression_benchmark_release\inputs\whole_file_summaries\data_stackzdpd_summary.csv,mspack,mspack,ok,4264656266,3.971770653501153,4.1733806585761535,23.96138962174549,5913.459427600028,"Elapsed time includes msconvert normalization to uncompressed, non-indexed mzML with 64-bit m/z, 32-bit intensity, and 64-bit rt; mspack cannot read zlib-compressed binary arrays."

data_stackzdpd,Data_StackZDPD,File18_LFQ_TTOF6600_DDA_Human_01.uncompressed.mzML,data_stackzdpd::File18_LFQ_TTOF6600_DDA_Human_01.uncompressed.mzML,<MSCODEC_ROOT>\benchmark\data_StackZDPD\File18_LFQ_TTOF6600_DDA_Human_01.uncompressed.mzML,SZ-File18,17798033976,16.57571082562208,1170378588,1.0899999998509884,<TRACKCODEC_PUBLIC_RELEASE>\experiments\benchmarks\compression_benchmark_release\inputs\whole_file_summaries\data_stackzdpd_summary.csv,masscomp,MassComp,ok,6850716161,6.380226613022387,2.5979815186799415,38.49142085152742,11633.358822899987,"Elapsed time includes mzML to mzXML conversion with 64-bit m/z, 32-bit intensity, and 64-bit rt. masscomp.cmd uses the 64-bit-safe MassComp build when available, so >2GB mzXML files do not trigger the original tinyxml2 file-length overflow."

data_stackzdpd,Data_StackZDPD,File18_LFQ_TTOF6600_DDA_Human_01.uncompressed.mzML,data_stackzdpd::File18_LFQ_TTOF6600_DDA_Human_01.uncompressed.mzML,<MSCODEC_ROOT>\benchmark\data_StackZDPD\File18_LFQ_TTOF6600_DDA_Human_01.uncompressed.mzML,SZ-File18,17798033976,16.57571082562208,1170378588,1.0899999998509884,<TRACKCODEC_PUBLIC_RELEASE>\experiments\benchmarks\compression_benchmark_release\inputs\whole_file_summaries\data_stackzdpd_summary.csv,airdpro,AirdPro,ok,1916363949,1.7847530068829656,9.287397618436414,10.767278855541838,435.10326870001154,

data_stackzdpd,Data_StackZDPD,File18_LFQ_TTOF6600_DDA_Human_01.uncompressed.mzML,data_stackzdpd::File18_LFQ_TTOF6600_DDA_Human_01.uncompressed.mzML,<MSCODEC_ROOT>\benchmark\data_StackZDPD\File18_LFQ_TTOF6600_DDA_Human_01.uncompressed.mzML,SZ-File18,17798033976,16.57571082562208,1170378588,1.0899999998509884,<TRACKCODEC_PUBLIC_RELEASE>\experiments\benchmarks\compression_benchmark_release\inputs\whole_file_summaries\data_stackzdpd_summary.csv,zdpd,ZDPD,ok,1915820294,1.784246688708663,9.290033116227132,10.764224276588156,425.1658640000387,zdpd.cmd calls airdpro-compress.cmd; config used: ZDPD.

data_stackzdpd,Data_StackZDPD,File18_LFQ_TTOF6600_DDA_Human_01.uncompressed.mzML,data_stackzdpd::File18_LFQ_TTOF6600_DDA_Human_01.uncompressed.mzML,<MSCODEC_ROOT>\benchmark\data_StackZDPD\File18_LFQ_TTOF6600_DDA_Human_01.uncompressed.mzML,SZ-File18,17798033976,16.57571082562208,1170378588,1.0899999998509884,<TRACKCODEC_PUBLIC_RELEASE>\experiments\benchmarks\compression_benchmark_release\inputs\whole_file_summaries\data_stackzdpd_summary.csv,stackzdpd,Stack-ZDPD,ok,1858067467,1.7304601771757007,9.578787795438,10.439734352151122,947.2258172000293,stackzdpd.cmd calls airdpro-compress.cmd; config used: StackZDPD.

data_stackzdpd,Data_StackZDPD,File18_LFQ_TTOF6600_DDA_Human_01.uncompressed.mzML,data_stackzdpd::File18_LFQ_TTOF6600_DDA_Human_01.uncompressed.mzML,<MSCODEC_ROOT>\benchmark\data_StackZDPD\File18_LFQ_TTOF6600_DDA_Human_01.uncompressed.mzML,SZ-File18,17798033976,16.57571082562208,1170378588,1.0899999998509884,<TRACKCODEC_PUBLIC_RELEASE>\experiments\benchmarks\compression_benchmark_release\inputs\whole_file_summaries\data_stackzdpd_summary.csv,trackcodec,TrackCodec,ok,1859011827,1.7313396809622645,9.573921864026957,10.445040331459136,24523.513758199988,Stats JSON: <MSCODEC_ROOT>\benchmark\compression_benchmark_runs\data_stackzdpd_lt20g_all_methods_w5_size_desc_20260521\File18_LFQ_TTOF6600_DDA_Human_01.uncompressed_9db0df7a\trackcodec\File18_LFQ_TTOF6600_DDA_Human_01.uncompressed.stats.json

data_stackzdpd,Data_StackZDPD,File2_20180722_L929_test_DDA_1.uncompressed.mzML,data_stackzdpd::File2_20180722_L929_test_DDA_1.uncompressed.mzML,<MSCODEC_ROOT>\benchmark\data_StackZDPD\File2_20180722_L929_test_DDA_1.uncompressed.mzML,SZ-File2,10104040332,9.410120856016874,613106582,0.571000000461936,<TRACKCODEC_PUBLIC_RELEASE>\experiments\benchmarks\compression_benchmark_release\inputs\whole_file_summaries\data_stackzdpd_summary.csv,original_mzml,Original mzML,ok,10104040332,9.410120856016874,1.0,100.0,nan,

data_stackzdpd,Data_StackZDPD,File2_20180722_L929_test_DDA_1.uncompressed.mzML,data_stackzdpd::File2_20180722_L929_test_DDA_1.uncompressed.mzML,<MSCODEC_ROOT>\benchmark\data_StackZDPD\File2_20180722_L929_test_DDA_1.uncompressed.mzML,SZ-File2,10104040332,9.410120856016874,613106582,0.571000000461936,<TRACKCODEC_PUBLIC_RELEASE>\experiments\benchmarks\compression_benchmark_release\inputs\whole_file_summaries\data_stackzdpd_summary.csv,msconvert_zlib,zlib mzML,ok,5469200436,5.093589831143618,1.8474437809029678,54.12884604863234,803.492339199991,

data_stackzdpd,Data_StackZDPD,File2_20180722_L929_test_DDA_1.uncompressed.mzML,data_stackzdpd::File2_20180722_L929_test_DDA_1.uncompressed.mzML,<MSCODEC_ROOT>\benchmark\data_StackZDPD\File2_20180722_L929_test_DDA_1.uncompressed.mzML,SZ-File2,10104040332,9.410120856016874,613106582,0.571000000461936,<TRACKCODEC_PUBLIC_RELEASE>\experiments\benchmarks\compression_benchmark_release\inputs\whole_file_summaries\data_stackzdpd_summary.csv,msconvert_gzip,gzip mzML,ok,4657971073,4.338073612190783,2.1691934478872623,46.1000839263079,1606.5090822000057,

data_stackzdpd,Data_StackZDPD,File2_20180722_L929_test_DDA_1.uncompressed.mzML,data_stackzdpd::File2_20180722_L929_test_DDA_1.uncompressed.mzML,<MSCODEC_ROOT>\benchmark\data_StackZDPD\File2_20180722_L929_test_DDA_1.uncompressed.mzML,SZ-File2,10104040332,9.410120856016874,613106582,0.571000000461936,<TRACKCODEC_PUBLIC_RELEASE>\experiments\benchmarks\compression_benchmark_release\inputs\whole_file_summaries\data_stackzdpd_summary.csv,msconvert_numpress,Numpress+zlib,ok,1575350589,1.4671595664694905,6.413836007395558,15.591293554230838,247.90358729998115,

data_stackzdpd,Data_StackZDPD,File2_20180722_L929_test_DDA_1.uncompressed.mzML,data_stackzdpd::File2_20180722_L929_test_DDA_1.uncompressed.mzML,<MSCODEC_ROOT>\benchmark\data_StackZDPD\File2_20180722_L929_test_DDA_1.uncompressed.mzML,SZ-File2,10104040332,9.410120856016874,613106582,0.571000000461936,<TRACKCODEC_PUBLIC_RELEASE>\experiments\benchmarks\compression_benchmark_release\inputs\whole_file_summaries\data_stackzdpd_summary.csv,mspack,mspack,ok,2238880727,2.0851201629266143,4.512987320025289,22.158271873770662,6171.890979100135,"Elapsed time includes msconvert normalization to uncompressed, non-indexed mzML with 64-bit m/z, 32-bit intensity, and 64-bit rt; mspack cannot read zlib-compressed binary arrays."

data_stackzdpd,Data_StackZDPD,File2_20180722_L929_test_DDA_1.uncompressed.mzML,data_stackzdpd::File2_20180722_L929_test_DDA_1.uncompressed.mzML,<MSCODEC_ROOT>\benchmark\data_StackZDPD\File2_20180722_L929_test_DDA_1.uncompressed.mzML,SZ-File2,10104040332,9.410120856016874,613106582,0.571000000461936,<TRACKCODEC_PUBLIC_RELEASE>\experiments\benchmarks\compression_benchmark_release\inputs\whole_file_summaries\data_stackzdpd_summary.csv,masscomp,MassComp,ok,3586004132,3.3397266007959843,2.817632094128329,35.490793921743816,10623.852703900018,"Elapsed time includes mzML to mzXML conversion with 64-bit m/z, 32-bit intensity, and 64-bit rt. masscomp.cmd uses the 64-bit-safe MassComp build when available, so >2GB mzXML files do not trigger the original tinyxml2 file-length overflow."

data_stackzdpd,Data_StackZDPD,File2_20180722_L929_test_DDA_1.uncompressed.mzML,data_stackzdpd::File2_20180722_L929_test_DDA_1.uncompressed.mzML,<MSCODEC_ROOT>\benchmark\data_StackZDPD\File2_20180722_L929_test_DDA_1.uncompressed.mzML,SZ-File2,10104040332,9.410120856016874,613106582,0.571000000461936,<TRACKCODEC_PUBLIC_RELEASE>\experiments\benchmarks\compression_benchmark_release\inputs\whole_file_summaries\data_stackzdpd_summary.csv,airdpro,AirdPro,ok,889282949,0.8282092856243253,11.362008394923132,8.80126087960671,289.80999099998735,

data_stackzdpd,Data_StackZDPD,File2_20180722_L929_test_DDA_1.uncompressed.mzML,data_stackzdpd::File2_20180722_L929_test_DDA_1.uncompressed.mzML,<MSCODEC_ROOT>\benchmark\data_StackZDPD\File2_20180722_L929_test_DDA_1.uncompressed.mzML,SZ-File2,10104040332,9.410120856016874,613106582,0.571000000461936,<TRACKCODEC_PUBLIC_RELEASE>\experiments\benchmarks\compression_benchmark_release\inputs\whole_file_summaries\data_stackzdpd_summary.csv,zdpd,ZDPD,ok,888850348,0.827806394547224,11.36753825290734,8.796979414115823,244.34307460003765,zdpd.cmd calls airdpro-compress.cmd; config used: ZDPD.

data_stackzdpd,Data_StackZDPD,File2_20180722_L929_test_DDA_1.uncompressed.mzML,data_stackzdpd::File2_20180722_L929_test_DDA_1.uncompressed.mzML,<MSCODEC_ROOT>\benchmark\data_StackZDPD\File2_20180722_L929_test_DDA_1.uncompressed.mzML,SZ-File2,10104040332,9.410120856016874,613106582,0.571000000461936,<TRACKCODEC_PUBLIC_RELEASE>\experiments\benchmarks\compression_benchmark_release\inputs\whole_file_summaries\data_stackzdpd_summary.csv,stackzdpd,Stack-ZDPD,ok,931430577,0.8674623230472207,10.847872704097409,9.218397258867949,443.4602592999581,stackzdpd.cmd calls airdpro-compress.cmd; config used: StackZDPD.

data_stackzdpd,Data_StackZDPD,File2_20180722_L929_test_DDA_1.uncompressed.mzML,data_stackzdpd::File2_20180722_L929_test_DDA_1.uncompressed.mzML,<MSCODEC_ROOT>\benchmark\data_StackZDPD\File2_20180722_L929_test_DDA_1.uncompressed.mzML,SZ-File2,10104040332,9.410120856016874,613106582,0.571000000461936,<TRACKCODEC_PUBLIC_RELEASE>\experiments\benchmarks\compression_benchmark_release\inputs\whole_file_summaries\data_stackzdpd_summary.csv,trackcodec,TrackCodec,ok,972214374,0.9054451938718557,10.392811094150723,9.62203576049621,13156.452579399978,Stats JSON: <MSCODEC_ROOT>\benchmark\compression_benchmark_runs\data_stackzdpd_lt20g_all_methods_w5_size_desc_20260521\File2_20180722_L929_test_DDA_1.uncompressed_d6fab1af\trackcodec\File2_20180722_L929_test_DDA_1.uncompressed.stats.json

data_stackzdpd,Data_StackZDPD,File3_QE-HFX-20190719_50cm_60min_OFe4_2.uncompressed.mzML,data_stackzdpd::File3_QE-HFX-20190719_50cm_60min_OFe4_2.uncompressed.mzML,<MSCODEC_ROOT>\benchmark\data_StackZDPD\File3_QE-HFX-20190719_50cm_60min_OFe4_2.uncompressed.mzML,SZ-File3,1632946723,1.5208001462742686,896574423,0.8349999999627471,<TRACKCODEC_PUBLIC_RELEASE>\experiments\benchmarks\compression_benchmark_release\inputs\whole_file_summaries\data_stackzdpd_summary.csv,original_mzml,Original mzML,ok,1632946723,1.5208001462742686,1.0,100.0,nan,

data_stackzdpd,Data_StackZDPD,File3_QE-HFX-20190719_50cm_60min_OFe4_2.uncompressed.mzML,data_stackzdpd::File3_QE-HFX-20190719_50cm_60min_OFe4_2.uncompressed.mzML,<MSCODEC_ROOT>\benchmark\data_StackZDPD\File3_QE-HFX-20190719_50cm_60min_OFe4_2.uncompressed.mzML,SZ-File3,1632946723,1.5208001462742686,896574423,0.8349999999627471,<TRACKCODEC_PUBLIC_RELEASE>\experiments\benchmarks\compression_benchmark_release\inputs\whole_file_summaries\data_stackzdpd_summary.csv,msconvert_zlib,zlib mzML,ok,1111303691,1.0349822146818042,1.4693973719556377,68.0551101482568,83.61349640000844,

data_stackzdpd,Data_StackZDPD,File3_QE-HFX-20190719_50cm_60min_OFe4_2.uncompressed.mzML,data_stackzdpd::File3_QE-HFX-20190719_50cm_60min_OFe4_2.uncompressed.mzML,<MSCODEC_ROOT>\benchmark\data_StackZDPD\File3_QE-HFX-20190719_50cm_60min_OFe4_2.uncompressed.mzML,SZ-File3,1632946723,1.5208001462742686,896574423,0.8349999999627471,<TRACKCODEC_PUBLIC_RELEASE>\experiments\benchmarks\compression_benchmark_release\inputs\whole_file_summaries\data_stackzdpd_summary.csv,msconvert_gzip,gzip mzML,ok,783901242,0.7300649229437113,2.083102609754508,48.00531646003983,188.68743960000575,

data_stackzdpd,Data_StackZDPD,File3_QE-HFX-20190719_50cm_60min_OFe4_2.uncompressed.mzML,data_stackzdpd::File3_QE-HFX-20190719_50cm_60min_OFe4_2.uncompressed.mzML,<MSCODEC_ROOT>\benchmark\data_StackZDPD\File3_QE-HFX-20190719_50cm_60min_OFe4_2.uncompressed.mzML,SZ-File3,1632946723,1.5208001462742686,896574423,0.8349999999627471,<TRACKCODEC_PUBLIC_RELEASE>\experiments\benchmarks\compression_benchmark_release\inputs\whole_file_summaries\data_stackzdpd_summary.csv,msconvert_numpress,Numpress+zlib,ok,636425209,0.592717164196074,2.56581087597993,38.97403387605806,49.74291799997445,

data_stackzdpd,Data_StackZDPD,File3_QE-HFX-20190719_50cm_60min_OFe4_2.uncompressed.mzML,data_stackzdpd::File3_QE-HFX-20190719_50cm_60min_OFe4_2.uncompressed.mzML,<MSCODEC_ROOT>\benchmark\data_StackZDPD\File3_QE-HFX-20190719_50cm_60min_OFe4_2.uncompressed.mzML,SZ-File3,1632946723,1.5208001462742686,896574423,0.8349999999627471,<TRACKCODEC_PUBLIC_RELEASE>\experiments\benchmarks\compression_benchmark_release\inputs\whole_file_summaries\data_stackzdpd_summary.csv,mspack,mspack,ok,427023914,0.3976970110088587,3.8240170385399073,26.15051109661953,477.14480980008375,"Elapsed time includes msconvert normalization to uncompressed, non-indexed mzML with 64-bit m/z, 32-bit intensity, and 64-bit rt; mspack cannot read zlib-compressed binary arrays."

data_stackzdpd,Data_StackZDPD,File3_QE-HFX-20190719_50cm_60min_OFe4_2.uncompressed.mzML,data_stackzdpd::File3_QE-HFX-20190719_50cm_60min_OFe4_2.uncompressed.mzML,<MSCODEC_ROOT>\benchmark\data_StackZDPD\File3_QE-HFX-20190719_50cm_60min_OFe4_2.uncompressed.mzML,SZ-File3,1632946723,1.5208001462742686,896574423,0.8349999999627471,<TRACKCODEC_PUBLIC_RELEASE>\experiments\benchmarks\compression_benchmark_release\inputs\whole_file_summaries\data_stackzdpd_summary.csv,masscomp,MassComp,ok,626555348,0.5835251398384571,2.6062290078800827,38.369613605575054,4538.378528900037,"Elapsed time includes mzML to mzXML conversion with 64-bit m/z, 32-bit intensity, and 64-bit rt. masscomp.cmd uses the 64-bit-safe MassComp build when available, so >2GB mzXML files do not trigger the original tinyxml2 file-length overflow."

data_stackzdpd,Data_StackZDPD,File3_QE-HFX-20190719_50cm_60min_OFe4_2.uncompressed.mzML,data_stackzdpd::File3_QE-HFX-20190719_50cm_60min_OFe4_2.uncompressed.mzML,<MSCODEC_ROOT>\benchmark\data_StackZDPD\File3_QE-HFX-20190719_50cm_60min_OFe4_2.uncompressed.mzML,SZ-File3,1632946723,1.5208001462742686,896574423,0.8349999999627471,<TRACKCODEC_PUBLIC_RELEASE>\experiments\benchmarks\compression_benchmark_release\inputs\whole_file_summaries\data_stackzdpd_summary.csv,airdpro,AirdPro,ok,353671384,0.32938214391469955,4.617129903277671,21.65847660664922,55.884347299986985,

data_stackzdpd,Data_StackZDPD,File3_QE-HFX-20190719_50cm_60min_OFe4_2.uncompressed.mzML,data_stackzdpd::File3_QE-HFX-20190719_50cm_60min_OFe4_2.uncompressed.mzML,<MSCODEC_ROOT>\benchmark\data_StackZDPD\File3_QE-HFX-20190719_50cm_60min_OFe4_2.uncompressed.mzML,SZ-File3,1632946723,1.5208001462742686,896574423,0.8349999999627471,<TRACKCODEC_PUBLIC_RELEASE>\experiments\benchmarks\compression_benchmark_release\inputs\whole_file_summaries\data_stackzdpd_summary.csv,zdpd,ZDPD,ok,355780143,0.3313460787758231,4.589763524267289,21.787614867579485,50.43043109995779,zdpd.cmd calls airdpro-compress.cmd; config used: ZDPD.

data_stackzdpd,Data_StackZDPD,File3_QE-HFX-20190719_50cm_60min_OFe4_2.uncompressed.mzML,data_stackzdpd::File3_QE-HFX-20190719_50cm_60min_OFe4_2.uncompressed.mzML,<MSCODEC_ROOT>\benchmark\data_StackZDPD\File3_QE-HFX-20190719_50cm_60min_OFe4_2.uncompressed.mzML,SZ-File3,1632946723,1.5208001462742686,896574423,0.8349999999627471,<TRACKCODEC_PUBLIC_RELEASE>\experiments\benchmarks\compression_benchmark_release\inputs\whole_file_summaries\data_stackzdpd_summary.csv,stackzdpd,Stack-ZDPD,error,0,nan,nan,nan,29.16634029999841,AirdPro wrapper returned a non-zero exit code.

data_stackzdpd,Data_StackZDPD,File3_QE-HFX-20190719_50cm_60min_OFe4_2.uncompressed.mzML,data_stackzdpd::File3_QE-HFX-20190719_50cm_60min_OFe4_2.uncompressed.mzML,<MSCODEC_ROOT>\benchmark\data_StackZDPD\File3_QE-HFX-20190719_50cm_60min_OFe4_2.uncompressed.mzML,SZ-File3,1632946723,1.5208001462742686,896574423,0.8349999999627471,<TRACKCODEC_PUBLIC_RELEASE>\experiments\benchmarks\compression_benchmark_release\inputs\whole_file_summaries\data_stackzdpd_summary.csv,trackcodec,TrackCodec,ok,310713056,0.28937408328056335,5.255481517326391,19.027752199359416,1076.009378799994,Stats JSON: <MSCODEC_ROOT>\benchmark\compression_benchmark_runs\data_stackzdpd_lt20g_all_methods_w5_size_desc_20260521\File3_QE-HFX-20190719_50cm_60min_OFe4_2.uncompressed_b29d815b\trackcodec\File3_QE-HFX-20190719_50cm_60min_OFe4_2.uncompressed.stats.json

data_stackzdpd,Data_StackZDPD,File4_QE-HFX-20190719_50cm_60min_Fr1.uncompressed.mzML,data_stackzdpd::File4_QE-HFX-20190719_50cm_60min_Fr1.uncompressed.mzML,<MSCODEC_ROOT>\benchmark\data_StackZDPD\File4_QE-HFX-20190719_50cm_60min_Fr1.uncompressed.mzML,SZ-File4,2178880579,2.0292406706139445,697932186,0.650000000372529,<TRACKCODEC_PUBLIC_RELEASE>\experiments\benchmarks\compression_benchmark_release\inputs\whole_file_summaries\data_stackzdpd_summary.csv,original_mzml,Original mzML,ok,2178880579,2.0292406706139445,1.0,100.0,nan,

data_stackzdpd,Data_StackZDPD,File4_QE-HFX-20190719_50cm_60min_Fr1.uncompressed.mzML,data_stackzdpd::File4_QE-HFX-20190719_50cm_60min_Fr1.uncompressed.mzML,<MSCODEC_ROOT>\benchmark\data_StackZDPD\File4_QE-HFX-20190719_50cm_60min_Fr1.uncompressed.mzML,SZ-File4,2178880579,2.0292406706139445,697932186,0.650000000372529,<TRACKCODEC_PUBLIC_RELEASE>\experiments\benchmarks\compression_benchmark_release\inputs\whole_file_summaries\data_stackzdpd_summary.csv,msconvert_zlib,zlib mzML,ok,1560149515,1.4530024630948901,1.3965844670983345,71.60325949190077,102.07393329998013,

data_stackzdpd,Data_StackZDPD,File4_QE-HFX-20190719_50cm_60min_Fr1.uncompressed.mzML,data_stackzdpd::File4_QE-HFX-20190719_50cm_60min_Fr1.uncompressed.mzML,<MSCODEC_ROOT>\benchmark\data_StackZDPD\File4_QE-HFX-20190719_50cm_60min_Fr1.uncompressed.mzML,SZ-File4,2178880579,2.0292406706139445,697932186,0.650000000372529,<TRACKCODEC_PUBLIC_RELEASE>\experiments\benchmarks\compression_benchmark_release\inputs\whole_file_summaries\data_stackzdpd_summary.csv,msconvert_gzip,gzip mzML,ok,1068701351,0.9953056937083602,2.038811476153921,49.04818379217836,187.71230549999746,

data_stackzdpd,Data_StackZDPD,File4_QE-HFX-20190719_50cm_60min_Fr1.uncompressed.mzML,data_stackzdpd::File4_QE-HFX-20190719_50cm_60min_Fr1.uncompressed.mzML,<MSCODEC_ROOT>\benchmark\data_StackZDPD\File4_QE-HFX-20190719_50cm_60min_Fr1.uncompressed.mzML,SZ-File4,2178880579,2.0292406706139445,697932186,0.650000000372529,<TRACKCODEC_PUBLIC_RELEASE>\experiments\benchmarks\compression_benchmark_release\inputs\whole_file_summaries\data_stackzdpd_summary.csv,msconvert_numpress,Numpress+zlib,ok,701220922,0.6530628744512796,3.1072669263567696,32.182622983487526,66.57042199996067,

data_stackzdpd,Data_StackZDPD,File4_QE-HFX-20190719_50cm_60min_Fr1.uncompressed.mzML,data_stackzdpd::File4_QE-HFX-20190719_50cm_60min_Fr1.uncompressed.mzML,<MSCODEC_ROOT>\benchmark\data_StackZDPD\File4_QE-HFX-20190719_50cm_60min_Fr1.uncompressed.mzML,SZ-File4,2178880579,2.0292406706139445,697932186,0.650000000372529,<TRACKCODEC_PUBLIC_RELEASE>\experiments\benchmarks\compression_benchmark_release\inputs\whole_file_summaries\data_stackzdpd_summary.csv,mspack,mspack,ok,528658136,0.4923512563109398,4.1215304005082025,24.26283207511209,559.4257475999184,"Elapsed time includes msconvert normalization to uncompressed, non-indexed mzML with 64-bit m/z, 32-bit intensity, and 64-bit rt; mspack cannot read zlib-compressed binary arrays."

data_stackzdpd,Data_StackZDPD,File4_QE-HFX-20190719_50cm_60min_Fr1.uncompressed.mzML,data_stackzdpd::File4_QE-HFX-20190719_50cm_60min_Fr1.uncompressed.mzML,<MSCODEC_ROOT>\benchmark\data_StackZDPD\File4_QE-HFX-20190719_50cm_60min_Fr1.uncompressed.mzML,SZ-File4,2178880579,2.0292406706139445,697932186,0.650000000372529,<TRACKCODEC_PUBLIC_RELEASE>\experiments\benchmarks\compression_benchmark_release\inputs\whole_file_summaries\data_stackzdpd_summary.csv,masscomp,MassComp,ok,883322206,0.8226579111069441,2.466688332071661,40.54018446506149,4730.976553300046,"Elapsed time includes mzML to mzXML conversion with 64-bit m/z, 32-bit intensity, and 64-bit rt. masscomp.cmd uses the 64-bit-safe MassComp build when available, so >2GB mzXML files do not trigger the original tinyxml2 file-length overflow."

data_stackzdpd,Data_StackZDPD,File4_QE-HFX-20190719_50cm_60min_Fr1.uncompressed.mzML,data_stackzdpd::File4_QE-HFX-20190719_50cm_60min_Fr1.uncompressed.mzML,<MSCODEC_ROOT>\benchmark\data_StackZDPD\File4_QE-HFX-20190719_50cm_60min_Fr1.uncompressed.mzML,SZ-File4,2178880579,2.0292406706139445,697932186,0.650000000372529,<TRACKCODEC_PUBLIC_RELEASE>\experiments\benchmarks\compression_benchmark_release\inputs\whole_file_summaries\data_stackzdpd_summary.csv,airdpro,AirdPro,ok,363092615,0.3381563490256667,6.00089478272644,16.664181529702827,63.06607100000838,

data_stackzdpd,Data_StackZDPD,File4_QE-HFX-20190719_50cm_60min_Fr1.uncompressed.mzML,data_stackzdpd::File4_QE-HFX-20190719_50cm_60min_Fr1.uncompressed.mzML,<MSCODEC_ROOT>\benchmark\data_StackZDPD\File4_QE-HFX-20190719_50cm_60min_Fr1.uncompressed.mzML,SZ-File4,2178880579,2.0292406706139445,697932186,0.650000000372529,<TRACKCODEC_PUBLIC_RELEASE>\experiments\benchmarks\compression_benchmark_release\inputs\whole_file_summaries\data_stackzdpd_summary.csv,zdpd,ZDPD,ok,366002100,0.34086601808667183,5.953191468027096,16.797712712092608,73.28427740000188,zdpd.cmd calls airdpro-compress.cmd; config used: ZDPD.

data_stackzdpd,Data_StackZDPD,File4_QE-HFX-20190719_50cm_60min_Fr1.uncompressed.mzML,data_stackzdpd::File4_QE-HFX-20190719_50cm_60min_Fr1.uncompressed.mzML,<MSCODEC_ROOT>\benchmark\data_StackZDPD\File4_QE-HFX-20190719_50cm_60min_Fr1.uncompressed.mzML,SZ-File4,2178880579,2.0292406706139445,697932186,0.650000000372529,<TRACKCODEC_PUBLIC_RELEASE>\experiments\benchmarks\compression_benchmark_release\inputs\whole_file_summaries\data_stackzdpd_summary.csv,stackzdpd,Stack-ZDPD,error,0,nan,nan,nan,47.86895930004539,AirdPro wrapper returned a non-zero exit code.

data_stackzdpd,Data_StackZDPD,File4_QE-HFX-20190719_50cm_60min_Fr1.uncompressed.mzML,data_stackzdpd::File4_QE-HFX-20190719_50cm_60min_Fr1.uncompressed.mzML,<MSCODEC_ROOT>\benchmark\data_StackZDPD\File4_QE-HFX-20190719_50cm_60min_Fr1.uncompressed.mzML,SZ-File4,2178880579,2.0292406706139445,697932186,0.650000000372529,<TRACKCODEC_PUBLIC_RELEASE>\experiments\benchmarks\compression_benchmark_release\inputs\whole_file_summaries\data_stackzdpd_summary.csv,trackcodec,TrackCodec,ok,314827190,0.29320566914975643,6.920878018826773,14.449033739356674,1014.5254734999617,Stats JSON: <MSCODEC_ROOT>\benchmark\compression_benchmark_runs\data_stackzdpd_lt20g_all_methods_w5_size_desc_20260521\File4_QE-HFX-20190719_50cm_60min_Fr1.uncompressed_4d85e18f\trackcodec\File4_QE-HFX-20190719_50cm_60min_Fr1.uncompressed.stats.json

data_stackzdpd,Data_StackZDPD,File5_S8184TPST_01.uncompressed.mzML,data_stackzdpd::File5_S8184TPST_01.uncompressed.mzML,<MSCODEC_ROOT>\benchmark\data_StackZDPD\File5_S8184TPST_01.uncompressed.mzML,SZ-File5,2454426859,2.285863141529262,634581418,0.5910000000149012,<TRACKCODEC_PUBLIC_RELEASE>\experiments\benchmarks\compression_benchmark_release\inputs\whole_file_summaries\data_stackzdpd_summary.csv,original_mzml,Original mzML,ok,2454426859,2.285863141529262,1.0,100.0,nan,

data_stackzdpd,Data_StackZDPD,File5_S8184TPST_01.uncompressed.mzML,data_stackzdpd::File5_S8184TPST_01.uncompressed.mzML,<MSCODEC_ROOT>\benchmark\data_StackZDPD\File5_S8184TPST_01.uncompressed.mzML,SZ-File5,2454426859,2.285863141529262,634581418,0.5910000000149012,<TRACKCODEC_PUBLIC_RELEASE>\experiments\benchmarks\compression_benchmark_release\inputs\whole_file_summaries\data_stackzdpd_summary.csv,msconvert_zlib,zlib mzML,ok,1670145698,1.5554443914443254,1.4695884688019596,68.04626065249558,107.22427050000988,

data_stackzdpd,Data_StackZDPD,File5_S8184TPST_01.uncompressed.mzML,data_stackzdpd::File5_S8184TPST_01.uncompressed.mzML,<MSCODEC_ROOT>\benchmark\data_StackZDPD\File5_S8184TPST_01.uncompressed.mzML,SZ-File5,2454426859,2.285863141529262,634581418,0.5910000000149012,<TRACKCODEC_PUBLIC_RELEASE>\experiments\benchmarks\compression_benchmark_release\inputs\whole_file_summaries\data_stackzdpd_summary.csv,msconvert_gzip,gzip mzML,ok,1348861058,1.2562247533351183,1.8196291192802752,54.95625396429872,209.82235219998984,

data_stackzdpd,Data_StackZDPD,File5_S8184TPST_01.uncompressed.mzML,data_stackzdpd::File5_S8184TPST_01.uncompressed.mzML,<MSCODEC_ROOT>\benchmark\data_StackZDPD\File5_S8184TPST_01.uncompressed.mzML,SZ-File5,2454426859,2.285863141529262,634581418,0.5910000000149012,<TRACKCODEC_PUBLIC_RELEASE>\experiments\benchmarks\compression_benchmark_release\inputs\whole_file_summaries\data_stackzdpd_summary.csv,msconvert_numpress,Numpress+zlib,ok,539825092,0.5027512945234776,4.546707619511691,21.993936793045826,57.10123430000385,

data_stackzdpd,Data_StackZDPD,File5_S8184TPST_01.uncompressed.mzML,data_stackzdpd::File5_S8184TPST_01.uncompressed.mzML,<MSCODEC_ROOT>\benchmark\data_StackZDPD\File5_S8184TPST_01.uncompressed.mzML,SZ-File5,2454426859,2.285863141529262,634581418,0.5910000000149012,<TRACKCODEC_PUBLIC_RELEASE>\experiments\benchmarks\compression_benchmark_release\inputs\whole_file_summaries\data_stackzdpd_summary.csv,mspack,mspack,ok,690612433,0.6431829491630197,3.55398591412269,28.137421592647264,4863.235878200037,"Elapsed time includes msconvert normalization to uncompressed, non-indexed mzML with 64-bit m/z, 32-bit intensity, and 64-bit rt; mspack cannot read zlib-compressed binary arrays."

data_stackzdpd,Data_StackZDPD,File5_S8184TPST_01.uncompressed.mzML,data_stackzdpd::File5_S8184TPST_01.uncompressed.mzML,<MSCODEC_ROOT>\benchmark\data_StackZDPD\File5_S8184TPST_01.uncompressed.mzML,SZ-File5,2454426859,2.285863141529262,634581418,0.5910000000149012,<TRACKCODEC_PUBLIC_RELEASE>\experiments\benchmarks\compression_benchmark_release\inputs\whole_file_summaries\data_stackzdpd_summary.csv,masscomp,MassComp,ok,1111691003,1.0353429270908237,2.207831899670416,45.29330336015525,3517.674144999997,"Elapsed time includes mzML to mzXML conversion with 64-bit m/z, 32-bit intensity, and 64-bit rt. masscomp.cmd uses the 64-bit-safe MassComp build when available, so >2GB mzXML files do not trigger the original tinyxml2 file-length overflow."

data_stackzdpd,Data_StackZDPD,File5_S8184TPST_01.uncompressed.mzML,data_stackzdpd::File5_S8184TPST_01.uncompressed.mzML,<MSCODEC_ROOT>\benchmark\data_StackZDPD\File5_S8184TPST_01.uncompressed.mzML,SZ-File5,2454426859,2.285863141529262,634581418,0.5910000000149012,<TRACKCODEC_PUBLIC_RELEASE>\experiments\benchmarks\compression_benchmark_release\inputs\whole_file_summaries\data_stackzdpd_summary.csv,airdpro,AirdPro,ok,390009483,0.3632246358320117,6.293249179789815,15.890042987832215,69.92918829998234,

data_stackzdpd,Data_StackZDPD,File5_S8184TPST_01.uncompressed.mzML,data_stackzdpd::File5_S8184TPST_01.uncompressed.mzML,<MSCODEC_ROOT>\benchmark\data_StackZDPD\File5_S8184TPST_01.uncompressed.mzML,SZ-File5,2454426859,2.285863141529262,634581418,0.5910000000149012,<TRACKCODEC_PUBLIC_RELEASE>\experiments\benchmarks\compression_benchmark_release\inputs\whole_file_summaries\data_stackzdpd_summary.csv,zdpd,ZDPD,ok,391092474,0.3642332497984171,6.275822272662808,15.9341669753134,65.79871549998643,zdpd.cmd calls airdpro-compress.cmd; config used: ZDPD.

data_stackzdpd,Data_StackZDPD,File5_S8184TPST_01.uncompressed.mzML,data_stackzdpd::File5_S8184TPST_01.uncompressed.mzML,<MSCODEC_ROOT>\benchmark\data_StackZDPD\File5_S8184TPST_01.uncompressed.mzML,SZ-File5,2454426859,2.285863141529262,634581418,0.5910000000149012,<TRACKCODEC_PUBLIC_RELEASE>\experiments\benchmarks\compression_benchmark_release\inputs\whole_file_summaries\data_stackzdpd_summary.csv,stackzdpd,Stack-ZDPD,error,0,nan,nan,nan,53.96034469996812,AirdPro wrapper returned a non-zero exit code.

data_stackzdpd,Data_StackZDPD,File5_S8184TPST_01.uncompressed.mzML,data_stackzdpd::File5_S8184TPST_01.uncompressed.mzML,<MSCODEC_ROOT>\benchmark\data_StackZDPD\File5_S8184TPST_01.uncompressed.mzML,SZ-File5,2454426859,2.285863141529262,634581418,0.5910000000149012,<TRACKCODEC_PUBLIC_RELEASE>\experiments\benchmarks\compression_benchmark_release\inputs\whole_file_summaries\data_stackzdpd_summary.csv,trackcodec,TrackCodec,ok,363912664,0.33892007917165756,6.744549178425953,14.826787877813066,1983.6854680000106,Stats JSON: <MSCODEC_ROOT>\benchmark\compression_benchmark_runs\data_stackzdpd_lt20g_all_methods_w5_size_desc_20260521\File5_S8184TPST_01.uncompressed_ef4db9a0\trackcodec\File5_S8184TPST_01.uncompressed.stats.json

data_stackzdpd,Data_StackZDPD,File6_Negative_000333.uncompressed.mzML,data_stackzdpd::File6_Negative_000333.uncompressed.mzML,<MSCODEC_ROOT>\benchmark\data_StackZDPD\File6_Negative_000333.uncompressed.mzML,SZ-File6,820448439,0.7641021525487304,209379656,0.19500000029802322,<TRACKCODEC_PUBLIC_RELEASE>\experiments\benchmarks\compression_benchmark_release\inputs\whole_file_summaries\data_stackzdpd_summary.csv,original_mzml,Original mzML,ok,820448439,0.7641021525487304,1.0,100.0,nan,

data_stackzdpd,Data_StackZDPD,File6_Negative_000333.uncompressed.mzML,data_stackzdpd::File6_Negative_000333.uncompressed.mzML,<MSCODEC_ROOT>\benchmark\data_StackZDPD\File6_Negative_000333.uncompressed.mzML,SZ-File6,820448439,0.7641021525487304,209379656,0.19500000029802322,<TRACKCODEC_PUBLIC_RELEASE>\experiments\benchmarks\compression_benchmark_release\inputs\whole_file_summaries\data_stackzdpd_summary.csv,msconvert_zlib,zlib mzML,ok,601794467,0.5604647723957896,1.3633366273538703,73.3494560284001,41.08447890001116,

data_stackzdpd,Data_StackZDPD,File6_Negative_000333.uncompressed.mzML,data_stackzdpd::File6_Negative_000333.uncompressed.mzML,<MSCODEC_ROOT>\benchmark\data_StackZDPD\File6_Negative_000333.uncompressed.mzML,SZ-File6,820448439,0.7641021525487304,209379656,0.19500000029802322,<TRACKCODEC_PUBLIC_RELEASE>\experiments\benchmarks\compression_benchmark_release\inputs\whole_file_summaries\data_stackzdpd_summary.csv,msconvert_gzip,gzip mzML,ok,374090754,0.3483991641551256,2.1931802115590378,45.59588832370245,66.97980219998863,

data_stackzdpd,Data_StackZDPD,File6_Negative_000333.uncompressed.mzML,data_stackzdpd::File6_Negative_000333.uncompressed.mzML,<MSCODEC_ROOT>\benchmark\data_StackZDPD\File6_Negative_000333.uncompressed.mzML,SZ-File6,820448439,0.7641021525487304,209379656,0.19500000029802322,<TRACKCODEC_PUBLIC_RELEASE>\experiments\benchmarks\compression_benchmark_release\inputs\whole_file_summaries\data_stackzdpd_summary.csv,msconvert_numpress,Numpress+zlib,ok,292982385,0.27286110911518335,2.8003336753504824,35.71003015827543,26.73563860001741,

data_stackzdpd,Data_StackZDPD,File6_Negative_000333.uncompressed.mzML,data_stackzdpd::File6_Negative_000333.uncompressed.mzML,<MSCODEC_ROOT>\benchmark\data_StackZDPD\File6_Negative_000333.uncompressed.mzML,SZ-File6,820448439,0.7641021525487304,209379656,0.19500000029802322,<TRACKCODEC_PUBLIC_RELEASE>\experiments\benchmarks\compression_benchmark_release\inputs\whole_file_summaries\data_stackzdpd_summary.csv,mspack,mspack,ok,178169801,0.16593355778604746,4.604868133629447,21.716148453784797,151.019132800051,"Elapsed time includes msconvert normalization to uncompressed, non-indexed mzML with 64-bit m/z, 32-bit intensity, and 64-bit rt; mspack cannot read zlib-compressed binary arrays."

data_stackzdpd,Data_StackZDPD,File6_Negative_000333.uncompressed.mzML,data_stackzdpd::File6_Negative_000333.uncompressed.mzML,<MSCODEC_ROOT>\benchmark\data_StackZDPD\File6_Negative_000333.uncompressed.mzML,SZ-File6,820448439,0.7641021525487304,209379656,0.19500000029802322,<TRACKCODEC_PUBLIC_RELEASE>\experiments\benchmarks\compression_benchmark_release\inputs\whole_file_summaries\data_stackzdpd_summary.csv,masscomp,MassComp,ok,309089251,0.28786179702728987,2.654406247857516,37.673208492752096,3447.040150100016,"Elapsed time includes mzML to mzXML conversion with 64-bit m/z, 32-bit intensity, and 64-bit rt. masscomp.cmd uses the 64-bit-safe MassComp build when available, so >2GB mzXML files do not trigger the original tinyxml2 file-length overflow."

data_stackzdpd,Data_StackZDPD,File6_Negative_000333.uncompressed.mzML,data_stackzdpd::File6_Negative_000333.uncompressed.mzML,<MSCODEC_ROOT>\benchmark\data_StackZDPD\File6_Negative_000333.uncompressed.mzML,SZ-File6,820448439,0.7641021525487304,209379656,0.19500000029802322,<TRACKCODEC_PUBLIC_RELEASE>\experiments\benchmarks\compression_benchmark_release\inputs\whole_file_summaries\data_stackzdpd_summary.csv,airdpro,AirdPro,ok,100905609,0.0939756715670228,8.130850674515031,12.298836124667185,30.018968800024595,

data_stackzdpd,Data_StackZDPD,File6_Negative_000333.uncompressed.mzML,data_stackzdpd::File6_Negative_000333.uncompressed.mzML,<MSCODEC_ROOT>\benchmark\data_StackZDPD\File6_Negative_000333.uncompressed.mzML,SZ-File6,820448439,0.7641021525487304,209379656,0.19500000029802322,<TRACKCODEC_PUBLIC_RELEASE>\experiments\benchmarks\compression_benchmark_release\inputs\whole_file_summaries\data_stackzdpd_summary.csv,zdpd,ZDPD,ok,102247993,0.09522586409002542,8.024103113691435,12.46245201278273,30.820846799993888,zdpd.cmd calls airdpro-compress.cmd; config used: ZDPD.

data_stackzdpd,Data_StackZDPD,File6_Negative_000333.uncompressed.mzML,data_stackzdpd::File6_Negative_000333.uncompressed.mzML,<MSCODEC_ROOT>\benchmark\data_StackZDPD\File6_Negative_000333.uncompressed.mzML,SZ-File6,820448439,0.7641021525487304,209379656,0.19500000029802322,<TRACKCODEC_PUBLIC_RELEASE>\experiments\benchmarks\compression_benchmark_release\inputs\whole_file_summaries\data_stackzdpd_summary.csv,stackzdpd,Stack-ZDPD,error,0,nan,nan,nan,21.979188499972224,AirdPro wrapper returned a non-zero exit code.

data_stackzdpd,Data_StackZDPD,File6_Negative_000333.uncompressed.mzML,data_stackzdpd::File6_Negative_000333.uncompressed.mzML,<MSCODEC_ROOT>\benchmark\data_StackZDPD\File6_Negative_000333.uncompressed.mzML,SZ-File6,820448439,0.7641021525487304,209379656,0.19500000029802322,<TRACKCODEC_PUBLIC_RELEASE>\experiments\benchmarks\compression_benchmark_release\inputs\whole_file_summaries\data_stackzdpd_summary.csv,trackcodec,TrackCodec,ok,86764397,0.0808056415989995,9.456049570655116,10.57524067030372,538.0421648000483,Stats JSON: <MSCODEC_ROOT>\benchmark\compression_benchmark_runs\data_stackzdpd_lt20g_all_methods_w5_size_desc_20260521\File6_Negative_000333.uncompressed_1162bb72\trackcodec\File6_Negative_000333.uncompressed.stats.json

data_stackzdpd,Data_StackZDPD,LFQ_Orbitrap_AIF_Human_01.uncompressed.mzML,data_stackzdpd::LFQ_Orbitrap_AIF_Human_01.uncompressed.mzML,<MSCODEC_ROOT>\benchmark\data_StackZDPD\LFQ_Orbitrap_AIF_Human_01.uncompressed.mzML,SZ-LFQ_Orbitrap_AIF_H,1988096205,1.8515588762238622,0,nan,<TRACKCODEC_PUBLIC_RELEASE>\experiments\benchmarks\compression_benchmark_release\inputs\whole_file_summaries\data_stackzdpd_aif_summary.csv,original_mzml,Original mzML,ok,1988096205,1.8515588762238622,1.0,100.0,nan,

data_stackzdpd,Data_StackZDPD,LFQ_Orbitrap_AIF_Human_02.uncompressed.mzML,data_stackzdpd::LFQ_Orbitrap_AIF_Human_02.uncompressed.mzML,<MSCODEC_ROOT>\benchmark\data_StackZDPD\LFQ_Orbitrap_AIF_Human_02.uncompressed.mzML,SZ-LFQ_Orbitrap_AIF_H,1935259044,1.8023504354059696,0,nan,<TRACKCODEC_PUBLIC_RELEASE>\experiments\benchmarks\compression_benchmark_release\inputs\whole_file_summaries\data_stackzdpd_aif_summary.csv,original_mzml,Original mzML,ok,1935259044,1.8023504354059696,1.0,100.0,nan,

data_stackzdpd,Data_StackZDPD,LFQ_Orbitrap_AIF_Human_01.uncompressed.mzML,data_stackzdpd::LFQ_Orbitrap_AIF_Human_01.uncompressed.mzML,<MSCODEC_ROOT>\benchmark\data_StackZDPD\LFQ_Orbitrap_AIF_Human_01.uncompressed.mzML,SZ-LFQ_Orbitrap_AIF_H,1988096205,1.8515588762238622,0,nan,<TRACKCODEC_PUBLIC_RELEASE>\experiments\benchmarks\compression_benchmark_release\inputs\whole_file_summaries\data_stackzdpd_aif_summary.csv,msconvert_zlib,zlib mzML,ok,1988097682,1.8515602517873049,0.9999992570787576,100.00007429217943,205.29922749998514,

data_stackzdpd,Data_StackZDPD,LFQ_Orbitrap_AIF_Human_02.uncompressed.mzML,data_stackzdpd::LFQ_Orbitrap_AIF_Human_02.uncompressed.mzML,<MSCODEC_ROOT>\benchmark\data_StackZDPD\LFQ_Orbitrap_AIF_Human_02.uncompressed.mzML,SZ-LFQ_Orbitrap_AIF_H,1935259044,1.8023504354059696,0,nan,<TRACKCODEC_PUBLIC_RELEASE>\experiments\benchmarks\compression_benchmark_release\inputs\whole_file_summaries\data_stackzdpd_aif_summary.csv,msconvert_zlib,zlib mzML,ok,1935260521,1.8023518109694123,0.9999992367952615,100.00007632053212,205.29862619994674,

data_stackzdpd,Data_StackZDPD,LFQ_Orbitrap_AIF_Human_01.uncompressed.mzML,data_stackzdpd::LFQ_Orbitrap_AIF_Human_01.uncompressed.mzML,<MSCODEC_ROOT>\benchmark\data_StackZDPD\LFQ_Orbitrap_AIF_Human_01.uncompressed.mzML,SZ-LFQ_Orbitrap_AIF_H,1988096205,1.8515588762238622,0,nan,<TRACKCODEC_PUBLIC_RELEASE>\experiments\benchmarks\compression_benchmark_release\inputs\whole_file_summaries\data_stackzdpd_aif_summary.csv,msconvert_gzip,gzip mzML,ok,694874670,0.647152466699481,2.8610860214547755,34.95176280968757,295.7728394001024,

data_stackzdpd,Data_StackZDPD,LFQ_Orbitrap_AIF_Human_02.uncompressed.mzML,data_stackzdpd::LFQ_Orbitrap_AIF_Human_02.uncompressed.mzML,<MSCODEC_ROOT>\benchmark\data_StackZDPD\LFQ_Orbitrap_AIF_Human_02.uncompressed.mzML,SZ-LFQ_Orbitrap_AIF_H,1935259044,1.8023504354059696,0,nan,<TRACKCODEC_PUBLIC_RELEASE>\experiments\benchmarks\compression_benchmark_release\inputs\whole_file_summaries\data_stackzdpd_aif_summary.csv,msconvert_gzip,gzip mzML,ok,645513535,0.6011813273653388,2.998014664402041,33.35540722578326,282.1527037998894,

data_stackzdpd,Data_StackZDPD,LFQ_Orbitrap_AIF_Human_01.uncompressed.mzML,data_stackzdpd::LFQ_Orbitrap_AIF_Human_01.uncompressed.mzML,<MSCODEC_ROOT>\benchmark\data_StackZDPD\LFQ_Orbitrap_AIF_Human_01.uncompressed.mzML,SZ-LFQ_Orbitrap_AIF_H,1988096205,1.8515588762238622,0,nan,<TRACKCODEC_PUBLIC_RELEASE>\experiments\benchmarks\compression_benchmark_release\inputs\whole_file_summaries\data_stackzdpd_aif_summary.csv,msconvert_numpress,Numpress+zlib,ok,1842077218,1.715568097308278,1.0792686569125138,92.65533596247673,153.3441888000816,

data_stackzdpd,Data_StackZDPD,LFQ_Orbitrap_AIF_Human_02.uncompressed.mzML,data_stackzdpd::LFQ_Orbitrap_AIF_Human_02.uncompressed.mzML,<MSCODEC_ROOT>\benchmark\data_StackZDPD\LFQ_Orbitrap_AIF_Human_02.uncompressed.mzML,SZ-LFQ_Orbitrap_AIF_H,1935259044,1.8023504354059696,0,nan,<TRACKCODEC_PUBLIC_RELEASE>\experiments\benchmarks\compression_benchmark_release\inputs\whole_file_summaries\data_stackzdpd_aif_summary.csv,msconvert_numpress,Numpress+zlib,ok,1802084056,1.6783215627074242,1.0739005417403238,93.11849292667613,158.5567550000269,

data_stackzdpd,Data_StackZDPD,LFQ_Orbitrap_AIF_Human_01.uncompressed.mzML,data_stackzdpd::LFQ_Orbitrap_AIF_Human_01.uncompressed.mzML,<MSCODEC_ROOT>\benchmark\data_StackZDPD\LFQ_Orbitrap_AIF_Human_01.uncompressed.mzML,SZ-LFQ_Orbitrap_AIF_H,1988096205,1.8515588762238622,0,nan,<TRACKCODEC_PUBLIC_RELEASE>\experiments\benchmarks\compression_benchmark_release\inputs\whole_file_summaries\data_stackzdpd_aif_summary.csv,mspack,mspack,ok,431521477,0.401885692961514,4.607177883292238,21.70526134071062,261.094822700019,"Elapsed time includes msconvert normalization to uncompressed, non-indexed mzML with 64-bit m/z, 32-bit intensity, and 64-bit rt; mspack cannot read zlib-compressed binary arrays."

data_stackzdpd,Data_StackZDPD,LFQ_Orbitrap_AIF_Human_02.uncompressed.mzML,data_stackzdpd::LFQ_Orbitrap_AIF_Human_02.uncompressed.mzML,<MSCODEC_ROOT>\benchmark\data_StackZDPD\LFQ_Orbitrap_AIF_Human_02.uncompressed.mzML,SZ-LFQ_Orbitrap_AIF_H,1935259044,1.8023504354059696,0,nan,<TRACKCODEC_PUBLIC_RELEASE>\experiments\benchmarks\compression_benchmark_release\inputs\whole_file_summaries\data_stackzdpd_aif_summary.csv,mspack,mspack,ok,402035129,0.37442439142614603,4.813656579746294,20.774228145139208,244.82862159993965,"Elapsed time includes msconvert normalization to uncompressed, non-indexed mzML with 64-bit m/z, 32-bit intensity, and 64-bit rt; mspack cannot read zlib-compressed binary arrays."

data_stackzdpd,Data_StackZDPD,LFQ_Orbitrap_AIF_Human_01.uncompressed.mzML,data_stackzdpd::LFQ_Orbitrap_AIF_Human_01.uncompressed.mzML,<MSCODEC_ROOT>\benchmark\data_StackZDPD\LFQ_Orbitrap_AIF_Human_01.uncompressed.mzML,SZ-LFQ_Orbitrap_AIF_H,1988096205,1.8515588762238622,0,nan,<TRACKCODEC_PUBLIC_RELEASE>\experiments\benchmarks\compression_benchmark_release\inputs\whole_file_summaries\data_stackzdpd_aif_summary.csv,masscomp,MassComp,ok,541412273,0.5042294720187783,3.6720560359369614,27.23269988838392,165.7609550000634,"Elapsed time includes mzML to mzXML conversion with 64-bit m/z, 32-bit intensity, and 64-bit rt. masscomp.cmd uses the 64-bit-safe MassComp build when available, so >2GB mzXML files do not trigger the original tinyxml2 file-length overflow."

data_stackzdpd,Data_StackZDPD,LFQ_Orbitrap_AIF_Human_02.uncompressed.mzML,data_stackzdpd::LFQ_Orbitrap_AIF_Human_02.uncompressed.mzML,<MSCODEC_ROOT>\benchmark\data_StackZDPD\LFQ_Orbitrap_AIF_Human_02.uncompressed.mzML,SZ-LFQ_Orbitrap_AIF_H,1935259044,1.8023504354059696,0,nan,<TRACKCODEC_PUBLIC_RELEASE>\experiments\benchmarks\compression_benchmark_release\inputs\whole_file_summaries\data_stackzdpd_aif_summary.csv,masscomp,MassComp,ok,502761281,0.46823293063789606,3.849260309287819,25.979017256565268,170.7334925001487,"Elapsed time includes mzML to mzXML conversion with 64-bit m/z, 32-bit intensity, and 64-bit rt. masscomp.cmd uses the 64-bit-safe MassComp build when available, so >2GB mzXML files do not trigger the original tinyxml2 file-length overflow."

data_stackzdpd,Data_StackZDPD,LFQ_Orbitrap_AIF_Human_01.uncompressed.mzML,data_stackzdpd::LFQ_Orbitrap_AIF_Human_01.uncompressed.mzML,<MSCODEC_ROOT>\benchmark\data_StackZDPD\LFQ_Orbitrap_AIF_Human_01.uncompressed.mzML,SZ-LFQ_Orbitrap_AIF_H,1988096205,1.8515588762238622,0,nan,<TRACKCODEC_PUBLIC_RELEASE>\experiments\benchmarks\compression_benchmark_release\inputs\whole_file_summaries\data_stackzdpd_aif_summary.csv,airdpro,AirdPro,ok,493546905,0.459651374258101,4.0281808777627734,24.825101710809815,151.7175559999887,

data_stackzdpd,Data_StackZDPD,LFQ_Orbitrap_AIF_Human_02.uncompressed.mzML,data_stackzdpd::LFQ_Orbitrap_AIF_Human_02.uncompressed.mzML,<MSCODEC_ROOT>\benchmark\data_StackZDPD\LFQ_Orbitrap_AIF_Human_02.uncompressed.mzML,SZ-LFQ_Orbitrap_AIF_H,1935259044,1.8023504354059696,0,nan,<TRACKCODEC_PUBLIC_RELEASE>\experiments\benchmarks\compression_benchmark_release\inputs\whole_file_summaries\data_stackzdpd_aif_summary.csv,airdpro,AirdPro,ok,460417551,0.4287972589954734,4.20326948830845,23.79100371226582,168.90234200004488,

data_stackzdpd,Data_StackZDPD,LFQ_Orbitrap_AIF_Human_01.uncompressed.mzML,data_stackzdpd::LFQ_Orbitrap_AIF_Human_01.uncompressed.mzML,<MSCODEC_ROOT>\benchmark\data_StackZDPD\LFQ_Orbitrap_AIF_Human_01.uncompressed.mzML,SZ-LFQ_Orbitrap_AIF_H,1988096205,1.8515588762238622,0,nan,<TRACKCODEC_PUBLIC_RELEASE>\experiments\benchmarks\compression_benchmark_release\inputs\whole_file_summaries\data_stackzdpd_aif_summary.csv,zdpd,ZDPD,ok,501574155,0.4671273333951831,3.9637134114296617,25.22886738270294,164.72325220005587,zdpd.cmd calls airdpro-compress.cmd; config used: ZDPD.

data_stackzdpd,Data_StackZDPD,LFQ_Orbitrap_AIF_Human_02.uncompressed.mzML,data_stackzdpd::LFQ_Orbitrap_AIF_Human_02.uncompressed.mzML,<MSCODEC_ROOT>\benchmark\data_StackZDPD\LFQ_Orbitrap_AIF_Human_02.uncompressed.mzML,SZ-LFQ_Orbitrap_AIF_H,1935259044,1.8023504354059696,0,nan,<TRACKCODEC_PUBLIC_RELEASE>\experiments\benchmarks\compression_benchmark_release\inputs\whole_file_summaries\data_stackzdpd_aif_summary.csv,zdpd,ZDPD,ok,468445382,0.43627375923097134,4.13123731893252,24.205823166275824,165.1988233999582,zdpd.cmd calls airdpro-compress.cmd; config used: ZDPD.

data_stackzdpd,Data_StackZDPD,LFQ_Orbitrap_AIF_Human_01.uncompressed.mzML,data_stackzdpd::LFQ_Orbitrap_AIF_Human_01.uncompressed.mzML,<MSCODEC_ROOT>\benchmark\data_StackZDPD\LFQ_Orbitrap_AIF_Human_01.uncompressed.mzML,SZ-LFQ_Orbitrap_AIF_H,1988096205,1.8515588762238622,0,nan,<TRACKCODEC_PUBLIC_RELEASE>\experiments\benchmarks\compression_benchmark_release\inputs\whole_file_summaries\data_stackzdpd_aif_summary.csv,stackzdpd,Stack-ZDPD,error,0,nan,nan,nan,49.09149649995379,AirdPro wrapper returned a non-zero exit code.

data_stackzdpd,Data_StackZDPD,LFQ_Orbitrap_AIF_Human_02.uncompressed.mzML,data_stackzdpd::LFQ_Orbitrap_AIF_Human_02.uncompressed.mzML,<MSCODEC_ROOT>\benchmark\data_StackZDPD\LFQ_Orbitrap_AIF_Human_02.uncompressed.mzML,SZ-LFQ_Orbitrap_AIF_H,1935259044,1.8023504354059696,0,nan,<TRACKCODEC_PUBLIC_RELEASE>\experiments\benchmarks\compression_benchmark_release\inputs\whole_file_summaries\data_stackzdpd_aif_summary.csv,stackzdpd,Stack-ZDPD,error,0,nan,nan,nan,49.2385828999104,AirdPro wrapper returned a non-zero exit code.

data_stackzdpd,Data_StackZDPD,LFQ_Orbitrap_AIF_Human_01.uncompressed.mzML,data_stackzdpd::LFQ_Orbitrap_AIF_Human_01.uncompressed.mzML,<MSCODEC_ROOT>\benchmark\data_StackZDPD\LFQ_Orbitrap_AIF_Human_01.uncompressed.mzML,SZ-LFQ_Orbitrap_AIF_H,1988096205,1.8515588762238622,0,nan,<TRACKCODEC_PUBLIC_RELEASE>\experiments\benchmarks\compression_benchmark_release\inputs\whole_file_summaries\data_stackzdpd_aif_summary.csv,trackcodec,TrackCodec,ok,391756776,0.3648519292473793,5.074822764520606,19.705121664371365,1257.6745690000243,Stats JSON: <MSCODEC_ROOT>\benchmark\compression_benchmark_runs\data_stackzdpd_lfq_aif_01_02_all_methods_w2_20260526\LFQ_Orbitrap_AIF_Human_01.uncompressed_18afeca8\trackcodec\LFQ_Orbitrap_AIF_Human_01.uncompressed.stats.json

data_stackzdpd,Data_StackZDPD,LFQ_Orbitrap_AIF_Human_02.uncompressed.mzML,data_stackzdpd::LFQ_Orbitrap_AIF_Human_02.uncompressed.mzML,<MSCODEC_ROOT>\benchmark\data_StackZDPD\LFQ_Orbitrap_AIF_Human_02.uncompressed.mzML,SZ-LFQ_Orbitrap_AIF_H,1935259044,1.8023504354059696,0,nan,<TRACKCODEC_PUBLIC_RELEASE>\experiments\benchmarks\compression_benchmark_release\inputs\whole_file_summaries\data_stackzdpd_aif_summary.csv,trackcodec,TrackCodec,ok,363695655,0.33871797379106283,5.321094759848038,18.793125195698607,1171.9252151000546,Stats JSON: <MSCODEC_ROOT>\benchmark\compression_benchmark_runs\data_stackzdpd_lfq_aif_01_02_all_methods_w2_20260526\LFQ_Orbitrap_AIF_Human_02.uncompressed_6b9e2e54\trackcodec\LFQ_Orbitrap_AIF_Human_02.uncompressed.stats.json

data_stackzdpd,Data_StackZDPD,Set 1_F2.uncompressed.mzML,data_stackzdpd::Set 1_F2.uncompressed.mzML,<MSCODEC_ROOT>\benchmark\data_StackZDPD\Set 1_F2.uncompressed.mzML,SZ-Set_1_F2,338149594,0.31492635048925877,209379656,0.19500000029802322,<TRACKCODEC_PUBLIC_RELEASE>\experiments\benchmarks\compression_benchmark_release\inputs\whole_file_summaries\data_stackzdpd_summary.csv,original_mzml,Original mzML,ok,338149594,0.31492635048925877,1.0,100.0,nan,

data_stackzdpd,Data_StackZDPD,Set 1_F2.uncompressed.mzML,data_stackzdpd::Set 1_F2.uncompressed.mzML,<MSCODEC_ROOT>\benchmark\data_StackZDPD\Set 1_F2.uncompressed.mzML,SZ-Set_1_F2,338149594,0.31492635048925877,209379656,0.19500000029802322,<TRACKCODEC_PUBLIC_RELEASE>\experiments\benchmarks\compression_benchmark_release\inputs\whole_file_summaries\data_stackzdpd_summary.csv,msconvert_zlib,zlib mzML,ok,311440058,0.29005115665495396,1.0857614019581256,92.10126628157359,16.44869099999778,

data_stackzdpd,Data_StackZDPD,Set 1_F2.uncompressed.mzML,data_stackzdpd::Set 1_F2.uncompressed.mzML,<MSCODEC_ROOT>\benchmark\data_StackZDPD\Set 1_F2.uncompressed.mzML,SZ-Set_1_F2,338149594,0.31492635048925877,209379656,0.19500000029802322,<TRACKCODEC_PUBLIC_RELEASE>\experiments\benchmarks\compression_benchmark_release\inputs\whole_file_summaries\data_stackzdpd_summary.csv,msconvert_gzip,gzip mzML,ok,196901912,0.18337919563055038,1.717350484641307,58.22923211908396,29.000519399996847,

data_stackzdpd,Data_StackZDPD,Set 1_F2.uncompressed.mzML,data_stackzdpd::Set 1_F2.uncompressed.mzML,<MSCODEC_ROOT>\benchmark\data_StackZDPD\Set 1_F2.uncompressed.mzML,SZ-Set_1_F2,338149594,0.31492635048925877,209379656,0.19500000029802322,<TRACKCODEC_PUBLIC_RELEASE>\experiments\benchmarks\compression_benchmark_release\inputs\whole_file_summaries\data_stackzdpd_summary.csv,msconvert_numpress,Numpress+zlib,ok,207277636,0.19304234161973,1.6313848446245305,61.297614924831166,12.984734099998605,

data_stackzdpd,Data_StackZDPD,Set 1_F2.uncompressed.mzML,data_stackzdpd::Set 1_F2.uncompressed.mzML,<MSCODEC_ROOT>\benchmark\data_StackZDPD\Set 1_F2.uncompressed.mzML,SZ-Set_1_F2,338149594,0.31492635048925877,209379656,0.19500000029802322,<TRACKCODEC_PUBLIC_RELEASE>\experiments\benchmarks\compression_benchmark_release\inputs\whole_file_summaries\data_stackzdpd_summary.csv,mspack,mspack,ok,145787288,0.13577499240636826,2.319472422039979,43.11325241455118,47.82124560000375,"Elapsed time includes msconvert normalization to uncompressed, non-indexed mzML with 64-bit m/z, 32-bit intensity, and 64-bit rt; mspack cannot read zlib-compressed binary arrays."

data_stackzdpd,Data_StackZDPD,Set 1_F2.uncompressed.mzML,data_stackzdpd::Set 1_F2.uncompressed.mzML,<MSCODEC_ROOT>\benchmark\data_StackZDPD\Set 1_F2.uncompressed.mzML,SZ-Set_1_F2,338149594,0.31492635048925877,209379656,0.19500000029802322,<TRACKCODEC_PUBLIC_RELEASE>\experiments\benchmarks\compression_benchmark_release\inputs\whole_file_summaries\data_stackzdpd_summary.csv,masscomp,MassComp,ok,163805835,0.15255607198923826,2.064331798681042,48.441825129028544,2296.3594123999937,"Elapsed time includes mzML to mzXML conversion with 64-bit m/z, 32-bit intensity, and 64-bit rt. masscomp.cmd uses the 64-bit-safe MassComp build when available, so >2GB mzXML files do not trigger the original tinyxml2 file-length overflow."

data_stackzdpd,Data_StackZDPD,Set 1_F2.uncompressed.mzML,data_stackzdpd::Set 1_F2.uncompressed.mzML,<MSCODEC_ROOT>\benchmark\data_StackZDPD\Set 1_F2.uncompressed.mzML,SZ-Set_1_F2,338149594,0.31492635048925877,209379656,0.19500000029802322,<TRACKCODEC_PUBLIC_RELEASE>\experiments\benchmarks\compression_benchmark_release\inputs\whole_file_summaries\data_stackzdpd_summary.csv,airdpro,AirdPro,ok,81111773,0.07554122526198626,4.168933577620107,23.986949693040295,16.994101600022987,

data_stackzdpd,Data_StackZDPD,Set 1_F2.uncompressed.mzML,data_stackzdpd::Set 1_F2.uncompressed.mzML,<MSCODEC_ROOT>\benchmark\data_StackZDPD\Set 1_F2.uncompressed.mzML,SZ-Set_1_F2,338149594,0.31492635048925877,209379656,0.19500000029802322,<TRACKCODEC_PUBLIC_RELEASE>\experiments\benchmarks\compression_benchmark_release\inputs\whole_file_summaries\data_stackzdpd_summary.csv,zdpd,ZDPD,ok,80855050,0.07530213333666325,4.182170365363697,23.9110297438358,16.16837289999239,zdpd.cmd calls airdpro-compress.cmd; config used: ZDPD.

data_stackzdpd,Data_StackZDPD,Set 1_F2.uncompressed.mzML,data_stackzdpd::Set 1_F2.uncompressed.mzML,<MSCODEC_ROOT>\benchmark\data_StackZDPD\Set 1_F2.uncompressed.mzML,SZ-Set_1_F2,338149594,0.31492635048925877,209379656,0.19500000029802322,<TRACKCODEC_PUBLIC_RELEASE>\experiments\benchmarks\compression_benchmark_release\inputs\whole_file_summaries\data_stackzdpd_summary.csv,stackzdpd,Stack-ZDPD,error,0,nan,nan,nan,7.3726726999739185,AirdPro wrapper returned a non-zero exit code.

data_stackzdpd,Data_StackZDPD,Set 1_F2.uncompressed.mzML,data_stackzdpd::Set 1_F2.uncompressed.mzML,<MSCODEC_ROOT>\benchmark\data_StackZDPD\Set 1_F2.uncompressed.mzML,SZ-Set_1_F2,338149594,0.31492635048925877,209379656,0.19500000029802322,<TRACKCODEC_PUBLIC_RELEASE>\experiments\benchmarks\compression_benchmark_release\inputs\whole_file_summaries\data_stackzdpd_summary.csv,trackcodec,TrackCodec,ok,78420958,0.0730352085083723,4.311979891905937,23.191202766903217,271.1083848000271,Stats JSON: <MSCODEC_ROOT>\benchmark\compression_benchmark_runs\data_stackzdpd_lt20g_all_methods_w5_size_desc_20260521\Set_1_F2.uncompressed_8d94c383\trackcodec\Set_1_F2.uncompressed.stats.json

full8,Full8,01625b_GA1-TUM_first_pool_1_01_01-DDA-1h-R2.true_uncompressed.mzML,full8::01625b_GA1-TUM_first_pool_1_01_01-DDA-1h-R2.true_uncompressed.mzML,<MSCODEC_ROOT>\benchmark\data_full8\01625b_GA1-TUM_first_pool_1_01_01-DDA-1h-R2.true_uncompressed.mzML,F8-DDA-true,1657731003,1.5438823057338595,688268509,0.6409999998286366,<TRACKCODEC_PUBLIC_RELEASE>\experiments\benchmarks\compression_benchmark_release\inputs\whole_file_summaries\full8_summary.csv,original_mzml,Original mzML,ok,1657731003,1.5438823057338595,1.0,100.0,nan,

full8,Full8,QC_E4806_240522_DDA_293T_500ng_120min_R1.true_uncompressed.mzML,full8::QC_E4806_240522_DDA_293T_500ng_120min_R1.true_uncompressed.mzML,<MSCODEC_ROOT>\benchmark\data_full8\QC_E4806_240522_DDA_293T_500ng_120min_R1.true_uncompressed.mzML,F8-DDA-true,5279873771,4.917265634052455,0,nan,<TRACKCODEC_PUBLIC_RELEASE>\experiments\benchmarks\compression_benchmark_release\inputs\whole_file_summaries\full8_summary.csv,original_mzml,Original mzML,ok,5279873771,4.917265634052455,1.0,100.0,nan,

full8,Full8,QC_E4804_240429_DDA_293T_500ng_120min_R1.true_uncompressed.mzML,full8::QC_E4804_240429_DDA_293T_500ng_120min_R1.true_uncompressed.mzML,<MSCODEC_ROOT>\benchmark\data_full8\QC_E4804_240429_DDA_293T_500ng_120min_R1.true_uncompressed.mzML,F8-DDA-true,4479534395,4.17189150582999,0,nan,<TRACKCODEC_PUBLIC_RELEASE>\experiments\benchmarks\compression_benchmark_release\inputs\whole_file_summaries\full8_summary.csv,original_mzml,Original mzML,ok,4479534395,4.17189150582999,1.0,100.0,nan,

full8,Full8,QC_E4804_240507_DIA_293T_500ng_120min_R1.true_uncompressed.mzML,full8::QC_E4804_240507_DIA_293T_500ng_120min_R1.true_uncompressed.mzML,<MSCODEC_ROOT>\benchmark\data_full8\QC_E4804_240507_DIA_293T_500ng_120min_R1.true_uncompressed.mzML,F8-DDA-true,4433885922,4.129378052428365,0,nan,<TRACKCODEC_PUBLIC_RELEASE>\experiments\benchmarks\compression_benchmark_release\inputs\whole_file_summaries\full8_summary.csv,original_mzml,Original mzML,ok,4433885922,4.129378052428365,1.0,100.0,nan,

full8,Full8,QC_E4801_240408_DDA_293T_500ng_120min_R1.true_uncompressed.mzML,full8::QC_E4801_240408_DDA_293T_500ng_120min_R1.true_uncompressed.mzML,<MSCODEC_ROOT>\benchmark\data_full8\QC_E4801_240408_DDA_293T_500ng_120min_R1.true_uncompressed.mzML,F8-DDA-true,4430278671,4.1260185381397605,0,nan,<TRACKCODEC_PUBLIC_RELEASE>\experiments\benchmarks\compression_benchmark_release\inputs\whole_file_summaries\full8_summary.csv,original_mzml,Original mzML,ok,4430278671,4.1260185381397605,1.0,100.0,nan,

full8,Full8,QC_E4804_240628_DIA_293T_500ng_120min_R1.true_uncompressed.mzML,full8::QC_E4804_240628_DIA_293T_500ng_120min_R1.true_uncompressed.mzML,<MSCODEC_ROOT>\benchmark\data_full8\QC_E4804_240628_DIA_293T_500ng_120min_R1.true_uncompressed.mzML,F8-DDA-true,4343173876,4.044895876199007,0,nan,<TRACKCODEC_PUBLIC_RELEASE>\experiments\benchmarks\compression_benchmark_release\inputs\whole_file_summaries\full8_summary.csv,original_mzml,Original mzML,ok,4343173876,4.044895876199007,1.0,100.0,nan,

full8,Full8,QC_E4804_240226_DIA_293T_500ng_120min_R1.true_uncompressed.mzML,full8::QC_E4804_240226_DIA_293T_500ng_120min_R1.true_uncompressed.mzML,<MSCODEC_ROOT>\benchmark\data_full8\QC_E4804_240226_DIA_293T_500ng_120min_R1.true_uncompressed.mzML,F8-DDA-true,4311472693,4.015371848829091,0,nan,<TRACKCODEC_PUBLIC_RELEASE>\experiments\benchmarks\compression_benchmark_release\inputs\whole_file_summaries\full8_summary.csv,original_mzml,Original mzML,ok,4311472693,4.015371848829091,1.0,100.0,nan,

full8,Full8,QC_E4805_240426_DDA_293T_500ng_120min_R1.true_uncompressed.mzML,full8::QC_E4805_240426_DDA_293T_500ng_120min_R1.true_uncompressed.mzML,<MSCODEC_ROOT>\benchmark\data_full8\QC_E4805_240426_DDA_293T_500ng_120min_R1.true_uncompressed.mzML,F8-DDA-true,4277603821,3.9838290037587285,0,nan,<TRACKCODEC_PUBLIC_RELEASE>\experiments\benchmarks\compression_benchmark_release\inputs\whole_file_summaries\full8_summary.csv,original_mzml,Original mzML,ok,4277603821,3.9838290037587285,1.0,100.0,nan,

full8,Full8,QC_E4804_240308_DIA_293T_500ng_120min_R1.true_uncompressed.mzML,full8::QC_E4804_240308_DIA_293T_500ng_120min_R1.true_uncompressed.mzML,<MSCODEC_ROOT>\benchmark\data_full8\QC_E4804_240308_DIA_293T_500ng_120min_R1.true_uncompressed.mzML,F8-DDA-true,4242487825,3.9511246839538217,0,nan,<TRACKCODEC_PUBLIC_RELEASE>\experiments\benchmarks\compression_benchmark_release\inputs\whole_file_summaries\full8_summary.csv,original_mzml,Original mzML,ok,4242487825,3.9511246839538217,1.0,100.0,nan,

full8,Full8,QC_E4805_240416_DDA_293T_500ng_120min_R1.true_uncompressed.mzML,full8::QC_E4805_240416_DDA_293T_500ng_120min_R1.true_uncompressed.mzML,<MSCODEC_ROOT>\benchmark\data_full8\QC_E4805_240416_DDA_293T_500ng_120min_R1.true_uncompressed.mzML,F8-DDA-true,4239649707,3.948481480590999,0,nan,<TRACKCODEC_PUBLIC_RELEASE>\experiments\benchmarks\compression_benchmark_release\inputs\whole_file_summaries\full8_summary.csv,original_mzml,Original mzML,ok,4239649707,3.948481480590999,1.0,100.0,nan,

full8,Full8,QC_E4806_240709_DDA_293T_200ng_120min_R1.true_uncompressed.mzML,full8::QC_E4806_240709_DDA_293T_200ng_120min_R1.true_uncompressed.mzML,<MSCODEC_ROOT>\benchmark\data_full8\QC_E4806_240709_DDA_293T_200ng_120min_R1.true_uncompressed.mzML,F8-DDA-true,4203036344,3.914382629096508,0,nan,<TRACKCODEC_PUBLIC_RELEASE>\experiments\benchmarks\compression_benchmark_release\inputs\whole_file_summaries\full8_summary.csv,original_mzml,Original mzML,ok,4203036344,3.914382629096508,1.0,100.0,nan,

full8,Full8,01625b_GA1-TUM_first_pool_1_01_01-DDA-1h-R2.true_uncompressed.mzML,full8::01625b_GA1-TUM_first_pool_1_01_01-DDA-1h-R2.true_uncompressed.mzML,<MSCODEC_ROOT>\benchmark\data_full8\01625b_GA1-TUM_first_pool_1_01_01-DDA-1h-R2.true_uncompressed.mzML,F8-DDA-true,1657731003,1.5438823057338595,688268509,0.6409999998286366,<TRACKCODEC_PUBLIC_RELEASE>\experiments\benchmarks\compression_benchmark_release\inputs\whole_file_summaries\full8_summary.csv,msconvert_zlib,zlib mzML,ok,1170477738,1.0900923404842615,1.4162858029513417,70.60721768982926,116.76561639999272,

full8,Full8,QC_E4806_240522_DDA_293T_500ng_120min_R1.true_uncompressed.mzML,full8::QC_E4806_240522_DDA_293T_500ng_120min_R1.true_uncompressed.mzML,<MSCODEC_ROOT>\benchmark\data_full8\QC_E4806_240522_DDA_293T_500ng_120min_R1.true_uncompressed.mzML,F8-DDA-true,5279873771,4.917265634052455,0,nan,<TRACKCODEC_PUBLIC_RELEASE>\experiments\benchmarks\compression_benchmark_release\inputs\whole_file_summaries\full8_summary.csv,msconvert_zlib,zlib mzML,ok,3603324090,3.3558570686727762,1.4652786258257442,68.24640599916341,1053.5399822000181,

full8,Full8,QC_E4804_240429_DDA_293T_500ng_120min_R1.true_uncompressed.mzML,full8::QC_E4804_240429_DDA_293T_500ng_120min_R1.true_uncompressed.mzML,<MSCODEC_ROOT>\benchmark\data_full8\QC_E4804_240429_DDA_293T_500ng_120min_R1.true_uncompressed.mzML,F8-DDA-true,4479534395,4.17189150582999,0,nan,<TRACKCODEC_PUBLIC_RELEASE>\experiments\benchmarks\compression_benchmark_release\inputs\whole_file_summaries\full8_summary.csv,msconvert_zlib,zlib mzML,ok,3287844520,3.062043823301792,1.3624532327337668,73.39701473594779,917.8573490000563,

full8,Full8,QC_E4804_240507_DIA_293T_500ng_120min_R1.true_uncompressed.mzML,full8::QC_E4804_240507_DIA_293T_500ng_120min_R1.true_uncompressed.mzML,<MSCODEC_ROOT>\benchmark\data_full8\QC_E4804_240507_DIA_293T_500ng_120min_R1.true_uncompressed.mzML,F8-DDA-true,4433885922,4.129378052428365,0,nan,<TRACKCODEC_PUBLIC_RELEASE>\experiments\benchmarks\compression_benchmark_release\inputs\whole_file_summaries\full8_summary.csv,msconvert_zlib,zlib mzML,ok,2899526360,2.700394354760647,1.5291759313407312,65.3946991647477,884.7541719999863,

full8,Full8,QC_E4801_240408_DDA_293T_500ng_120min_R1.true_uncompressed.mzML,full8::QC_E4801_240408_DDA_293T_500ng_120min_R1.true_uncompressed.mzML,<MSCODEC_ROOT>\benchmark\data_full8\QC_E4801_240408_DDA_293T_500ng_120min_R1.true_uncompressed.mzML,F8-DDA-true,4430278671,4.1260185381397605,0,nan,<TRACKCODEC_PUBLIC_RELEASE>\experiments\benchmarks\compression_benchmark_release\inputs\whole_file_summaries\full8_summary.csv,msconvert_zlib,zlib mzML,ok,3264242778,3.040062988176942,1.3572148189646696,73.68030366503326,963.5634867000626,

full8,Full8,QC_E4804_240628_DIA_293T_500ng_120min_R1.true_uncompressed.mzML,full8::QC_E4804_240628_DIA_293T_500ng_120min_R1.true_uncompressed.mzML,<MSCODEC_ROOT>\benchmark\data_full8\QC_E4804_240628_DIA_293T_500ng_120min_R1.true_uncompressed.mzML,F8-DDA-true,4343173876,4.044895876199007,0,nan,<TRACKCODEC_PUBLIC_RELEASE>\experiments\benchmarks\compression_benchmark_release\inputs\whole_file_summaries\full8_summary.csv,msconvert_zlib,zlib mzML,ok,2838688356,2.6437345482409,1.529993198027547,65.35976769630027,899.505117499968,

full8,Full8,QC_E4804_240226_DIA_293T_500ng_120min_R1.true_uncompressed.mzML,full8::QC_E4804_240226_DIA_293T_500ng_120min_R1.true_uncompressed.mzML,<MSCODEC_ROOT>\benchmark\data_full8\QC_E4804_240226_DIA_293T_500ng_120min_R1.true_uncompressed.mzML,F8-DDA-true,4311472693,4.015371848829091,0,nan,<TRACKCODEC_PUBLIC_RELEASE>\experiments\benchmarks\compression_benchmark_release\inputs\whole_file_summaries\full8_summary.csv,msconvert_zlib,zlib mzML,ok,2829963480,2.6356088742613792,1.5235082443537398,65.63797758929701,894.8349696999649,

full8,Full8,QC_E4805_240426_DDA_293T_500ng_120min_R1.true_uncompressed.mzML,full8::QC_E4805_240426_DDA_293T_500ng_120min_R1.true_uncompressed.mzML,<MSCODEC_ROOT>\benchmark\data_full8\QC_E4805_240426_DDA_293T_500ng_120min_R1.true_uncompressed.mzML,F8-DDA-true,4277603821,3.9838290037587285,0,nan,<TRACKCODEC_PUBLIC_RELEASE>\experiments\benchmarks\compression_benchmark_release\inputs\whole_file_summaries\full8_summary.csv,msconvert_zlib,zlib mzML,ok,3130764252,2.915751423686743,1.3663129755833177,73.18967307421433,924.2167716000695,

full8,Full8,QC_E4804_240308_DIA_293T_500ng_120min_R1.true_uncompressed.mzML,full8::QC_E4804_240308_DIA_293T_500ng_120min_R1.true_uncompressed.mzML,<MSCODEC_ROOT>\benchmark\data_full8\QC_E4804_240308_DIA_293T_500ng_120min_R1.true_uncompressed.mzML,F8-DDA-true,4242487825,3.9511246839538217,0,nan,<TRACKCODEC_PUBLIC_RELEASE>\experiments\benchmarks\compression_benchmark_release\inputs\whole_file_summaries\full8_summary.csv,msconvert_zlib,zlib mzML,ok,2789681093,2.598092977888882,1.5207787856631538,65.75578311765692,867.1392125999555,

full8,Full8,QC_E4805_240416_DDA_293T_500ng_120min_R1.true_uncompressed.mzML,full8::QC_E4805_240416_DDA_293T_500ng_120min_R1.true_uncompressed.mzML,<MSCODEC_ROOT>\benchmark\data_full8\QC_E4805_240416_DDA_293T_500ng_120min_R1.true_uncompressed.mzML,F8-DDA-true,4239649707,3.948481480590999,0,nan,<TRACKCODEC_PUBLIC_RELEASE>\experiments\benchmarks\compression_benchmark_release\inputs\whole_file_summaries\full8_summary.csv,msconvert_zlib,zlib mzML,ok,3103643485,2.8904932411387563,1.3660234261732545,73.2051867369051,303.0569674000144,

full8,Full8,QC_E4806_240709_DDA_293T_200ng_120min_R1.true_uncompressed.mzML,full8::QC_E4806_240709_DDA_293T_200ng_120min_R1.true_uncompressed.mzML,<MSCODEC_ROOT>\benchmark\data_full8\QC_E4806_240709_DDA_293T_200ng_120min_R1.true_uncompressed.mzML,F8-DDA-true,4203036344,3.914382629096508,0,nan,<TRACKCODEC_PUBLIC_RELEASE>\experiments\benchmarks\compression_benchmark_release\inputs\whole_file_summaries\full8_summary.csv,msconvert_zlib,zlib mzML,ok,3119365605,2.90513560641557,1.3474010027112548,74.21695530786968,301.51911509991623,

full8,Full8,01625b_GA1-TUM_first_pool_1_01_01-DDA-1h-R2.true_uncompressed.mzML,full8::01625b_GA1-TUM_first_pool_1_01_01-DDA-1h-R2.true_uncompressed.mzML,<MSCODEC_ROOT>\benchmark\data_full8\01625b_GA1-TUM_first_pool_1_01_01-DDA-1h-R2.true_uncompressed.mzML,F8-DDA-true,1657731003,1.5438823057338595,688268509,0.6409999998286366,<TRACKCODEC_PUBLIC_RELEASE>\experiments\benchmarks\compression_benchmark_release\inputs\whole_file_summaries\full8_summary.csv,msconvert_gzip,gzip mzML,ok,778249824,0.724801629781723,2.1300756542156316,46.946689335700384,178.49593069998082,

full8,Full8,QC_E4806_240522_DDA_293T_500ng_120min_R1.true_uncompressed.mzML,full8::QC_E4806_240522_DDA_293T_500ng_120min_R1.true_uncompressed.mzML,<MSCODEC_ROOT>\benchmark\data_full8\QC_E4806_240522_DDA_293T_500ng_120min_R1.true_uncompressed.mzML,F8-DDA-true,5279873771,4.917265634052455,0,nan,<TRACKCODEC_PUBLIC_RELEASE>\experiments\benchmarks\compression_benchmark_release\inputs\whole_file_summaries\full8_summary.csv,msconvert_gzip,gzip mzML,ok,2847307005,2.651761290617287,1.854339472957536,53.92755828063527,595.6950829999987,

full8,Full8,QC_E4804_240429_DDA_293T_500ng_120min_R1.true_uncompressed.mzML,full8::QC_E4804_240429_DDA_293T_500ng_120min_R1.true_uncompressed.mzML,<MSCODEC_ROOT>\benchmark\data_full8\QC_E4804_240429_DDA_293T_500ng_120min_R1.true_uncompressed.mzML,F8-DDA-true,4479534395,4.17189150582999,0,nan,<TRACKCODEC_PUBLIC_RELEASE>\experiments\benchmarks\compression_benchmark_release\inputs\whole_file_summaries\full8_summary.csv,msconvert_gzip,gzip mzML,ok,1993677027,1.8567564217373729,2.2468706487231844,44.506344883194046,506.9626513000112,

full8,Full8,QC_E4804_240507_DIA_293T_500ng_120min_R1.true_uncompressed.mzML,full8::QC_E4804_240507_DIA_293T_500ng_120min_R1.true_uncompressed.mzML,<MSCODEC_ROOT>\benchmark\data_full8\QC_E4804_240507_DIA_293T_500ng_120min_R1.true_uncompressed.mzML,F8-DDA-true,4433885922,4.129378052428365,0,nan,<TRACKCODEC_PUBLIC_RELEASE>\experiments\benchmarks\compression_benchmark_release\inputs\whole_file_summaries\full8_summary.csv,msconvert_gzip,gzip mzML,ok,2150264816,2.002590164542198,2.062018542557039,48.49616913531408,774.4992577000521,

full8,Full8,QC_E4801_240408_DDA_293T_500ng_120min_R1.true_uncompressed.mzML,full8::QC_E4801_240408_DDA_293T_500ng_120min_R1.true_uncompressed.mzML,<MSCODEC_ROOT>\benchmark\data_full8\QC_E4801_240408_DDA_293T_500ng_120min_R1.true_uncompressed.mzML,F8-DDA-true,4430278671,4.1260185381397605,0,nan,<TRACKCODEC_PUBLIC_RELEASE>\experiments\benchmarks\compression_benchmark_release\inputs\whole_file_summaries\full8_summary.csv,msconvert_gzip,gzip mzML,ok,1959734630,1.8251451011747122,2.2606523368931843,44.23501940923391,527.6999402000802,

full8,Full8,QC_E4804_240628_DIA_293T_500ng_120min_R1.true_uncompressed.mzML,full8::QC_E4804_240628_DIA_293T_500ng_120min_R1.true_uncompressed.mzML,<MSCODEC_ROOT>\benchmark\data_full8\QC_E4804_240628_DIA_293T_500ng_120min_R1.true_uncompressed.mzML,F8-DDA-true,4343173876,4.044895876199007,0,nan,<TRACKCODEC_PUBLIC_RELEASE>\experiments\benchmarks\compression_benchmark_release\inputs\whole_file_summaries\full8_summary.csv,msconvert_gzip,gzip mzML,ok,2100859734,1.9565780963748693,2.0673316765087755,48.37153183318696,799.1791514999932,

full8,Full8,QC_E4804_240226_DIA_293T_500ng_120min_R1.true_uncompressed.mzML,full8::QC_E4804_240226_DIA_293T_500ng_120min_R1.true_uncompressed.mzML,<MSCODEC_ROOT>\benchmark\data_full8\QC_E4804_240226_DIA_293T_500ng_120min_R1.true_uncompressed.mzML,F8-DDA-true,4311472693,4.015371848829091,0,nan,<TRACKCODEC_PUBLIC_RELEASE>\experiments\benchmarks\compression_benchmark_release\inputs\whole_file_summaries\full8_summary.csv,msconvert_gzip,gzip mzML,ok,2085069218,1.9418720323592424,2.0677839640909226,48.36095150005859,761.8065727000358,

full8,Full8,QC_E4805_240426_DDA_293T_500ng_120min_R1.true_uncompressed.mzML,full8::QC_E4805_240426_DDA_293T_500ng_120min_R1.true_uncompressed.mzML,<MSCODEC_ROOT>\benchmark\data_full8\QC_E4805_240426_DDA_293T_500ng_120min_R1.true_uncompressed.mzML,F8-DDA-true,4277603821,3.9838290037587285,0,nan,<TRACKCODEC_PUBLIC_RELEASE>\experiments\benchmarks\compression_benchmark_release\inputs\whole_file_summaries\full8_summary.csv,msconvert_gzip,gzip mzML,ok,1909218726,1.7780984994024038,2.240499615233713,44.632902108116944,506.3156913999701,

full8,Full8,QC_E4804_240308_DIA_293T_500ng_120min_R1.true_uncompressed.mzML,full8::QC_E4804_240308_DIA_293T_500ng_120min_R1.true_uncompressed.mzML,<MSCODEC_ROOT>\benchmark\data_full8\QC_E4804_240308_DIA_293T_500ng_120min_R1.true_uncompressed.mzML,F8-DDA-true,4242487825,3.9511246839538217,0,nan,<TRACKCODEC_PUBLIC_RELEASE>\experiments\benchmarks\compression_benchmark_release\inputs\whole_file_summaries\full8_summary.csv,msconvert_gzip,gzip mzML,ok,2047699550,1.9070688169449568,2.0718312044362173,48.26648029331705,716.2330546999583,

full8,Full8,QC_E4805_240416_DDA_293T_500ng_120min_R1.true_uncompressed.mzML,full8::QC_E4805_240416_DDA_293T_500ng_120min_R1.true_uncompressed.mzML,<MSCODEC_ROOT>\benchmark\data_full8\QC_E4805_240416_DDA_293T_500ng_120min_R1.true_uncompressed.mzML,F8-DDA-true,4239649707,3.948481480590999,0,nan,<TRACKCODEC_PUBLIC_RELEASE>\experiments\benchmarks\compression_benchmark_release\inputs\whole_file_summaries\full8_summary.csv,msconvert_gzip,gzip mzML,ok,1887117784,1.7575153931975365,2.246626968886644,44.51117225284481,599.3180897999555,

full8,Full8,QC_E4806_240709_DDA_293T_200ng_120min_R1.true_uncompressed.mzML,full8::QC_E4806_240709_DDA_293T_200ng_120min_R1.true_uncompressed.mzML,<MSCODEC_ROOT>\benchmark\data_full8\QC_E4806_240709_DDA_293T_200ng_120min_R1.true_uncompressed.mzML,F8-DDA-true,4203036344,3.914382629096508,0,nan,<TRACKCODEC_PUBLIC_RELEASE>\experiments\benchmarks\compression_benchmark_release\inputs\whole_file_summaries\full8_summary.csv,msconvert_gzip,gzip mzML,ok,1878653213,1.749632147140801,2.2372603495502075,44.697524818738515,560.7089255000465,

full8,Full8,01625b_GA1-TUM_first_pool_1_01_01-DDA-1h-R2.true_uncompressed.mzML,full8::01625b_GA1-TUM_first_pool_1_01_01-DDA-1h-R2.true_uncompressed.mzML,<MSCODEC_ROOT>\benchmark\data_full8\01625b_GA1-TUM_first_pool_1_01_01-DDA-1h-R2.true_uncompressed.mzML,F8-DDA-true,1657731003,1.5438823057338595,688268509,0.6409999998286366,<TRACKCODEC_PUBLIC_RELEASE>\experiments\benchmarks\compression_benchmark_release\inputs\whole_file_summaries\full8_summary.csv,msconvert_numpress,Numpress+zlib,ok,602149674,0.5607955846935511,2.753021507074668,36.32372640134547,56.68824309995398,

full8,Full8,QC_E4806_240522_DDA_293T_500ng_120min_R1.true_uncompressed.mzML,full8::QC_E4806_240522_DDA_293T_500ng_120min_R1.true_uncompressed.mzML,<MSCODEC_ROOT>\benchmark\data_full8\QC_E4806_240522_DDA_293T_500ng_120min_R1.true_uncompressed.mzML,F8-DDA-true,5279873771,4.917265634052455,0,nan,<TRACKCODEC_PUBLIC_RELEASE>\experiments\benchmarks\compression_benchmark_release\inputs\whole_file_summaries\full8_summary.csv,msconvert_numpress,Numpress+zlib,ok,1164378121,1.0844116294756532,4.534501014554876,22.053143152690723,421.8078147000633,

full8,Full8,QC_E4804_240429_DDA_293T_500ng_120min_R1.true_uncompressed.mzML,full8::QC_E4804_240429_DDA_293T_500ng_120min_R1.true_uncompressed.mzML,<MSCODEC_ROOT>\benchmark\data_full8\QC_E4804_240429_DDA_293T_500ng_120min_R1.true_uncompressed.mzML,F8-DDA-true,4479534395,4.17189150582999,0,nan,<TRACKCODEC_PUBLIC_RELEASE>\experiments\benchmarks\compression_benchmark_release\inputs\whole_file_summaries\full8_summary.csv,msconvert_numpress,Numpress+zlib,ok,1881024797,1.7518408568575978,2.381432930679223,41.99152481337293,377.28566070005763,

full8,Full8,QC_E4804_240507_DIA_293T_500ng_120min_R1.true_uncompressed.mzML,full8::QC_E4804_240507_DIA_293T_500ng_120min_R1.true_uncompressed.mzML,<MSCODEC_ROOT>\benchmark\data_full8\QC_E4804_240507_DIA_293T_500ng_120min_R1.true_uncompressed.mzML,F8-DDA-true,4433885922,4.129378052428365,0,nan,<TRACKCODEC_PUBLIC_RELEASE>\experiments\benchmarks\compression_benchmark_release\inputs\whole_file_summaries\full8_summary.csv,msconvert_numpress,Numpress+zlib,ok,1855809737,1.728357502259314,2.3891920780454448,41.855153011309255,556.2659396999516,

full8,Full8,QC_E4801_240408_DDA_293T_500ng_120min_R1.true_uncompressed.mzML,full8::QC_E4801_240408_DDA_293T_500ng_120min_R1.true_uncompressed.mzML,<MSCODEC_ROOT>\benchmark\data_full8\QC_E4801_240408_DDA_293T_500ng_120min_R1.true_uncompressed.mzML,F8-DDA-true,4430278671,4.1260185381397605,0,nan,<TRACKCODEC_PUBLIC_RELEASE>\experiments\benchmarks\compression_benchmark_release\inputs\whole_file_summaries\full8_summary.csv,msconvert_numpress,Numpress+zlib,ok,1867334460,1.7390907369554043,2.372514815048184,42.149367989497286,392.42239329998847,

full8,Full8,QC_E4804_240628_DIA_293T_500ng_120min_R1.true_uncompressed.mzML,full8::QC_E4804_240628_DIA_293T_500ng_120min_R1.true_uncompressed.mzML,<MSCODEC_ROOT>\benchmark\data_full8\QC_E4804_240628_DIA_293T_500ng_120min_R1.true_uncompressed.mzML,F8-DDA-true,4343173876,4.044895876199007,0,nan,<TRACKCODEC_PUBLIC_RELEASE>\experiments\benchmarks\compression_benchmark_release\inputs\whole_file_summaries\full8_summary.csv,msconvert_numpress,Numpress+zlib,ok,1836250333,1.7101413877680898,2.3652406199454723,42.278996545520755,598.422710099956,

full8,Full8,QC_E4804_240226_DIA_293T_500ng_120min_R1.true_uncompressed.mzML,full8::QC_E4804_240226_DIA_293T_500ng_120min_R1.true_uncompressed.mzML,<MSCODEC_ROOT>\benchmark\data_full8\QC_E4804_240226_DIA_293T_500ng_120min_R1.true_uncompressed.mzML,F8-DDA-true,4311472693,4.015371848829091,0,nan,<TRACKCODEC_PUBLIC_RELEASE>\experiments\benchmarks\compression_benchmark_release\inputs\whole_file_summaries\full8_summary.csv,msconvert_numpress,Numpress+zlib,ok,1807660486,1.6835150178521872,2.3851119866764625,41.92675252089321,539.9173258999363,

full8,Full8,QC_E4805_240426_DDA_293T_500ng_120min_R1.true_uncompressed.mzML,full8::QC_E4805_240426_DDA_293T_500ng_120min_R1.true_uncompressed.mzML,<MSCODEC_ROOT>\benchmark\data_full8\QC_E4805_240426_DDA_293T_500ng_120min_R1.true_uncompressed.mzML,F8-DDA-true,4277603821,3.9838290037587285,0,nan,<TRACKCODEC_PUBLIC_RELEASE>\experiments\benchmarks\compression_benchmark_release\inputs\whole_file_summaries\full8_summary.csv,msconvert_numpress,Numpress+zlib,ok,1808795240,1.6845718398690224,2.364891131071309,42.28524462971766,276.40448459994514,

full8,Full8,QC_E4804_240308_DIA_293T_500ng_120min_R1.true_uncompressed.mzML,full8::QC_E4804_240308_DIA_293T_500ng_120min_R1.true_uncompressed.mzML,<MSCODEC_ROOT>\benchmark\data_full8\QC_E4804_240308_DIA_293T_500ng_120min_R1.true_uncompressed.mzML,F8-DDA-true,4242487825,3.9511246839538217,0,nan,<TRACKCODEC_PUBLIC_RELEASE>\experiments\benchmarks\compression_benchmark_release\inputs\whole_file_summaries\full8_summary.csv,msconvert_numpress,Numpress+zlib,ok,1785736687,1.663096888922155,2.3757633787136276,42.091733922654214,367.1229079000186,

full8,Full8,QC_E4805_240416_DDA_293T_500ng_120min_R1.true_uncompressed.mzML,full8::QC_E4805_240416_DDA_293T_500ng_120min_R1.true_uncompressed.mzML,<MSCODEC_ROOT>\benchmark\data_full8\QC_E4805_240416_DDA_293T_500ng_120min_R1.true_uncompressed.mzML,F8-DDA-true,4239649707,3.948481480590999,0,nan,<TRACKCODEC_PUBLIC_RELEASE>\experiments\benchmarks\compression_benchmark_release\inputs\whole_file_summaries\full8_summary.csv,msconvert_numpress,Numpress+zlib,ok,1804908188,1.6809517405927181,2.348955883289505,42.57210648841937,222.6514262999408,

full8,Full8,QC_E4806_240709_DDA_293T_200ng_120min_R1.true_uncompressed.mzML,full8::QC_E4806_240709_DDA_293T_200ng_120min_R1.true_uncompressed.mzML,<MSCODEC_ROOT>\benchmark\data_full8\QC_E4806_240709_DDA_293T_200ng_120min_R1.true_uncompressed.mzML,F8-DDA-true,4203036344,3.914382629096508,0,nan,<TRACKCODEC_PUBLIC_RELEASE>\experiments\benchmarks\compression_benchmark_release\inputs\whole_file_summaries\full8_summary.csv,msconvert_numpress,Numpress+zlib,ok,1667043793,1.5525555172935128,2.5212513082432264,39.66284506151774,227.93256720004138,

full8,Full8,01625b_GA1-TUM_first_pool_1_01_01-DDA-1h-R2.true_uncompressed.mzML,full8::01625b_GA1-TUM_first_pool_1_01_01-DDA-1h-R2.true_uncompressed.mzML,<MSCODEC_ROOT>\benchmark\data_full8\01625b_GA1-TUM_first_pool_1_01_01-DDA-1h-R2.true_uncompressed.mzML,F8-DDA-true,1657731003,1.5438823057338595,688268509,0.6409999998286366,<TRACKCODEC_PUBLIC_RELEASE>\experiments\benchmarks\compression_benchmark_release\inputs\whole_file_summaries\full8_summary.csv,mspack,mspack,ok,357328464,0.33278806507587433,4.639235801265471,21.555274248556717,492.7931290999986,"Elapsed time includes msconvert normalization to uncompressed, non-indexed mzML with 64-bit m/z, 32-bit intensity, and 64-bit rt; mspack cannot read zlib-compressed binary arrays."

full8,Full8,QC_E4806_240522_DDA_293T_500ng_120min_R1.true_uncompressed.mzML,full8::QC_E4806_240522_DDA_293T_500ng_120min_R1.true_uncompressed.mzML,<MSCODEC_ROOT>\benchmark\data_full8\QC_E4806_240522_DDA_293T_500ng_120min_R1.true_uncompressed.mzML,F8-DDA-true,5279873771,4.917265634052455,0,nan,<TRACKCODEC_PUBLIC_RELEASE>\experiments\benchmarks\compression_benchmark_release\inputs\whole_file_summaries\full8_summary.csv,mspack,mspack,ok,1197020207,1.114811941049993,4.410847653301144,22.671379258623567,1788.809475200018,"Elapsed time includes msconvert normalization to uncompressed, non-indexed mzML with 64-bit m/z, 32-bit intensity, and 64-bit rt; mspack cannot read zlib-compressed binary arrays."

full8,Full8,QC_E4804_240429_DDA_293T_500ng_120min_R1.true_uncompressed.mzML,full8::QC_E4804_240429_DDA_293T_500ng_120min_R1.true_uncompressed.mzML,<MSCODEC_ROOT>\benchmark\data_full8\QC_E4804_240429_DDA_293T_500ng_120min_R1.true_uncompressed.mzML,F8-DDA-true,4479534395,4.17189150582999,0,nan,<TRACKCODEC_PUBLIC_RELEASE>\experiments\benchmarks\compression_benchmark_release\inputs\whole_file_summaries\full8_summary.csv,mspack,mspack,ok,1027025361,0.9564919034019113,4.361658986335392,22.927056038376506,1312.8939828999573,"Elapsed time includes msconvert normalization to uncompressed, non-indexed mzML with 64-bit m/z, 32-bit intensity, and 64-bit rt; mspack cannot read zlib-compressed binary arrays."

full8,Full8,QC_E4804_240507_DIA_293T_500ng_120min_R1.true_uncompressed.mzML,full8::QC_E4804_240507_DIA_293T_500ng_120min_R1.true_uncompressed.mzML,<MSCODEC_ROOT>\benchmark\data_full8\QC_E4804_240507_DIA_293T_500ng_120min_R1.true_uncompressed.mzML,F8-DDA-true,4433885922,4.129378052428365,0,nan,<TRACKCODEC_PUBLIC_RELEASE>\experiments\benchmarks\compression_benchmark_release\inputs\whole_file_summaries\full8_summary.csv,mspack,mspack,ok,1193582178,1.1116100270301104,3.7147722240872803,26.919550908554022,1245.3099345000228,"Elapsed time includes msconvert normalization to uncompressed, non-indexed mzML with 64-bit m/z, 32-bit intensity, and 64-bit rt; mspack cannot read zlib-compressed binary arrays."

full8,Full8,QC_E4801_240408_DDA_293T_500ng_120min_R1.true_uncompressed.mzML,full8::QC_E4801_240408_DDA_293T_500ng_120min_R1.true_uncompressed.mzML,<MSCODEC_ROOT>\benchmark\data_full8\QC_E4801_240408_DDA_293T_500ng_120min_R1.true_uncompressed.mzML,F8-DDA-true,4430278671,4.1260185381397605,0,nan,<TRACKCODEC_PUBLIC_RELEASE>\experiments\benchmarks\compression_benchmark_release\inputs\whole_file_summaries\full8_summary.csv,mspack,mspack,ok,1012091631,0.9425837835296988,4.377349377568364,22.84487514577839,1266.4503515999531,"Elapsed time includes msconvert normalization to uncompressed, non-indexed mzML with 64-bit m/z, 32-bit intensity, and 64-bit rt; mspack cannot read zlib-compressed binary arrays."

full8,Full8,QC_E4804_240628_DIA_293T_500ng_120min_R1.true_uncompressed.mzML,full8::QC_E4804_240628_DIA_293T_500ng_120min_R1.true_uncompressed.mzML,<MSCODEC_ROOT>\benchmark\data_full8\QC_E4804_240628_DIA_293T_500ng_120min_R1.true_uncompressed.mzML,F8-DDA-true,4343173876,4.044895876199007,0,nan,<TRACKCODEC_PUBLIC_RELEASE>\experiments\benchmarks\compression_benchmark_release\inputs\whole_file_summaries\full8_summary.csv,mspack,mspack,ok,1167714107,1.0875185085460544,3.7193811824010106,26.88619291649101,1037.5357800000347,"Elapsed time includes msconvert normalization to uncompressed, non-indexed mzML with 64-bit m/z, 32-bit intensity, and 64-bit rt; mspack cannot read zlib-compressed binary arrays."

full8,Full8,QC_E4804_240226_DIA_293T_500ng_120min_R1.true_uncompressed.mzML,full8::QC_E4804_240226_DIA_293T_500ng_120min_R1.true_uncompressed.mzML,<MSCODEC_ROOT>\benchmark\data_full8\QC_E4804_240226_DIA_293T_500ng_120min_R1.true_uncompressed.mzML,F8-DDA-true,4311472693,4.015371848829091,0,nan,<TRACKCODEC_PUBLIC_RELEASE>\experiments\benchmarks\compression_benchmark_release\inputs\whole_file_summaries\full8_summary.csv,mspack,mspack,ok,1155854557,1.0764734419062734,3.730116965745544,26.808810800926945,1065.6566885998473,"Elapsed time includes msconvert normalization to uncompressed, non-indexed mzML with 64-bit m/z, 32-bit intensity, and 64-bit rt; mspack cannot read zlib-compressed binary arrays."

full8,Full8,QC_E4805_240426_DDA_293T_500ng_120min_R1.true_uncompressed.mzML,full8::QC_E4805_240426_DDA_293T_500ng_120min_R1.true_uncompressed.mzML,<MSCODEC_ROOT>\benchmark\data_full8\QC_E4805_240426_DDA_293T_500ng_120min_R1.true_uncompressed.mzML,F8-DDA-true,4277603821,3.9838290037587285,0,nan,<TRACKCODEC_PUBLIC_RELEASE>\experiments\benchmarks\compression_benchmark_release\inputs\whole_file_summaries\full8_summary.csv,mspack,mspack,ok,978187690,0.9110082779079676,4.372988808517923,22.86765513902415,1293.756006599986,"Elapsed time includes msconvert normalization to uncompressed, non-indexed mzML with 64-bit m/z, 32-bit intensity, and 64-bit rt; mspack cannot read zlib-compressed binary arrays."

full8,Full8,QC_E4804_240308_DIA_293T_500ng_120min_R1.true_uncompressed.mzML,full8::QC_E4804_240308_DIA_293T_500ng_120min_R1.true_uncompressed.mzML,<MSCODEC_ROOT>\benchmark\data_full8\QC_E4804_240308_DIA_293T_500ng_120min_R1.true_uncompressed.mzML,F8-DDA-true,4242487825,3.9511246839538217,0,nan,<TRACKCODEC_PUBLIC_RELEASE>\experiments\benchmarks\compression_benchmark_release\inputs\whole_file_summaries\full8_summary.csv,mspack,mspack,ok,1136081189,1.058058057911694,3.734317464348052,26.77865525754337,1183.9912652999628,"Elapsed time includes msconvert normalization to uncompressed, non-indexed mzML with 64-bit m/z, 32-bit intensity, and 64-bit rt; mspack cannot read zlib-compressed binary arrays."

full8,Full8,QC_E4805_240416_DDA_293T_500ng_120min_R1.true_uncompressed.mzML,full8::QC_E4805_240416_DDA_293T_500ng_120min_R1.true_uncompressed.mzML,<MSCODEC_ROOT>\benchmark\data_full8\QC_E4805_240416_DDA_293T_500ng_120min_R1.true_uncompressed.mzML,F8-DDA-true,4239649707,3.948481480590999,0,nan,<TRACKCODEC_PUBLIC_RELEASE>\experiments\benchmarks\compression_benchmark_release\inputs\whole_file_summaries\full8_summary.csv,mspack,mspack,ok,969892283,0.9032825781032443,4.371258315290668,22.87670798364852,497.80995690007694,"Elapsed time includes msconvert normalization to uncompressed, non-indexed mzML with 64-bit m/z, 32-bit intensity, and 64-bit rt; mspack cannot read zlib-compressed binary arrays."

full8,Full8,QC_E4806_240709_DDA_293T_200ng_120min_R1.true_uncompressed.mzML,full8::QC_E4806_240709_DDA_293T_200ng_120min_R1.true_uncompressed.mzML,<MSCODEC_ROOT>\benchmark\data_full8\QC_E4806_240709_DDA_293T_200ng_120min_R1.true_uncompressed.mzML,F8-DDA-true,4203036344,3.914382629096508,0,nan,<TRACKCODEC_PUBLIC_RELEASE>\experiments\benchmarks\compression_benchmark_release\inputs\whole_file_summaries\full8_summary.csv,mspack,mspack,ok,928783457,0.8649970004335046,4.525313529566882,22.097916386706363,499.59383740008343,"Elapsed time includes msconvert normalization to uncompressed, non-indexed mzML with 64-bit m/z, 32-bit intensity, and 64-bit rt; mspack cannot read zlib-compressed binary arrays."

full8,Full8,01625b_GA1-TUM_first_pool_1_01_01-DDA-1h-R2.true_uncompressed.mzML,full8::01625b_GA1-TUM_first_pool_1_01_01-DDA-1h-R2.true_uncompressed.mzML,<MSCODEC_ROOT>\benchmark\data_full8\01625b_GA1-TUM_first_pool_1_01_01-DDA-1h-R2.true_uncompressed.mzML,F8-DDA-true,1657731003,1.5438823057338595,688268509,0.6409999998286366,<TRACKCODEC_PUBLIC_RELEASE>\experiments\benchmarks\compression_benchmark_release\inputs\whole_file_summaries\full8_summary.csv,masscomp,MassComp,ok,633207550,0.5897204857319593,2.6179899513200686,38.19724363326033,2137.6809058999643,"Elapsed time includes mzML to mzXML conversion with 64-bit m/z, 32-bit intensity, and 64-bit rt. masscomp.cmd uses the 64-bit-safe MassComp build when available, so >2GB mzXML files do not trigger the original tinyxml2 file-length overflow."

full8,Full8,QC_E4806_240522_DDA_293T_500ng_120min_R1.true_uncompressed.mzML,full8::QC_E4806_240522_DDA_293T_500ng_120min_R1.true_uncompressed.mzML,<MSCODEC_ROOT>\benchmark\data_full8\QC_E4806_240522_DDA_293T_500ng_120min_R1.true_uncompressed.mzML,F8-DDA-true,5279873771,4.917265634052455,0,nan,<TRACKCODEC_PUBLIC_RELEASE>\experiments\benchmarks\compression_benchmark_release\inputs\whole_file_summaries\full8_summary.csv,masscomp,MassComp,ok,2356904645,2.1950385021045804,2.240172839491349,44.63941274402107,1044.932811299921,"Elapsed time includes mzML to mzXML conversion with 64-bit m/z, 32-bit intensity, and 64-bit rt. masscomp.cmd uses the 64-bit-safe MassComp build when available, so >2GB mzXML files do not trigger the original tinyxml2 file-length overflow."

full8,Full8,QC_E4804_240429_DDA_293T_500ng_120min_R1.true_uncompressed.mzML,full8::QC_E4804_240429_DDA_293T_500ng_120min_R1.true_uncompressed.mzML,<MSCODEC_ROOT>\benchmark\data_full8\QC_E4804_240429_DDA_293T_500ng_120min_R1.true_uncompressed.mzML,F8-DDA-true,4479534395,4.17189150582999,0,nan,<TRACKCODEC_PUBLIC_RELEASE>\experiments\benchmarks\compression_benchmark_release\inputs\whole_file_summaries\full8_summary.csv,masscomp,MassComp,ok,1627431138,1.5156633574515581,2.7525185492671826,36.33036370513235,1402.2238073000917,"Elapsed time includes mzML to mzXML conversion with 64-bit m/z, 32-bit intensity, and 64-bit rt. masscomp.cmd uses the 64-bit-safe MassComp build when available, so >2GB mzXML files do not trigger the original tinyxml2 file-length overflow."

full8,Full8,QC_E4804_240507_DIA_293T_500ng_120min_R1.true_uncompressed.mzML,full8::QC_E4804_240507_DIA_293T_500ng_120min_R1.true_uncompressed.mzML,<MSCODEC_ROOT>\benchmark\data_full8\QC_E4804_240507_DIA_293T_500ng_120min_R1.true_uncompressed.mzML,F8-DDA-true,4433885922,4.129378052428365,0,nan,<TRACKCODEC_PUBLIC_RELEASE>\experiments\benchmarks\compression_benchmark_release\inputs\whole_file_summaries\full8_summary.csv,masscomp,MassComp,ok,1705554410,1.5884213242679834,2.5996742736574436,38.46635750228488,1109.5069196000695,"Elapsed time includes mzML to mzXML conversion with 64-bit m/z, 32-bit intensity, and 64-bit rt. masscomp.cmd uses the 64-bit-safe MassComp build when available, so >2GB mzXML files do not trigger the original tinyxml2 file-length overflow."

full8,Full8,QC_E4801_240408_DDA_293T_500ng_120min_R1.true_uncompressed.mzML,full8::QC_E4801_240408_DDA_293T_500ng_120min_R1.true_uncompressed.mzML,<MSCODEC_ROOT>\benchmark\data_full8\QC_E4801_240408_DDA_293T_500ng_120min_R1.true_uncompressed.mzML,F8-DDA-true,4430278671,4.1260185381397605,0,nan,<TRACKCODEC_PUBLIC_RELEASE>\experiments\benchmarks\compression_benchmark_release\inputs\whole_file_summaries\full8_summary.csv,masscomp,MassComp,ok,1602277640,1.4922373369336128,2.764988139633528,36.16652041525719,1352.6124686000403,"Elapsed time includes mzML to mzXML conversion with 64-bit m/z, 32-bit intensity, and 64-bit rt. masscomp.cmd uses the 64-bit-safe MassComp build when available, so >2GB mzXML files do not trigger the original tinyxml2 file-length overflow."

full8,Full8,QC_E4804_240628_DIA_293T_500ng_120min_R1.true_uncompressed.mzML,full8::QC_E4804_240628_DIA_293T_500ng_120min_R1.true_uncompressed.mzML,<MSCODEC_ROOT>\benchmark\data_full8\QC_E4804_240628_DIA_293T_500ng_120min_R1.true_uncompressed.mzML,F8-DDA-true,4343173876,4.044895876199007,0,nan,<TRACKCODEC_PUBLIC_RELEASE>\experiments\benchmarks\compression_benchmark_release\inputs\whole_file_summaries\full8_summary.csv,masscomp,MassComp,ok,1654233180,1.5406247042119503,2.625490727975847,38.088117750503805,1196.3972726999782,"Elapsed time includes mzML to mzXML conversion with 64-bit m/z, 32-bit intensity, and 64-bit rt. masscomp.cmd uses the 64-bit-safe MassComp build when available, so >2GB mzXML files do not trigger the original tinyxml2 file-length overflow."

full8,Full8,QC_E4804_240226_DIA_293T_500ng_120min_R1.true_uncompressed.mzML,full8::QC_E4804_240226_DIA_293T_500ng_120min_R1.true_uncompressed.mzML,<MSCODEC_ROOT>\benchmark\data_full8\QC_E4804_240226_DIA_293T_500ng_120min_R1.true_uncompressed.mzML,F8-DDA-true,4311472693,4.015371848829091,0,nan,<TRACKCODEC_PUBLIC_RELEASE>\experiments\benchmarks\compression_benchmark_release\inputs\whole_file_summaries\full8_summary.csv,masscomp,MassComp,ok,1650939450,1.537557179108262,2.611526844912453,38.291775631106844,1248.4295164000941,"Elapsed time includes mzML to mzXML conversion with 64-bit m/z, 32-bit intensity, and 64-bit rt. masscomp.cmd uses the 64-bit-safe MassComp build when available, so >2GB mzXML files do not trigger the original tinyxml2 file-length overflow."

full8,Full8,QC_E4805_240426_DDA_293T_500ng_120min_R1.true_uncompressed.mzML,full8::QC_E4805_240426_DDA_293T_500ng_120min_R1.true_uncompressed.mzML,<MSCODEC_ROOT>\benchmark\data_full8\QC_E4805_240426_DDA_293T_500ng_120min_R1.true_uncompressed.mzML,F8-DDA-true,4277603821,3.9838290037587285,0,nan,<TRACKCODEC_PUBLIC_RELEASE>\experiments\benchmarks\compression_benchmark_release\inputs\whole_file_summaries\full8_summary.csv,masscomp,MassComp,ok,1555428016,1.4486052244901657,2.750113651675411,36.36213359367111,1475.4858913001372,"Elapsed time includes mzML to mzXML conversion with 64-bit m/z, 32-bit intensity, and 64-bit rt. masscomp.cmd uses the 64-bit-safe MassComp build when available, so >2GB mzXML files do not trigger the original tinyxml2 file-length overflow."

full8,Full8,QC_E4804_240308_DIA_293T_500ng_120min_R1.true_uncompressed.mzML,full8::QC_E4804_240308_DIA_293T_500ng_120min_R1.true_uncompressed.mzML,<MSCODEC_ROOT>\benchmark\data_full8\QC_E4804_240308_DIA_293T_500ng_120min_R1.true_uncompressed.mzML,F8-DDA-true,4242487825,3.9511246839538217,0,nan,<TRACKCODEC_PUBLIC_RELEASE>\experiments\benchmarks\compression_benchmark_release\inputs\whole_file_summaries\full8_summary.csv,masscomp,MassComp,ok,1620689117,1.5093843610957265,2.617706122968925,38.20138522141781,1216.5823825999396,"Elapsed time includes mzML to mzXML conversion with 64-bit m/z, 32-bit intensity, and 64-bit rt. masscomp.cmd uses the 64-bit-safe MassComp build when available, so >2GB mzXML files do not trigger the original tinyxml2 file-length overflow."

full8,Full8,QC_E4805_240416_DDA_293T_500ng_120min_R1.true_uncompressed.mzML,full8::QC_E4805_240416_DDA_293T_500ng_120min_R1.true_uncompressed.mzML,<MSCODEC_ROOT>\benchmark\data_full8\QC_E4805_240416_DDA_293T_500ng_120min_R1.true_uncompressed.mzML,F8-DDA-true,4239649707,3.948481480590999,0,nan,<TRACKCODEC_PUBLIC_RELEASE>\experiments\benchmarks\compression_benchmark_release\inputs\whole_file_summaries\full8_summary.csv,masscomp,MassComp,ok,1536648868,1.4311157800257206,2.7590230893268717,36.24471298802989,406.38798969995696,"Elapsed time includes mzML to mzXML conversion with 64-bit m/z, 32-bit intensity, and 64-bit rt. masscomp.cmd uses the 64-bit-safe MassComp build when available, so >2GB mzXML files do not trigger the original tinyxml2 file-length overflow."

full8,Full8,QC_E4806_240709_DDA_293T_200ng_120min_R1.true_uncompressed.mzML,full8::QC_E4806_240709_DDA_293T_200ng_120min_R1.true_uncompressed.mzML,<MSCODEC_ROOT>\benchmark\data_full8\QC_E4806_240709_DDA_293T_200ng_120min_R1.true_uncompressed.mzML,F8-DDA-true,4203036344,3.914382629096508,0,nan,<TRACKCODEC_PUBLIC_RELEASE>\experiments\benchmarks\compression_benchmark_release\inputs\whole_file_summaries\full8_summary.csv,masscomp,MassComp,ok,1544470138,1.4383999053388834,2.721345165949722,36.74653302022458,385.6561658999417,"Elapsed time includes mzML to mzXML conversion with 64-bit m/z, 32-bit intensity, and 64-bit rt. masscomp.cmd uses the 64-bit-safe MassComp build when available, so >2GB mzXML files do not trigger the original tinyxml2 file-length overflow."

full8,Full8,01625b_GA1-TUM_first_pool_1_01_01-DDA-1h-R2.true_uncompressed.mzML,full8::01625b_GA1-TUM_first_pool_1_01_01-DDA-1h-R2.true_uncompressed.mzML,<MSCODEC_ROOT>\benchmark\data_full8\01625b_GA1-TUM_first_pool_1_01_01-DDA-1h-R2.true_uncompressed.mzML,F8-DDA-true,1657731003,1.5438823057338595,688268509,0.6409999998286366,<TRACKCODEC_PUBLIC_RELEASE>\experiments\benchmarks\compression_benchmark_release\inputs\whole_file_summaries\full8_summary.csv,airdpro,AirdPro,ok,261856684,0.24387304112315178,6.330680499261192,15.796090169401268,59.06701520003844,

full8,Full8,QC_E4806_240522_DDA_293T_500ng_120min_R1.true_uncompressed.mzML,full8::QC_E4806_240522_DDA_293T_500ng_120min_R1.true_uncompressed.mzML,<MSCODEC_ROOT>\benchmark\data_full8\QC_E4806_240522_DDA_293T_500ng_120min_R1.true_uncompressed.mzML,F8-DDA-true,5279873771,4.917265634052455,0,nan,<TRACKCODEC_PUBLIC_RELEASE>\experiments\benchmarks\compression_benchmark_release\inputs\whole_file_summaries\full8_summary.csv,airdpro,AirdPro,ok,763976378,0.711508447304368,6.911043224689861,14.469595508062763,195.20928780001123,

full8,Full8,QC_E4804_240429_DDA_293T_500ng_120min_R1.true_uncompressed.mzML,full8::QC_E4804_240429_DDA_293T_500ng_120min_R1.true_uncompressed.mzML,<MSCODEC_ROOT>\benchmark\data_full8\QC_E4804_240429_DDA_293T_500ng_120min_R1.true_uncompressed.mzML,F8-DDA-true,4479534395,4.17189150582999,0,nan,<TRACKCODEC_PUBLIC_RELEASE>\experiments\benchmarks\compression_benchmark_release\inputs\whole_file_summaries\full8_summary.csv,airdpro,AirdPro,ok,817846262,0.7616786863654852,5.47723282863155,18.257394404937926,287.1223210999742,

full8,Full8,QC_E4804_240507_DIA_293T_500ng_120min_R1.true_uncompressed.mzML,full8::QC_E4804_240507_DIA_293T_500ng_120min_R1.true_uncompressed.mzML,<MSCODEC_ROOT>\benchmark\data_full8\QC_E4804_240507_DIA_293T_500ng_120min_R1.true_uncompressed.mzML,F8-DDA-true,4433885922,4.129378052428365,0,nan,<TRACKCODEC_PUBLIC_RELEASE>\experiments\benchmarks\compression_benchmark_release\inputs\whole_file_summaries\full8_summary.csv,airdpro,AirdPro,ok,1135457604,1.0574772991240025,3.904933047592678,25.60863369005731,188.31608529994264,

full8,Full8,QC_E4801_240408_DDA_293T_500ng_120min_R1.true_uncompressed.mzML,full8::QC_E4801_240408_DDA_293T_500ng_120min_R1.true_uncompressed.mzML,<MSCODEC_ROOT>\benchmark\data_full8\QC_E4801_240408_DDA_293T_500ng_120min_R1.true_uncompressed.mzML,F8-DDA-true,4430278671,4.1260185381397605,0,nan,<TRACKCODEC_PUBLIC_RELEASE>\experiments\benchmarks\compression_benchmark_release\inputs\whole_file_summaries\full8_summary.csv,airdpro,AirdPro,ok,781216396,0.7275644652545452,5.67100062631046,17.63357237804782,276.264966799994,

full8,Full8,QC_E4804_240628_DIA_293T_500ng_120min_R1.true_uncompressed.mzML,full8::QC_E4804_240628_DIA_293T_500ng_120min_R1.true_uncompressed.mzML,<MSCODEC_ROOT>\benchmark\data_full8\QC_E4804_240628_DIA_293T_500ng_120min_R1.true_uncompressed.mzML,F8-DDA-true,4343173876,4.044895876199007,0,nan,<TRACKCODEC_PUBLIC_RELEASE>\experiments\benchmarks\compression_benchmark_release\inputs\whole_file_summaries\full8_summary.csv,airdpro,AirdPro,ok,1102892820,1.0271489806473255,3.93798363471076,25.393706342140472,180.5706402999349,

full8,Full8,QC_E4804_240226_DIA_293T_500ng_120min_R1.true_uncompressed.mzML,full8::QC_E4804_240226_DIA_293T_500ng_120min_R1.true_uncompressed.mzML,<MSCODEC_ROOT>\benchmark\data_full8\QC_E4804_240226_DIA_293T_500ng_120min_R1.true_uncompressed.mzML,F8-DDA-true,4311472693,4.015371848829091,0,nan,<TRACKCODEC_PUBLIC_RELEASE>\experiments\benchmarks\compression_benchmark_release\inputs\whole_file_summaries\full8_summary.csv,airdpro,AirdPro,ok,1086045384,1.011458583176136,3.9698826186438634,25.189661661623795,155.51969690003898,

full8,Full8,QC_E4805_240426_DDA_293T_500ng_120min_R1.true_uncompressed.mzML,full8::QC_E4805_240426_DDA_293T_500ng_120min_R1.true_uncompressed.mzML,<MSCODEC_ROOT>\benchmark\data_full8\QC_E4805_240426_DDA_293T_500ng_120min_R1.true_uncompressed.mzML,F8-DDA-true,4277603821,3.9838290037587285,0,nan,<TRACKCODEC_PUBLIC_RELEASE>\experiments\benchmarks\compression_benchmark_release\inputs\whole_file_summaries\full8_summary.csv,airdpro,AirdPro,ok,788258816,0.7341232299804688,5.426648880004407,18.42757882649647,260.93620390002616,

full8,Full8,QC_E4804_240308_DIA_293T_500ng_120min_R1.true_uncompressed.mzML,full8::QC_E4804_240308_DIA_293T_500ng_120min_R1.true_uncompressed.mzML,<MSCODEC_ROOT>\benchmark\data_full8\QC_E4804_240308_DIA_293T_500ng_120min_R1.true_uncompressed.mzML,F8-DDA-true,4242487825,3.9511246839538217,0,nan,<TRACKCODEC_PUBLIC_RELEASE>\experiments\benchmarks\compression_benchmark_release\inputs\whole_file_summaries\full8_summary.csv,airdpro,AirdPro,ok,1064658991,0.9915409525856376,3.9848325716154123,25.095157250097706,201.6186582999071,

full8,Full8,QC_E4805_240416_DDA_293T_500ng_120min_R1.true_uncompressed.mzML,full8::QC_E4805_240416_DDA_293T_500ng_120min_R1.true_uncompressed.mzML,<MSCODEC_ROOT>\benchmark\data_full8\QC_E4805_240416_DDA_293T_500ng_120min_R1.true_uncompressed.mzML,F8-DDA-true,4239649707,3.948481480590999,0,nan,<TRACKCODEC_PUBLIC_RELEASE>\experiments\benchmarks\compression_benchmark_release\inputs\whole_file_summaries\full8_summary.csv,airdpro,AirdPro,ok,783431932,0.7296278439462185,5.411637608613584,18.47869484845626,190.92435570003,

full8,Full8,QC_E4806_240709_DDA_293T_200ng_120min_R1.true_uncompressed.mzML,full8::QC_E4806_240709_DDA_293T_200ng_120min_R1.true_uncompressed.mzML,<MSCODEC_ROOT>\benchmark\data_full8\QC_E4806_240709_DDA_293T_200ng_120min_R1.true_uncompressed.mzML,F8-DDA-true,4203036344,3.914382629096508,0,nan,<TRACKCODEC_PUBLIC_RELEASE>\experiments\benchmarks\compression_benchmark_release\inputs\whole_file_summaries\full8_summary.csv,airdpro,AirdPro,ok,660852429,0.6154667856171727,6.360022539918666,15.723214716984135,213.16527439991478,

full8,Full8,01625b_GA1-TUM_first_pool_1_01_01-DDA-1h-R2.true_uncompressed.mzML,full8::01625b_GA1-TUM_first_pool_1_01_01-DDA-1h-R2.true_uncompressed.mzML,<MSCODEC_ROOT>\benchmark\data_full8\01625b_GA1-TUM_first_pool_1_01_01-DDA-1h-R2.true_uncompressed.mzML,F8-DDA-true,1657731003,1.5438823057338595,688268509,0.6409999998286366,<TRACKCODEC_PUBLIC_RELEASE>\experiments\benchmarks\compression_benchmark_release\inputs\whole_file_summaries\full8_summary.csv,zdpd,ZDPD,ok,264159532,0.24601773545145988,6.275491898584981,15.935005831582435,60.322381200036034,zdpd.cmd calls airdpro-compress.cmd; config used: ZDPD.

full8,Full8,QC_E4806_240522_DDA_293T_500ng_120min_R1.true_uncompressed.mzML,full8::QC_E4806_240522_DDA_293T_500ng_120min_R1.true_uncompressed.mzML,<MSCODEC_ROOT>\benchmark\data_full8\QC_E4806_240522_DDA_293T_500ng_120min_R1.true_uncompressed.mzML,F8-DDA-true,5279873771,4.917265634052455,0,nan,<TRACKCODEC_PUBLIC_RELEASE>\experiments\benchmarks\compression_benchmark_release\inputs\whole_file_summaries\full8_summary.csv,zdpd,ZDPD,ok,765129569,0.7125824401155114,6.9006270113186545,14.491436768858312,161.6457354000304,zdpd.cmd calls airdpro-compress.cmd; config used: ZDPD.

full8,Full8,QC_E4804_240429_DDA_293T_500ng_120min_R1.true_uncompressed.mzML,full8::QC_E4804_240429_DDA_293T_500ng_120min_R1.true_uncompressed.mzML,<MSCODEC_ROOT>\benchmark\data_full8\QC_E4804_240429_DDA_293T_500ng_120min_R1.true_uncompressed.mzML,F8-DDA-true,4479534395,4.17189150582999,0,nan,<TRACKCODEC_PUBLIC_RELEASE>\experiments\benchmarks\compression_benchmark_release\inputs\whole_file_summaries\full8_summary.csv,zdpd,ZDPD,ok,826155653,0.7694174097850919,5.422143368181977,18.442891161236414,282.87199859996326,zdpd.cmd calls airdpro-compress.cmd; config used: ZDPD.

full8,Full8,QC_E4804_240507_DIA_293T_500ng_120min_R1.true_uncompressed.mzML,full8::QC_E4804_240507_DIA_293T_500ng_120min_R1.true_uncompressed.mzML,<MSCODEC_ROOT>\benchmark\data_full8\QC_E4804_240507_DIA_293T_500ng_120min_R1.true_uncompressed.mzML,F8-DDA-true,4433885922,4.129378052428365,0,nan,<TRACKCODEC_PUBLIC_RELEASE>\experiments\benchmarks\compression_benchmark_release\inputs\whole_file_summaries\full8_summary.csv,zdpd,ZDPD,ok,1140564499,1.0622334657236934,3.887448650109177,25.723812454009277,203.58767979999539,zdpd.cmd calls airdpro-compress.cmd; config used: ZDPD.

full8,Full8,QC_E4801_240408_DDA_293T_500ng_120min_R1.true_uncompressed.mzML,full8::QC_E4801_240408_DDA_293T_500ng_120min_R1.true_uncompressed.mzML,<MSCODEC_ROOT>\benchmark\data_full8\QC_E4801_240408_DDA_293T_500ng_120min_R1.true_uncompressed.mzML,F8-DDA-true,4430278671,4.1260185381397605,0,nan,<TRACKCODEC_PUBLIC_RELEASE>\experiments\benchmarks\compression_benchmark_release\inputs\whole_file_summaries\full8_summary.csv,zdpd,ZDPD,ok,789675203,0.7354423431679606,5.610254259180531,17.824504092013584,277.615815200028,zdpd.cmd calls airdpro-compress.cmd; config used: ZDPD.

full8,Full8,QC_E4804_240628_DIA_293T_500ng_120min_R1.true_uncompressed.mzML,full8::QC_E4804_240628_DIA_293T_500ng_120min_R1.true_uncompressed.mzML,<MSCODEC_ROOT>\benchmark\data_full8\QC_E4804_240628_DIA_293T_500ng_120min_R1.true_uncompressed.mzML,F8-DDA-true,4343173876,4.044895876199007,0,nan,<TRACKCODEC_PUBLIC_RELEASE>\experiments\benchmarks\compression_benchmark_release\inputs\whole_file_summaries\full8_summary.csv,zdpd,ZDPD,ok,1107972158,1.0318794827908278,3.9199305186872757,25.51065625354208,204.5732592000859,zdpd.cmd calls airdpro-compress.cmd; config used: ZDPD.

full8,Full8,QC_E4804_240226_DIA_293T_500ng_120min_R1.true_uncompressed.mzML,full8::QC_E4804_240226_DIA_293T_500ng_120min_R1.true_uncompressed.mzML,<MSCODEC_ROOT>\benchmark\data_full8\QC_E4804_240226_DIA_293T_500ng_120min_R1.true_uncompressed.mzML,F8-DDA-true,4311472693,4.015371848829091,0,nan,<TRACKCODEC_PUBLIC_RELEASE>\experiments\benchmarks\compression_benchmark_release\inputs\whole_file_summaries\full8_summary.csv,zdpd,ZDPD,ok,1091136713,1.0162002528086305,3.951358836736346,25.307749594971167,181.05392060009763,zdpd.cmd calls airdpro-compress.cmd; config used: ZDPD.

full8,Full8,QC_E4805_240426_DDA_293T_500ng_120min_R1.true_uncompressed.mzML,full8::QC_E4805_240426_DDA_293T_500ng_120min_R1.true_uncompressed.mzML,<MSCODEC_ROOT>\benchmark\data_full8\QC_E4805_240426_DDA_293T_500ng_120min_R1.true_uncompressed.mzML,F8-DDA-true,4277603821,3.9838290037587285,0,nan,<TRACKCODEC_PUBLIC_RELEASE>\experiments\benchmarks\compression_benchmark_release\inputs\whole_file_summaries\full8_summary.csv,zdpd,ZDPD,ok,796027910,0.7413587626069784,5.373685730441285,18.609201396633967,276.6013224000344,zdpd.cmd calls airdpro-compress.cmd; config used: ZDPD.

full8,Full8,QC_E4804_240308_DIA_293T_500ng_120min_R1.true_uncompressed.mzML,full8::QC_E4804_240308_DIA_293T_500ng_120min_R1.true_uncompressed.mzML,<MSCODEC_ROOT>\benchmark\data_full8\QC_E4804_240308_DIA_293T_500ng_120min_R1.true_uncompressed.mzML,F8-DDA-true,4242487825,3.9511246839538217,0,nan,<TRACKCODEC_PUBLIC_RELEASE>\experiments\benchmarks\compression_benchmark_release\inputs\whole_file_summaries\full8_summary.csv,zdpd,ZDPD,ok,1069745331,0.9962779758498073,3.965885806703278,25.2150477532602,250.86618849996012,zdpd.cmd calls airdpro-compress.cmd; config used: ZDPD.

full8,Full8,QC_E4805_240416_DDA_293T_500ng_120min_R1.true_uncompressed.mzML,full8::QC_E4805_240416_DDA_293T_500ng_120min_R1.true_uncompressed.mzML,<MSCODEC_ROOT>\benchmark\data_full8\QC_E4805_240416_DDA_293T_500ng_120min_R1.true_uncompressed.mzML,F8-DDA-true,4239649707,3.948481480590999,0,nan,<TRACKCODEC_PUBLIC_RELEASE>\experiments\benchmarks\compression_benchmark_release\inputs\whole_file_summaries\full8_summary.csv,zdpd,ZDPD,ok,791191488,0.7368544936180115,5.358563345666328,18.661718365403626,232.8140825999435,zdpd.cmd calls airdpro-compress.cmd; config used: ZDPD.

full8,Full8,QC_E4806_240709_DDA_293T_200ng_120min_R1.true_uncompressed.mzML,full8::QC_E4806_240709_DDA_293T_200ng_120min_R1.true_uncompressed.mzML,<MSCODEC_ROOT>\benchmark\data_full8\QC_E4806_240709_DDA_293T_200ng_120min_R1.true_uncompressed.mzML,F8-DDA-true,4203036344,3.914382629096508,0,nan,<TRACKCODEC_PUBLIC_RELEASE>\experiments\benchmarks\compression_benchmark_release\inputs\whole_file_summaries\full8_summary.csv,zdpd,ZDPD,ok,668659079,0.6227372949942946,6.2857687512233715,15.90895305853201,252.81921210000291,zdpd.cmd calls airdpro-compress.cmd; config used: ZDPD.

full8,Full8,01625b_GA1-TUM_first_pool_1_01_01-DDA-1h-R2.true_uncompressed.mzML,full8::01625b_GA1-TUM_first_pool_1_01_01-DDA-1h-R2.true_uncompressed.mzML,<MSCODEC_ROOT>\benchmark\data_full8\01625b_GA1-TUM_first_pool_1_01_01-DDA-1h-R2.true_uncompressed.mzML,F8-DDA-true,1657731003,1.5438823057338595,688268509,0.6409999998286366,<TRACKCODEC_PUBLIC_RELEASE>\experiments\benchmarks\compression_benchmark_release\inputs\whole_file_summaries\full8_summary.csv,stackzdpd,Stack-ZDPD,ok,285325613,0.26573018450289965,5.8099621186128845,17.211816180287727,73.43765219999477,stackzdpd.cmd calls airdpro-compress.cmd; config used: StackZDPD.

full8,Full8,QC_E4806_240522_DDA_293T_500ng_120min_R1.true_uncompressed.mzML,full8::QC_E4806_240522_DDA_293T_500ng_120min_R1.true_uncompressed.mzML,<MSCODEC_ROOT>\benchmark\data_full8\QC_E4806_240522_DDA_293T_500ng_120min_R1.true_uncompressed.mzML,F8-DDA-true,5279873771,4.917265634052455,0,nan,<TRACKCODEC_PUBLIC_RELEASE>\experiments\benchmarks\compression_benchmark_release\inputs\whole_file_summaries\full8_summary.csv,stackzdpd,Stack-ZDPD,error,0,nan,nan,nan,120.86489760002587,AirdPro wrapper returned a non-zero exit code.

full8,Full8,QC_E4804_240429_DDA_293T_500ng_120min_R1.true_uncompressed.mzML,full8::QC_E4804_240429_DDA_293T_500ng_120min_R1.true_uncompressed.mzML,<MSCODEC_ROOT>\benchmark\data_full8\QC_E4804_240429_DDA_293T_500ng_120min_R1.true_uncompressed.mzML,F8-DDA-true,4479534395,4.17189150582999,0,nan,<TRACKCODEC_PUBLIC_RELEASE>\experiments\benchmarks\compression_benchmark_release\inputs\whole_file_summaries\full8_summary.csv,stackzdpd,Stack-ZDPD,error,0,nan,nan,nan,121.14543819997925,AirdPro wrapper returned a non-zero exit code.

full8,Full8,QC_E4804_240507_DIA_293T_500ng_120min_R1.true_uncompressed.mzML,full8::QC_E4804_240507_DIA_293T_500ng_120min_R1.true_uncompressed.mzML,<MSCODEC_ROOT>\benchmark\data_full8\QC_E4804_240507_DIA_293T_500ng_120min_R1.true_uncompressed.mzML,F8-DDA-true,4433885922,4.129378052428365,0,nan,<TRACKCODEC_PUBLIC_RELEASE>\experiments\benchmarks\compression_benchmark_release\inputs\whole_file_summaries\full8_summary.csv,stackzdpd,Stack-ZDPD,error,0,nan,nan,nan,132.61559010006022,AirdPro wrapper returned a non-zero exit code.

full8,Full8,QC_E4801_240408_DDA_293T_500ng_120min_R1.true_uncompressed.mzML,full8::QC_E4801_240408_DDA_293T_500ng_120min_R1.true_uncompressed.mzML,<MSCODEC_ROOT>\benchmark\data_full8\QC_E4801_240408_DDA_293T_500ng_120min_R1.true_uncompressed.mzML,F8-DDA-true,4430278671,4.1260185381397605,0,nan,<TRACKCODEC_PUBLIC_RELEASE>\experiments\benchmarks\compression_benchmark_release\inputs\whole_file_summaries\full8_summary.csv,stackzdpd,Stack-ZDPD,error,0,nan,nan,nan,109.09214510000311,AirdPro wrapper returned a non-zero exit code.

full8,Full8,QC_E4804_240628_DIA_293T_500ng_120min_R1.true_uncompressed.mzML,full8::QC_E4804_240628_DIA_293T_500ng_120min_R1.true_uncompressed.mzML,<MSCODEC_ROOT>\benchmark\data_full8\QC_E4804_240628_DIA_293T_500ng_120min_R1.true_uncompressed.mzML,F8-DDA-true,4343173876,4.044895876199007,0,nan,<TRACKCODEC_PUBLIC_RELEASE>\experiments\benchmarks\compression_benchmark_release\inputs\whole_file_summaries\full8_summary.csv,stackzdpd,Stack-ZDPD,error,0,nan,nan,nan,148.29592400009278,AirdPro wrapper returned a non-zero exit code.

full8,Full8,QC_E4804_240226_DIA_293T_500ng_120min_R1.true_uncompressed.mzML,full8::QC_E4804_240226_DIA_293T_500ng_120min_R1.true_uncompressed.mzML,<MSCODEC_ROOT>\benchmark\data_full8\QC_E4804_240226_DIA_293T_500ng_120min_R1.true_uncompressed.mzML,F8-DDA-true,4311472693,4.015371848829091,0,nan,<TRACKCODEC_PUBLIC_RELEASE>\experiments\benchmarks\compression_benchmark_release\inputs\whole_file_summaries\full8_summary.csv,stackzdpd,Stack-ZDPD,error,0,nan,nan,nan,152.54249550006352,AirdPro wrapper returned a non-zero exit code.

full8,Full8,QC_E4805_240426_DDA_293T_500ng_120min_R1.true_uncompressed.mzML,full8::QC_E4805_240426_DDA_293T_500ng_120min_R1.true_uncompressed.mzML,<MSCODEC_ROOT>\benchmark\data_full8\QC_E4805_240426_DDA_293T_500ng_120min_R1.true_uncompressed.mzML,F8-DDA-true,4277603821,3.9838290037587285,0,nan,<TRACKCODEC_PUBLIC_RELEASE>\experiments\benchmarks\compression_benchmark_release\inputs\whole_file_summaries\full8_summary.csv,stackzdpd,Stack-ZDPD,error,0,nan,nan,nan,117.00451560004149,AirdPro wrapper returned a non-zero exit code.

full8,Full8,QC_E4804_240308_DIA_293T_500ng_120min_R1.true_uncompressed.mzML,full8::QC_E4804_240308_DIA_293T_500ng_120min_R1.true_uncompressed.mzML,<MSCODEC_ROOT>\benchmark\data_full8\QC_E4804_240308_DIA_293T_500ng_120min_R1.true_uncompressed.mzML,F8-DDA-true,4242487825,3.9511246839538217,0,nan,<TRACKCODEC_PUBLIC_RELEASE>\experiments\benchmarks\compression_benchmark_release\inputs\whole_file_summaries\full8_summary.csv,stackzdpd,Stack-ZDPD,error,0,nan,nan,nan,175.0051436999347,AirdPro wrapper returned a non-zero exit code.

full8,Full8,QC_E4805_240416_DDA_293T_500ng_120min_R1.true_uncompressed.mzML,full8::QC_E4805_240416_DDA_293T_500ng_120min_R1.true_uncompressed.mzML,<MSCODEC_ROOT>\benchmark\data_full8\QC_E4805_240416_DDA_293T_500ng_120min_R1.true_uncompressed.mzML,F8-DDA-true,4239649707,3.948481480590999,0,nan,<TRACKCODEC_PUBLIC_RELEASE>\experiments\benchmarks\compression_benchmark_release\inputs\whole_file_summaries\full8_summary.csv,stackzdpd,Stack-ZDPD,error,0,nan,nan,nan,134.2957772000227,AirdPro wrapper returned a non-zero exit code.

full8,Full8,QC_E4806_240709_DDA_293T_200ng_120min_R1.true_uncompressed.mzML,full8::QC_E4806_240709_DDA_293T_200ng_120min_R1.true_uncompressed.mzML,<MSCODEC_ROOT>\benchmark\data_full8\QC_E4806_240709_DDA_293T_200ng_120min_R1.true_uncompressed.mzML,F8-DDA-true,4203036344,3.914382629096508,0,nan,<TRACKCODEC_PUBLIC_RELEASE>\experiments\benchmarks\compression_benchmark_release\inputs\whole_file_summaries\full8_summary.csv,stackzdpd,Stack-ZDPD,error,0,nan,nan,nan,123.50978550000582,AirdPro wrapper returned a non-zero exit code.

full8,Full8,01625b_GA1-TUM_first_pool_1_01_01-DDA-1h-R2.true_uncompressed.mzML,full8::01625b_GA1-TUM_first_pool_1_01_01-DDA-1h-R2.true_uncompressed.mzML,<MSCODEC_ROOT>\benchmark\data_full8\01625b_GA1-TUM_first_pool_1_01_01-DDA-1h-R2.true_uncompressed.mzML,F8-DDA-true,1657731003,1.5438823057338595,688268509,0.6409999998286366,<TRACKCODEC_PUBLIC_RELEASE>\experiments\benchmarks\compression_benchmark_release\inputs\whole_file_summaries\full8_summary.csv,trackcodec,TrackCodec,ok,234831620,0.2187039889395237,7.059232496032689,14.165845940929175,6510.144636299985,Stats JSON: <MSCODEC_ROOT>\benchmark\compression_benchmark_runs\full8_except_jc_all_methods_w4_20260520\01625b_GA1-TUM_first_pool_1_01_01-DDA-1h-R2.true_uncompressed_4f5850e8\trackcodec\01625b_GA1-TUM_first_pool_1_01_01-DDA-1h-R2.true_uncompressed.stats.json

full8,Full8,QC_E4806_240522_DDA_293T_500ng_120min_R1.true_uncompressed.mzML,full8::QC_E4806_240522_DDA_293T_500ng_120min_R1.true_uncompressed.mzML,<MSCODEC_ROOT>\benchmark\data_full8\QC_E4806_240522_DDA_293T_500ng_120min_R1.true_uncompressed.mzML,F8-DDA-true,5279873771,4.917265634052455,0,nan,<TRACKCODEC_PUBLIC_RELEASE>\experiments\benchmarks\compression_benchmark_release\inputs\whole_file_summaries\full8_summary.csv,trackcodec,TrackCodec,ok,627833897,0.5847158813849092,8.40966662715887,11.891077783874541,3470.9086595999543,Stats JSON: <MSCODEC_ROOT>\benchmark\compression_benchmark_runs\full8_new15_all_methods_w8_size_desc_20260523\QC_E4806_240522_DDA_293T_500ng_120min_R1.true_uncompressed_1222119e\trackcodec\QC_E4806_240522_DDA_293T_500ng_120min_R1.true_uncompressed.stats.json

full8,Full8,QC_E4804_240429_DDA_293T_500ng_120min_R1.true_uncompressed.mzML,full8::QC_E4804_240429_DDA_293T_500ng_120min_R1.true_uncompressed.mzML,<MSCODEC_ROOT>\benchmark\data_full8\QC_E4804_240429_DDA_293T_500ng_120min_R1.true_uncompressed.mzML,F8-DDA-true,4479534395,4.17189150582999,0,nan,<TRACKCODEC_PUBLIC_RELEASE>\experiments\benchmarks\compression_benchmark_release\inputs\whole_file_summaries\full8_summary.csv,trackcodec,TrackCodec,ok,697929288,0.6499973013997078,6.4183212712517665,15.580398015896918,3110.3637024000054,Stats JSON: <MSCODEC_ROOT>\benchmark\compression_benchmark_runs\full8_new15_all_methods_w8_size_desc_20260523\QC_E4804_240429_DDA_293T_500ng_120min_R1.true_uncompressed_7d97225d\trackcodec\QC_E4804_240429_DDA_293T_500ng_120min_R1.true_uncompressed.stats.json

full8,Full8,QC_E4804_240507_DIA_293T_500ng_120min_R1.true_uncompressed.mzML,full8::QC_E4804_240507_DIA_293T_500ng_120min_R1.true_uncompressed.mzML,<MSCODEC_ROOT>\benchmark\data_full8\QC_E4804_240507_DIA_293T_500ng_120min_R1.true_uncompressed.mzML,F8-DDA-true,4433885922,4.129378052428365,0,nan,<TRACKCODEC_PUBLIC_RELEASE>\experiments\benchmarks\compression_benchmark_release\inputs\whole_file_summaries\full8_summary.csv,trackcodec,TrackCodec,ok,955670340,0.8900373615324497,4.639555855631137,21.55378728302789,6124.581641299999,Stats JSON: <MSCODEC_ROOT>\benchmark\compression_benchmark_runs\full8_new15_all_methods_w8_size_desc_20260523\QC_E4804_240507_DIA_293T_500ng_120min_R1.true_uncompressed_62c56043\trackcodec\QC_E4804_240507_DIA_293T_500ng_120min_R1.true_uncompressed.stats.json

full8,Full8,QC_E4801_240408_DDA_293T_500ng_120min_R1.true_uncompressed.mzML,full8::QC_E4801_240408_DDA_293T_500ng_120min_R1.true_uncompressed.mzML,<MSCODEC_ROOT>\benchmark\data_full8\QC_E4801_240408_DDA_293T_500ng_120min_R1.true_uncompressed.mzML,F8-DDA-true,4430278671,4.1260185381397605,0,nan,<TRACKCODEC_PUBLIC_RELEASE>\experiments\benchmarks\compression_benchmark_release\inputs\whole_file_summaries\full8_summary.csv,trackcodec,TrackCodec,ok,664806426,0.6191492322832346,6.664013008502418,15.005973108457763,3087.08989199996,Stats JSON: <MSCODEC_ROOT>\benchmark\compression_benchmark_runs\full8_new15_all_methods_w8_size_desc_20260523\QC_E4801_240408_DDA_293T_500ng_120min_R1.true_uncompressed_63367367\trackcodec\QC_E4801_240408_DDA_293T_500ng_120min_R1.true_uncompressed.stats.json

full8,Full8,QC_E4804_240628_DIA_293T_500ng_120min_R1.true_uncompressed.mzML,full8::QC_E4804_240628_DIA_293T_500ng_120min_R1.true_uncompressed.mzML,<MSCODEC_ROOT>\benchmark\data_full8\QC_E4804_240628_DIA_293T_500ng_120min_R1.true_uncompressed.mzML,F8-DDA-true,4343173876,4.044895876199007,0,nan,<TRACKCODEC_PUBLIC_RELEASE>\experiments\benchmarks\compression_benchmark_release\inputs\whole_file_summaries\full8_summary.csv,trackcodec,TrackCodec,ok,920390016,0.8571799993515015,4.718840709371624,21.191645609354833,6096.406136600068,Stats JSON: <MSCODEC_ROOT>\benchmark\compression_benchmark_runs\full8_new15_all_methods_w8_size_desc_20260523\QC_E4804_240628_DIA_293T_500ng_120min_R1.true_uncompressed_13fdd9ae\trackcodec\QC_E4804_240628_DIA_293T_500ng_120min_R1.true_uncompressed.stats.json

full8,Full8,QC_E4804_240226_DIA_293T_500ng_120min_R1.true_uncompressed.mzML,full8::QC_E4804_240226_DIA_293T_500ng_120min_R1.true_uncompressed.mzML,<MSCODEC_ROOT>\benchmark\data_full8\QC_E4804_240226_DIA_293T_500ng_120min_R1.true_uncompressed.mzML,F8-DDA-true,4311472693,4.015371848829091,0,nan,<TRACKCODEC_PUBLIC_RELEASE>\experiments\benchmarks\compression_benchmark_release\inputs\whole_file_summaries\full8_summary.csv,trackcodec,TrackCodec,ok,912322810,0.849666828289628,4.72581924483506,21.16035227316236,5927.1661268000025,Stats JSON: <MSCODEC_ROOT>\benchmark\compression_benchmark_runs\full8_new15_all_methods_w8_size_desc_20260523\QC_E4804_240226_DIA_293T_500ng_120min_R1.true_uncompressed_4dddd1e8\trackcodec\QC_E4804_240226_DIA_293T_500ng_120min_R1.true_uncompressed.stats.json

full8,Full8,QC_E4805_240426_DDA_293T_500ng_120min_R1.true_uncompressed.mzML,full8::QC_E4805_240426_DDA_293T_500ng_120min_R1.true_uncompressed.mzML,<MSCODEC_ROOT>\benchmark\data_full8\QC_E4805_240426_DDA_293T_500ng_120min_R1.true_uncompressed.mzML,F8-DDA-true,4277603821,3.9838290037587285,0,nan,<TRACKCODEC_PUBLIC_RELEASE>\experiments\benchmarks\compression_benchmark_release\inputs\whole_file_summaries\full8_summary.csv,trackcodec,TrackCodec,ok,664990268,0.619320448487997,6.432581087036299,15.545859219953226,3394.5477925000014,Stats JSON: <MSCODEC_ROOT>\benchmark\compression_benchmark_runs\trackcodec_ms2_high_mz_fix_2files_20260526\QC_E4805_240426_DDA_293T_500ng_120min_R1.true_uncompressed_6c7be506\trackcodec\QC_E4805_240426_DDA_293T_500ng_120min_R1.true_uncompressed.stats.json

full8,Full8,QC_E4804_240308_DIA_293T_500ng_120min_R1.true_uncompressed.mzML,full8::QC_E4804_240308_DIA_293T_500ng_120min_R1.true_uncompressed.mzML,<MSCODEC_ROOT>\benchmark\data_full8\QC_E4804_240308_DIA_293T_500ng_120min_R1.true_uncompressed.mzML,F8-DDA-true,4242487825,3.9511246839538217,0,nan,<TRACKCODEC_PUBLIC_RELEASE>\experiments\benchmarks\compression_benchmark_release\inputs\whole_file_summaries\full8_summary.csv,trackcodec,TrackCodec,ok,894648721,0.8332065502181649,4.742071078196958,21.087832373449416,5928.527580900001,Stats JSON: <MSCODEC_ROOT>\benchmark\compression_benchmark_runs\full8_new15_all_methods_w8_size_desc_20260523\QC_E4804_240308_DIA_293T_500ng_120min_R1.true_uncompressed_11a909d4\trackcodec\QC_E4804_240308_DIA_293T_500ng_120min_R1.true_uncompressed.stats.json

full8,Full8,QC_E4805_240416_DDA_293T_500ng_120min_R1.true_uncompressed.mzML,full8::QC_E4805_240416_DDA_293T_500ng_120min_R1.true_uncompressed.mzML,<MSCODEC_ROOT>\benchmark\data_full8\QC_E4805_240416_DDA_293T_500ng_120min_R1.true_uncompressed.mzML,F8-DDA-true,4239649707,3.948481480590999,0,nan,<TRACKCODEC_PUBLIC_RELEASE>\experiments\benchmarks\compression_benchmark_release\inputs\whole_file_summaries\full8_summary.csv,trackcodec,TrackCodec,ok,671027038,0.6249426286667585,6.318150338079223,15.827416989004558,2500.382211899967,Stats JSON: <MSCODEC_ROOT>\benchmark\compression_benchmark_runs\full8_new15_all_methods_w8_size_desc_20260523\QC_E4805_240416_DDA_293T_500ng_120min_R1.true_uncompressed_2593e929\trackcodec\QC_E4805_240416_DDA_293T_500ng_120min_R1.true_uncompressed.stats.json

full8,Full8,QC_E4806_240709_DDA_293T_200ng_120min_R1.true_uncompressed.mzML,full8::QC_E4806_240709_DDA_293T_200ng_120min_R1.true_uncompressed.mzML,<MSCODEC_ROOT>\benchmark\data_full8\QC_E4806_240709_DDA_293T_200ng_120min_R1.true_uncompressed.mzML,F8-DDA-true,4203036344,3.914382629096508,0,nan,<TRACKCODEC_PUBLIC_RELEASE>\experiments\benchmarks\compression_benchmark_release\inputs\whole_file_summaries\full8_summary.csv,trackcodec,TrackCodec,ok,568771916,0.5297101251780987,7.389669260674256,13.532405371938891,2293.592918899958,Stats JSON: <MSCODEC_ROOT>\benchmark\compression_benchmark_runs\full8_new15_all_methods_w8_size_desc_20260523\QC_E4806_240709_DDA_293T_200ng_120min_R1.true_uncompressed_1d2f617d\trackcodec\QC_E4806_240709_DDA_293T_200ng_120min_R1.true_uncompressed.stats.json

full8,Full8,QC_E4802_240703_DIA_293T_500ng_90min_R1.mzML,full8::QC_E4802_240703_DIA_293T_500ng_90min_R1.mzML,<MSCODEC_ROOT>\benchmark\data_full8\QC_E4802_240703_DIA_293T_500ng_90min_R1.mzML,F8-E4802,2598142927,2.4197091599926353,3032004511,2.823774247430265,<TRACKCODEC_PUBLIC_RELEASE>\experiments\benchmarks\compression_benchmark_release\inputs\whole_file_summaries\full8_summary.csv,original_mzml,Original mzML,ok,2598142927,2.4197091599926353,1.0,100.0,nan,

full8,Full8,QC_E4802_240703_DDA_293T_500ng_60min_R1.true_uncompressed.mzML,full8::QC_E4802_240703_DDA_293T_500ng_60min_R1.true_uncompressed.mzML,<MSCODEC_ROOT>\benchmark\data_full8\QC_E4802_240703_DDA_293T_500ng_60min_R1.true_uncompressed.mzML,F8-E4802,3295611918,3.0692777764052153,0,nan,<TRACKCODEC_PUBLIC_RELEASE>\experiments\benchmarks\compression_benchmark_release\inputs\whole_file_summaries\full8_summary.csv,original_mzml,Original mzML,ok,3295611918,3.0692777764052153,1.0,100.0,nan,

full8,Full8,QC_E4802_240511_DIA_293T_500ng_60min_26w_R1.true_uncompressed.mzML,full8::QC_E4802_240511_DIA_293T_500ng_60min_26w_R1.true_uncompressed.mzML,<MSCODEC_ROOT>\benchmark\data_full8\QC_E4802_240511_DIA_293T_500ng_60min_26w_R1.true_uncompressed.mzML,F8-E4802,2617709822,2.437932251021266,0,nan,<TRACKCODEC_PUBLIC_RELEASE>\experiments\benchmarks\compression_benchmark_release\inputs\whole_file_summaries\full8_summary.csv,original_mzml,Original mzML,ok,2617709822,2.437932251021266,1.0,100.0,nan,

full8,Full8,QC_E4802_240508_DIA_293T_500ng_60min_26w_R3.true_uncompressed.mzML,full8::QC_E4802_240508_DIA_293T_500ng_60min_26w_R3.true_uncompressed.mzML,<MSCODEC_ROOT>\benchmark\data_full8\QC_E4802_240508_DIA_293T_500ng_60min_26w_R3.true_uncompressed.mzML,F8-E4802,2600466882,2.4218735117465258,0,nan,<TRACKCODEC_PUBLIC_RELEASE>\experiments\benchmarks\compression_benchmark_release\inputs\whole_file_summaries\full8_summary.csv,original_mzml,Original mzML,ok,2600466882,2.4218735117465258,1.0,100.0,nan,

full8,Full8,QC_E4802_240703_DIA_293T_500ng_90min_R1.mzML,full8::QC_E4802_240703_DIA_293T_500ng_90min_R1.mzML,<MSCODEC_ROOT>\benchmark\data_full8\QC_E4802_240703_DIA_293T_500ng_90min_R1.mzML,F8-E4802,2598142927,2.4197091599926353,3032004511,2.823774247430265,<TRACKCODEC_PUBLIC_RELEASE>\experiments\benchmarks\compression_benchmark_release\inputs\whole_file_summaries\full8_summary.csv,msconvert_zlib,zlib mzML,ok,2437916244,2.270486433058977,1.0657228005245614,93.83303045668049,202.43551689997548,

full8,Full8,QC_E4802_240703_DDA_293T_500ng_60min_R1.true_uncompressed.mzML,full8::QC_E4802_240703_DDA_293T_500ng_60min_R1.true_uncompressed.mzML,<MSCODEC_ROOT>\benchmark\data_full8\QC_E4802_240703_DDA_293T_500ng_60min_R1.true_uncompressed.mzML,F8-E4802,3295611918,3.0692777764052153,0,nan,<TRACKCODEC_PUBLIC_RELEASE>\experiments\benchmarks\compression_benchmark_release\inputs\whole_file_summaries\full8_summary.csv,msconvert_zlib,zlib mzML,ok,2347392295,2.186179435811937,1.4039459552711875,71.22781302552626,266.9935200999025,

full8,Full8,QC_E4802_240511_DIA_293T_500ng_60min_26w_R1.true_uncompressed.mzML,full8::QC_E4802_240511_DIA_293T_500ng_60min_26w_R1.true_uncompressed.mzML,<MSCODEC_ROOT>\benchmark\data_full8\QC_E4802_240511_DIA_293T_500ng_60min_26w_R1.true_uncompressed.mzML,F8-E4802,2617709822,2.437932251021266,0,nan,<TRACKCODEC_PUBLIC_RELEASE>\experiments\benchmarks\compression_benchmark_release\inputs\whole_file_summaries\full8_summary.csv,msconvert_zlib,zlib mzML,ok,1742015113,1.6223780000582337,1.5026906497337604,66.54729635651724,246.90287190000527,

full8,Full8,QC_E4802_240508_DIA_293T_500ng_60min_26w_R3.true_uncompressed.mzML,full8::QC_E4802_240508_DIA_293T_500ng_60min_26w_R3.true_uncompressed.mzML,<MSCODEC_ROOT>\benchmark\data_full8\QC_E4802_240508_DIA_293T_500ng_60min_26w_R3.true_uncompressed.mzML,F8-E4802,2600466882,2.4218735117465258,0,nan,<TRACKCODEC_PUBLIC_RELEASE>\experiments\benchmarks\compression_benchmark_release\inputs\whole_file_summaries\full8_summary.csv,msconvert_zlib,zlib mzML,ok,1729986309,1.6111753033474088,1.5031719433104485,66.52598888971355,228.67128350003622,

full8,Full8,QC_E4802_240703_DIA_293T_500ng_90min_R1.mzML,full8::QC_E4802_240703_DIA_293T_500ng_90min_R1.mzML,<MSCODEC_ROOT>\benchmark\data_full8\QC_E4802_240703_DIA_293T_500ng_90min_R1.mzML,F8-E4802,2598142927,2.4197091599926353,3032004511,2.823774247430265,<TRACKCODEC_PUBLIC_RELEASE>\experiments\benchmarks\compression_benchmark_release\inputs\whole_file_summaries\full8_summary.csv,msconvert_gzip,gzip mzML,ok,1774401968,1.652540609240532,1.4642358235932704,68.29500985339749,554.9085228000185,

full8,Full8,QC_E4802_240703_DDA_293T_500ng_60min_R1.true_uncompressed.mzML,full8::QC_E4802_240703_DDA_293T_500ng_60min_R1.true_uncompressed.mzML,<MSCODEC_ROOT>\benchmark\data_full8\QC_E4802_240703_DDA_293T_500ng_60min_R1.true_uncompressed.mzML,F8-E4802,3295611918,3.0692777764052153,0,nan,<TRACKCODEC_PUBLIC_RELEASE>\experiments\benchmarks\compression_benchmark_release\inputs\whole_file_summaries\full8_summary.csv,msconvert_gzip,gzip mzML,ok,1588045091,1.4789822427555919,2.075263439733148,48.186653359468764,425.407735100016,

full8,Full8,QC_E4802_240511_DIA_293T_500ng_60min_26w_R1.true_uncompressed.mzML,full8::QC_E4802_240511_DIA_293T_500ng_60min_26w_R1.true_uncompressed.mzML,<MSCODEC_ROOT>\benchmark\data_full8\QC_E4802_240511_DIA_293T_500ng_60min_26w_R1.true_uncompressed.mzML,F8-E4802,2617709822,2.437932251021266,0,nan,<TRACKCODEC_PUBLIC_RELEASE>\experiments\benchmarks\compression_benchmark_release\inputs\whole_file_summaries\full8_summary.csv,msconvert_gzip,gzip mzML,ok,1267423358,1.1803799849003553,2.065379184845353,48.41725952006609,464.97001819999423,

full8,Full8,QC_E4802_240508_DIA_293T_500ng_60min_26w_R3.true_uncompressed.mzML,full8::QC_E4802_240508_DIA_293T_500ng_60min_26w_R3.true_uncompressed.mzML,<MSCODEC_ROOT>\benchmark\data_full8\QC_E4802_240508_DIA_293T_500ng_60min_26w_R3.true_uncompressed.mzML,F8-E4802,2600466882,2.4218735117465258,0,nan,<TRACKCODEC_PUBLIC_RELEASE>\experiments\benchmarks\compression_benchmark_release\inputs\whole_file_summaries\full8_summary.csv,msconvert_gzip,gzip mzML,ok,1257746767,1.1713679572567344,2.0675599812533645,48.36619053701142,464.98718080006074,

full8,Full8,QC_E4802_240703_DIA_293T_500ng_90min_R1.mzML,full8::QC_E4802_240703_DIA_293T_500ng_90min_R1.mzML,<MSCODEC_ROOT>\benchmark\data_full8\QC_E4802_240703_DIA_293T_500ng_90min_R1.mzML,F8-E4802,2598142927,2.4197091599926353,3032004511,2.823774247430265,<TRACKCODEC_PUBLIC_RELEASE>\experiments\benchmarks\compression_benchmark_release\inputs\whole_file_summaries\full8_summary.csv,msconvert_numpress,Numpress+zlib,ok,1514715029,1.4106883006170392,1.715268467835345,58.299911573725375,117.92165629996452,

full8,Full8,QC_E4802_240703_DDA_293T_500ng_60min_R1.true_uncompressed.mzML,full8::QC_E4802_240703_DDA_293T_500ng_60min_R1.true_uncompressed.mzML,<MSCODEC_ROOT>\benchmark\data_full8\QC_E4802_240703_DDA_293T_500ng_60min_R1.true_uncompressed.mzML,F8-E4802,3295611918,3.0692777764052153,0,nan,<TRACKCODEC_PUBLIC_RELEASE>\experiments\benchmarks\compression_benchmark_release\inputs\whole_file_summaries\full8_summary.csv,msconvert_numpress,Numpress+zlib,ok,1159479001,1.079848968423903,2.842321348776199,35.18251025453416,153.47945909993723,

full8,Full8,QC_E4802_240511_DIA_293T_500ng_60min_26w_R1.true_uncompressed.mzML,full8::QC_E4802_240511_DIA_293T_500ng_60min_26w_R1.true_uncompressed.mzML,<MSCODEC_ROOT>\benchmark\data_full8\QC_E4802_240511_DIA_293T_500ng_60min_26w_R1.true_uncompressed.mzML,F8-E4802,2617709822,2.437932251021266,0,nan,<TRACKCODEC_PUBLIC_RELEASE>\experiments\benchmarks\compression_benchmark_release\inputs\whole_file_summaries\full8_summary.csv,msconvert_numpress,Numpress+zlib,ok,1059557035,0.9867893857881427,2.4705699981502174,40.47648926153588,103.95823870005552,

full8,Full8,QC_E4802_240508_DIA_293T_500ng_60min_26w_R3.true_uncompressed.mzML,full8::QC_E4802_240508_DIA_293T_500ng_60min_26w_R3.true_uncompressed.mzML,<MSCODEC_ROOT>\benchmark\data_full8\QC_E4802_240508_DIA_293T_500ng_60min_26w_R3.true_uncompressed.mzML,F8-E4802,2600466882,2.4218735117465258,0,nan,<TRACKCODEC_PUBLIC_RELEASE>\experiments\benchmarks\compression_benchmark_release\inputs\whole_file_summaries\full8_summary.csv,msconvert_numpress,Numpress+zlib,ok,1056542438,0.9839818235486746,2.4612990339721685,40.62895187449651,111.79700250003953,

full8,Full8,QC_E4802_240703_DIA_293T_500ng_90min_R1.mzML,full8::QC_E4802_240703_DIA_293T_500ng_90min_R1.mzML,<MSCODEC_ROOT>\benchmark\data_full8\QC_E4802_240703_DIA_293T_500ng_90min_R1.mzML,F8-E4802,2598142927,2.4197091599926353,3032004511,2.823774247430265,<TRACKCODEC_PUBLIC_RELEASE>\experiments\benchmarks\compression_benchmark_release\inputs\whole_file_summaries\full8_summary.csv,mspack,mspack,ok,975737127,0.9087260132655501,2.66274886453101,37.55517515453452,5397.288618899998,"Elapsed time includes msconvert normalization to uncompressed, non-indexed mzML with 64-bit m/z, 32-bit intensity, and 64-bit rt; mspack cannot read zlib-compressed binary arrays."

full8,Full8,QC_E4802_240703_DDA_293T_500ng_60min_R1.true_uncompressed.mzML,full8::QC_E4802_240703_DDA_293T_500ng_60min_R1.true_uncompressed.mzML,<MSCODEC_ROOT>\benchmark\data_full8\QC_E4802_240703_DDA_293T_500ng_60min_R1.true_uncompressed.mzML,F8-E4802,3295611918,3.0692777764052153,0,nan,<TRACKCODEC_PUBLIC_RELEASE>\experiments\benchmarks\compression_benchmark_release\inputs\whole_file_summaries\full8_summary.csv,mspack,mspack,ok,781110957,0.7274662675336003,4.21913415561011,23.701545462125615,345.12314919999335,"Elapsed time includes msconvert normalization to uncompressed, non-indexed mzML with 64-bit m/z, 32-bit intensity, and 64-bit rt; mspack cannot read zlib-compressed binary arrays."

full8,Full8,QC_E4802_240511_DIA_293T_500ng_60min_26w_R1.true_uncompressed.mzML,full8::QC_E4802_240511_DIA_293T_500ng_60min_26w_R1.true_uncompressed.mzML,<MSCODEC_ROOT>\benchmark\data_full8\QC_E4802_240511_DIA_293T_500ng_60min_26w_R1.true_uncompressed.mzML,F8-E4802,2617709822,2.437932251021266,0,nan,<TRACKCODEC_PUBLIC_RELEASE>\experiments\benchmarks\compression_benchmark_release\inputs\whole_file_summaries\full8_summary.csv,mspack,mspack,ok,694090850,0.6464224774390459,3.7714224614832483,26.515194471390878,271.55195029999595,"Elapsed time includes msconvert normalization to uncompressed, non-indexed mzML with 64-bit m/z, 32-bit intensity, and 64-bit rt; mspack cannot read zlib-compressed binary arrays."

full8,Full8,QC_E4802_240508_DIA_293T_500ng_60min_26w_R3.true_uncompressed.mzML,full8::QC_E4802_240508_DIA_293T_500ng_60min_26w_R3.true_uncompressed.mzML,<MSCODEC_ROOT>\benchmark\data_full8\QC_E4802_240508_DIA_293T_500ng_60min_26w_R3.true_uncompressed.mzML,F8-E4802,2600466882,2.4218735117465258,0,nan,<TRACKCODEC_PUBLIC_RELEASE>\experiments\benchmarks\compression_benchmark_release\inputs\whole_file_summaries\full8_summary.csv,mspack,mspack,ok,688688253,0.641390916891396,3.775971015437082,26.4832541328246,247.5327144000912,"Elapsed time includes msconvert normalization to uncompressed, non-indexed mzML with 64-bit m/z, 32-bit intensity, and 64-bit rt; mspack cannot read zlib-compressed binary arrays."

full8,Full8,QC_E4802_240703_DIA_293T_500ng_90min_R1.mzML,full8::QC_E4802_240703_DIA_293T_500ng_90min_R1.mzML,<MSCODEC_ROOT>\benchmark\data_full8\QC_E4802_240703_DIA_293T_500ng_90min_R1.mzML,F8-E4802,2598142927,2.4197091599926353,3032004511,2.823774247430265,<TRACKCODEC_PUBLIC_RELEASE>\experiments\benchmarks\compression_benchmark_release\inputs\whole_file_summaries\full8_summary.csv,masscomp,MassComp,ok,1410531015,1.3136593764647841,1.8419608639374725,54.28996997592812,4321.420624199964,"Elapsed time includes mzML to mzXML conversion with 64-bit m/z, 32-bit intensity, and 64-bit rt. masscomp.cmd uses the 64-bit-safe MassComp build when available, so >2GB mzXML files do not trigger the original tinyxml2 file-length overflow."

full8,Full8,QC_E4802_240703_DDA_293T_500ng_60min_R1.true_uncompressed.mzML,full8::QC_E4802_240703_DDA_293T_500ng_60min_R1.true_uncompressed.mzML,<MSCODEC_ROOT>\benchmark\data_full8\QC_E4802_240703_DDA_293T_500ng_60min_R1.true_uncompressed.mzML,F8-E4802,3295611918,3.0692777764052153,0,nan,<TRACKCODEC_PUBLIC_RELEASE>\experiments\benchmarks\compression_benchmark_release\inputs\whole_file_summaries\full8_summary.csv,masscomp,MassComp,ok,1308097146,1.2182604018598795,2.519393860064274,39.692086888490245,348.3837133999914,"Elapsed time includes mzML to mzXML conversion with 64-bit m/z, 32-bit intensity, and 64-bit rt. masscomp.cmd uses the 64-bit-safe MassComp build when available, so >2GB mzXML files do not trigger the original tinyxml2 file-length overflow."

full8,Full8,QC_E4802_240511_DIA_293T_500ng_60min_26w_R1.true_uncompressed.mzML,full8::QC_E4802_240511_DIA_293T_500ng_60min_26w_R1.true_uncompressed.mzML,<MSCODEC_ROOT>\benchmark\data_full8\QC_E4802_240511_DIA_293T_500ng_60min_26w_R1.true_uncompressed.mzML,F8-E4802,2617709822,2.437932251021266,0,nan,<TRACKCODEC_PUBLIC_RELEASE>\experiments\benchmarks\compression_benchmark_release\inputs\whole_file_summaries\full8_summary.csv,masscomp,MassComp,ok,1013337845,0.9437444107607007,2.5832547702785145,38.71085467470886,231.38891540002078,"Elapsed time includes mzML to mzXML conversion with 64-bit m/z, 32-bit intensity, and 64-bit rt. masscomp.cmd uses the 64-bit-safe MassComp build when available, so >2GB mzXML files do not trigger the original tinyxml2 file-length overflow."

full8,Full8,QC_E4802_240508_DIA_293T_500ng_60min_26w_R3.true_uncompressed.mzML,full8::QC_E4802_240508_DIA_293T_500ng_60min_26w_R3.true_uncompressed.mzML,<MSCODEC_ROOT>\benchmark\data_full8\QC_E4802_240508_DIA_293T_500ng_60min_26w_R3.true_uncompressed.mzML,F8-E4802,2600466882,2.4218735117465258,0,nan,<TRACKCODEC_PUBLIC_RELEASE>\experiments\benchmarks\compression_benchmark_release\inputs\whole_file_summaries\full8_summary.csv,masscomp,MassComp,ok,1004864729,0.9358532065525651,2.5878775589903307,38.641704532194076,222.1330672999611,"Elapsed time includes mzML to mzXML conversion with 64-bit m/z, 32-bit intensity, and 64-bit rt. masscomp.cmd uses the 64-bit-safe MassComp build when available, so >2GB mzXML files do not trigger the original tinyxml2 file-length overflow."

full8,Full8,QC_E4802_240703_DIA_293T_500ng_90min_R1.mzML,full8::QC_E4802_240703_DIA_293T_500ng_90min_R1.mzML,<MSCODEC_ROOT>\benchmark\data_full8\QC_E4802_240703_DIA_293T_500ng_90min_R1.mzML,F8-E4802,2598142927,2.4197091599926353,3032004511,2.823774247430265,<TRACKCODEC_PUBLIC_RELEASE>\experiments\benchmarks\compression_benchmark_release\inputs\whole_file_summaries\full8_summary.csv,airdpro,AirdPro,ok,893535922,0.8321701753884554,2.907709542538123,34.39133054284046,131.90856220002752,

full8,Full8,QC_E4802_240703_DDA_293T_500ng_60min_R1.true_uncompressed.mzML,full8::QC_E4802_240703_DDA_293T_500ng_60min_R1.true_uncompressed.mzML,<MSCODEC_ROOT>\benchmark\data_full8\QC_E4802_240703_DDA_293T_500ng_60min_R1.true_uncompressed.mzML,F8-E4802,3295611918,3.0692777764052153,0,nan,<TRACKCODEC_PUBLIC_RELEASE>\experiments\benchmarks\compression_benchmark_release\inputs\whole_file_summaries\full8_summary.csv,airdpro,AirdPro,ok,593127348,0.5523928888142109,5.556331079847628,17.997487652003326,161.04891590005718,

full8,Full8,QC_E4802_240511_DIA_293T_500ng_60min_26w_R1.true_uncompressed.mzML,full8::QC_E4802_240511_DIA_293T_500ng_60min_26w_R1.true_uncompressed.mzML,<MSCODEC_ROOT>\benchmark\data_full8\QC_E4802_240511_DIA_293T_500ng_60min_26w_R1.true_uncompressed.mzML,F8-E4802,2617709822,2.437932251021266,0,nan,<TRACKCODEC_PUBLIC_RELEASE>\experiments\benchmarks\compression_benchmark_release\inputs\whole_file_summaries\full8_summary.csv,airdpro,AirdPro,ok,633837352,0.5903070345520973,4.129939350750033,24.213430635933946,90.68115139997099,

full8,Full8,QC_E4802_240508_DIA_293T_500ng_60min_26w_R3.true_uncompressed.mzML,full8::QC_E4802_240508_DIA_293T_500ng_60min_26w_R3.true_uncompressed.mzML,<MSCODEC_ROOT>\benchmark\data_full8\QC_E4802_240508_DIA_293T_500ng_60min_26w_R3.true_uncompressed.mzML,F8-E4802,2600466882,2.4218735117465258,0,nan,<TRACKCODEC_PUBLIC_RELEASE>\experiments\benchmarks\compression_benchmark_release\inputs\whole_file_summaries\full8_summary.csv,airdpro,AirdPro,ok,631015052,0.5876785628497601,4.121085342984814,24.265452345030095,109.89476779999677,

full8,Full8,QC_E4802_240703_DIA_293T_500ng_90min_R1.mzML,full8::QC_E4802_240703_DIA_293T_500ng_90min_R1.mzML,<MSCODEC_ROOT>\benchmark\data_full8\QC_E4802_240703_DIA_293T_500ng_90min_R1.mzML,F8-E4802,2598142927,2.4197091599926353,3032004511,2.823774247430265,<TRACKCODEC_PUBLIC_RELEASE>\experiments\benchmarks\compression_benchmark_release\inputs\whole_file_summaries\full8_summary.csv,zdpd,ZDPD,ok,916988580,0.8540121652185917,2.833342730396926,35.29400059059953,131.7737529000151,zdpd.cmd calls airdpro-compress.cmd; config used: ZDPD.

full8,Full8,QC_E4802_240703_DDA_293T_500ng_60min_R1.true_uncompressed.mzML,full8::QC_E4802_240703_DDA_293T_500ng_60min_R1.true_uncompressed.mzML,<MSCODEC_ROOT>\benchmark\data_full8\QC_E4802_240703_DDA_293T_500ng_60min_R1.true_uncompressed.mzML,F8-E4802,3295611918,3.0692777764052153,0,nan,<TRACKCODEC_PUBLIC_RELEASE>\experiments\benchmarks\compression_benchmark_release\inputs\whole_file_summaries\full8_summary.csv,zdpd,ZDPD,ok,597239225,0.5562223726883531,5.518076810845772,18.122255892388118,148.36686979990918,zdpd.cmd calls airdpro-compress.cmd; config used: ZDPD.

full8,Full8,QC_E4802_240511_DIA_293T_500ng_60min_26w_R1.true_uncompressed.mzML,full8::QC_E4802_240511_DIA_293T_500ng_60min_26w_R1.true_uncompressed.mzML,<MSCODEC_ROOT>\benchmark\data_full8\QC_E4802_240511_DIA_293T_500ng_60min_26w_R1.true_uncompressed.mzML,F8-E4802,2617709822,2.437932251021266,0,nan,<TRACKCODEC_PUBLIC_RELEASE>\experiments\benchmarks\compression_benchmark_release\inputs\whole_file_summaries\full8_summary.csv,zdpd,ZDPD,ok,637011911,0.5932635730132461,4.109357732244979,24.334703015833355,102.5251486999914,zdpd.cmd calls airdpro-compress.cmd; config used: ZDPD.

full8,Full8,QC_E4802_240508_DIA_293T_500ng_60min_26w_R3.true_uncompressed.mzML,full8::QC_E4802_240508_DIA_293T_500ng_60min_26w_R3.true_uncompressed.mzML,<MSCODEC_ROOT>\benchmark\data_full8\QC_E4802_240508_DIA_293T_500ng_60min_26w_R3.true_uncompressed.mzML,F8-E4802,2600466882,2.4218735117465258,0,nan,<TRACKCODEC_PUBLIC_RELEASE>\experiments\benchmarks\compression_benchmark_release\inputs\whole_file_summaries\full8_summary.csv,zdpd,ZDPD,ok,634189846,0.5906353201717138,4.1004549322286055,24.387537883668383,104.47870289999992,zdpd.cmd calls airdpro-compress.cmd; config used: ZDPD.

full8,Full8,QC_E4802_240703_DIA_293T_500ng_90min_R1.mzML,full8::QC_E4802_240703_DIA_293T_500ng_90min_R1.mzML,<MSCODEC_ROOT>\benchmark\data_full8\QC_E4802_240703_DIA_293T_500ng_90min_R1.mzML,F8-E4802,2598142927,2.4197091599926353,3032004511,2.823774247430265,<TRACKCODEC_PUBLIC_RELEASE>\experiments\benchmarks\compression_benchmark_release\inputs\whole_file_summaries\full8_summary.csv,stackzdpd,Stack-ZDPD,error,0,nan,nan,nan,77.86573510000017,AirdPro wrapper returned a non-zero exit code.

full8,Full8,QC_E4802_240703_DDA_293T_500ng_60min_R1.true_uncompressed.mzML,full8::QC_E4802_240703_DDA_293T_500ng_60min_R1.true_uncompressed.mzML,<MSCODEC_ROOT>\benchmark\data_full8\QC_E4802_240703_DDA_293T_500ng_60min_R1.true_uncompressed.mzML,F8-E4802,3295611918,3.0692777764052153,0,nan,<TRACKCODEC_PUBLIC_RELEASE>\experiments\benchmarks\compression_benchmark_release\inputs\whole_file_summaries\full8_summary.csv,stackzdpd,Stack-ZDPD,error,0,nan,nan,nan,93.18405339994933,AirdPro wrapper returned a non-zero exit code.

full8,Full8,QC_E4802_240511_DIA_293T_500ng_60min_26w_R1.true_uncompressed.mzML,full8::QC_E4802_240511_DIA_293T_500ng_60min_26w_R1.true_uncompressed.mzML,<MSCODEC_ROOT>\benchmark\data_full8\QC_E4802_240511_DIA_293T_500ng_60min_26w_R1.true_uncompressed.mzML,F8-E4802,2617709822,2.437932251021266,0,nan,<TRACKCODEC_PUBLIC_RELEASE>\experiments\benchmarks\compression_benchmark_release\inputs\whole_file_summaries\full8_summary.csv,stackzdpd,Stack-ZDPD,error,0,nan,nan,nan,0.8266527000814676,AirdPro wrapper returned a non-zero exit code.

full8,Full8,QC_E4802_240508_DIA_293T_500ng_60min_26w_R3.true_uncompressed.mzML,full8::QC_E4802_240508_DIA_293T_500ng_60min_26w_R3.true_uncompressed.mzML,<MSCODEC_ROOT>\benchmark\data_full8\QC_E4802_240508_DIA_293T_500ng_60min_26w_R3.true_uncompressed.mzML,F8-E4802,2600466882,2.4218735117465258,0,nan,<TRACKCODEC_PUBLIC_RELEASE>\experiments\benchmarks\compression_benchmark_release\inputs\whole_file_summaries\full8_summary.csv,stackzdpd,Stack-ZDPD,error,0,nan,nan,nan,2.042509900056757,AirdPro wrapper returned a non-zero exit code.

full8,Full8,QC_E4802_240703_DIA_293T_500ng_90min_R1.mzML,full8::QC_E4802_240703_DIA_293T_500ng_90min_R1.mzML,<MSCODEC_ROOT>\benchmark\data_full8\QC_E4802_240703_DIA_293T_500ng_90min_R1.mzML,F8-E4802,2598142927,2.4197091599926353,3032004511,2.823774247430265,<TRACKCODEC_PUBLIC_RELEASE>\experiments\benchmarks\compression_benchmark_release\inputs\whole_file_summaries\full8_summary.csv,trackcodec,TrackCodec,ok,759373853,0.7072220118716359,3.4214279524317517,29.227562699055472,10472.543751499965,Stats JSON: <MSCODEC_ROOT>\benchmark\compression_benchmark_runs\full8_except_jc_all_methods_w4_20260520\QC_E4802_240703_DIA_293T_500ng_90min_R1_6ec19d22\trackcodec\QC_E4802_240703_DIA_293T_500ng_90min_R1.stats.json

full8,Full8,QC_E4802_240703_DDA_293T_500ng_60min_R1.true_uncompressed.mzML,full8::QC_E4802_240703_DDA_293T_500ng_60min_R1.true_uncompressed.mzML,<MSCODEC_ROOT>\benchmark\data_full8\QC_E4802_240703_DDA_293T_500ng_60min_R1.true_uncompressed.mzML,F8-E4802,3295611918,3.0692777764052153,0,nan,<TRACKCODEC_PUBLIC_RELEASE>\experiments\benchmarks\compression_benchmark_release\inputs\whole_file_summaries\full8_summary.csv,trackcodec,TrackCodec,ok,510676546,0.47560459561645985,6.453423294673885,15.495651754710032,1989.3723715000087,Stats JSON: <MSCODEC_ROOT>\benchmark\compression_benchmark_runs\full8_new15_all_methods_w8_size_desc_20260523\QC_E4802_240703_DDA_293T_500ng_60min_R1.true_uncompressed_bbf2ca3a\trackcodec\QC_E4802_240703_DDA_293T_500ng_60min_R1.true_uncompressed.stats.json

full8,Full8,QC_E4802_240511_DIA_293T_500ng_60min_26w_R1.true_uncompressed.mzML,full8::QC_E4802_240511_DIA_293T_500ng_60min_26w_R1.true_uncompressed.mzML,<MSCODEC_ROOT>\benchmark\data_full8\QC_E4802_240511_DIA_293T_500ng_60min_26w_R1.true_uncompressed.mzML,F8-E4802,2617709822,2.437932251021266,0,nan,<TRACKCODEC_PUBLIC_RELEASE>\experiments\benchmarks\compression_benchmark_release\inputs\whole_file_summaries\full8_summary.csv,trackcodec,TrackCodec,ok,544195793,0.506821827031672,4.810235315435451,20.789003747719445,2465.693278299994,Stats JSON: <MSCODEC_ROOT>\benchmark\compression_benchmark_runs\full8_new15_all_methods_w8_size_desc_20260523\QC_E4802_240511_DIA_293T_500ng_60min_26w_R1.true_uncompressed_7f720c3f\trackcodec\QC_E4802_240511_DIA_293T_500ng_60min_26w_R1.true_uncompressed.stats.json

full8,Full8,QC_E4802_240508_DIA_293T_500ng_60min_26w_R3.true_uncompressed.mzML,full8::QC_E4802_240508_DIA_293T_500ng_60min_26w_R3.true_uncompressed.mzML,<MSCODEC_ROOT>\benchmark\data_full8\QC_E4802_240508_DIA_293T_500ng_60min_26w_R3.true_uncompressed.mzML,F8-E4802,2600466882,2.4218735117465258,0,nan,<TRACKCODEC_PUBLIC_RELEASE>\experiments\benchmarks\compression_benchmark_release\inputs\whole_file_summaries\full8_summary.csv,trackcodec,TrackCodec,ok,540880791,0.5037344908341765,4.807837374280131,20.799372402851464,2450.932281599962,Stats JSON: <MSCODEC_ROOT>\benchmark\compression_benchmark_runs\full8_new15_all_methods_w8_size_desc_20260523\QC_E4802_240508_DIA_293T_500ng_60min_26w_R3.true_uncompressed_7b8c2953\trackcodec\QC_E4802_240508_DIA_293T_500ng_60min_26w_R3.true_uncompressed.stats.json

full8,Full8,QC_E4804_240320_DDA_293T_500ng_120min_R1.mzML,full8::QC_E4804_240320_DDA_293T_500ng_120min_R1.mzML,<MSCODEC_ROOT>\benchmark\data_full8\QC_E4804_240320_DDA_293T_500ng_120min_R1.mzML,F8-E4804-R1,3171168621,2.9533809246495366,1916041569,1.784452767111361,<TRACKCODEC_PUBLIC_RELEASE>\experiments\benchmarks\compression_benchmark_release\inputs\whole_file_summaries\full8_summary.csv,original_mzml,Original mzML,ok,3171168621,2.9533809246495366,1.0,100.0,nan,

full8,Full8,QC_E4804_240320_DIA_293T_500ng_120min_R1.true_uncompressed.mzML,full8::QC_E4804_240320_DIA_293T_500ng_120min_R1.true_uncompressed.mzML,<MSCODEC_ROOT>\benchmark\data_full8\QC_E4804_240320_DIA_293T_500ng_120min_R1.true_uncompressed.mzML,F8-E4804-R1,3917957704,3.648882456123829,0,nan,<TRACKCODEC_PUBLIC_RELEASE>\experiments\benchmarks\compression_benchmark_release\inputs\whole_file_summaries\full8_summary.csv,original_mzml,Original mzML,ok,3917957704,3.648882456123829,1.0,100.0,nan,

full8,Full8,QC_E4804_240320_DDA_293T_500ng_120min_R1.mzML,full8::QC_E4804_240320_DDA_293T_500ng_120min_R1.mzML,<MSCODEC_ROOT>\benchmark\data_full8\QC_E4804_240320_DDA_293T_500ng_120min_R1.mzML,F8-E4804-R1,3171168621,2.9533809246495366,1916041569,1.784452767111361,<TRACKCODEC_PUBLIC_RELEASE>\experiments\benchmarks\compression_benchmark_release\inputs\whole_file_summaries\full8_summary.csv,msconvert_zlib,zlib mzML,ok,3043826629,2.834784452803433,1.0418361515030954,95.98438281847517,254.05673100001877,

full8,Full8,QC_E4804_240320_DIA_293T_500ng_120min_R1.true_uncompressed.mzML,full8::QC_E4804_240320_DIA_293T_500ng_120min_R1.true_uncompressed.mzML,<MSCODEC_ROOT>\benchmark\data_full8\QC_E4804_240320_DIA_293T_500ng_120min_R1.true_uncompressed.mzML,F8-E4804-R1,3917957704,3.648882456123829,0,nan,<TRACKCODEC_PUBLIC_RELEASE>\experiments\benchmarks\compression_benchmark_release\inputs\whole_file_summaries\full8_summary.csv,msconvert_zlib,zlib mzML,ok,2601809989,2.42312437761575,1.5058585064107077,66.40730159857794,337.8653461000649,

full8,Full8,QC_E4804_240320_DDA_293T_500ng_120min_R1.mzML,full8::QC_E4804_240320_DDA_293T_500ng_120min_R1.mzML,<MSCODEC_ROOT>\benchmark\data_full8\QC_E4804_240320_DDA_293T_500ng_120min_R1.mzML,F8-E4804-R1,3171168621,2.9533809246495366,1916041569,1.784452767111361,<TRACKCODEC_PUBLIC_RELEASE>\experiments\benchmarks\compression_benchmark_release\inputs\whole_file_summaries\full8_summary.csv,msconvert_gzip,gzip mzML,ok,1743967396,1.6241962052881718,1.818364625550603,54.99447063303923,427.0454144999967,

full8,Full8,QC_E4804_240320_DIA_293T_500ng_120min_R1.true_uncompressed.mzML,full8::QC_E4804_240320_DIA_293T_500ng_120min_R1.true_uncompressed.mzML,<MSCODEC_ROOT>\benchmark\data_full8\QC_E4804_240320_DIA_293T_500ng_120min_R1.true_uncompressed.mzML,F8-E4804-R1,3917957704,3.648882456123829,0,nan,<TRACKCODEC_PUBLIC_RELEASE>\experiments\benchmarks\compression_benchmark_release\inputs\whole_file_summaries\full8_summary.csv,msconvert_gzip,gzip mzML,ok,1871212935,1.742702848277986,2.0938064453899257,47.75990647090457,696.4666548999958,

full8,Full8,QC_E4804_240320_DDA_293T_500ng_120min_R1.mzML,full8::QC_E4804_240320_DDA_293T_500ng_120min_R1.mzML,<MSCODEC_ROOT>\benchmark\data_full8\QC_E4804_240320_DDA_293T_500ng_120min_R1.mzML,F8-E4804-R1,3171168621,2.9533809246495366,1916041569,1.784452767111361,<TRACKCODEC_PUBLIC_RELEASE>\experiments\benchmarks\compression_benchmark_release\inputs\whole_file_summaries\full8_summary.csv,msconvert_numpress,Numpress+zlib,ok,1796833030,1.6734311636537313,1.7648654983818948,56.66154168217597,165.49450710002566,

full8,Full8,QC_E4804_240320_DIA_293T_500ng_120min_R1.true_uncompressed.mzML,full8::QC_E4804_240320_DIA_293T_500ng_120min_R1.true_uncompressed.mzML,<MSCODEC_ROOT>\benchmark\data_full8\QC_E4804_240320_DIA_293T_500ng_120min_R1.true_uncompressed.mzML,F8-E4804-R1,3917957704,3.648882456123829,0,nan,<TRACKCODEC_PUBLIC_RELEASE>\experiments\benchmarks\compression_benchmark_release\inputs\whole_file_summaries\full8_summary.csv,msconvert_numpress,Numpress+zlib,ok,1659084762,1.5451430920511484,2.361517502744685,42.34565269314097,170.2291063000448,

full8,Full8,QC_E4804_240320_DDA_293T_500ng_120min_R1.mzML,full8::QC_E4804_240320_DDA_293T_500ng_120min_R1.mzML,<MSCODEC_ROOT>\benchmark\data_full8\QC_E4804_240320_DDA_293T_500ng_120min_R1.mzML,F8-E4804-R1,3171168621,2.9533809246495366,1916041569,1.784452767111361,<TRACKCODEC_PUBLIC_RELEASE>\experiments\benchmarks\compression_benchmark_release\inputs\whole_file_summaries\full8_summary.csv,mspack,mspack,ok,907632318,0.8452984672039747,3.493891257627078,28.621383044392836,5377.084056299995,"Elapsed time includes msconvert normalization to uncompressed, non-indexed mzML with 64-bit m/z, 32-bit intensity, and 64-bit rt; mspack cannot read zlib-compressed binary arrays."

full8,Full8,QC_E4804_240320_DIA_293T_500ng_120min_R1.true_uncompressed.mzML,full8::QC_E4804_240320_DIA_293T_500ng_120min_R1.true_uncompressed.mzML,<MSCODEC_ROOT>\benchmark\data_full8\QC_E4804_240320_DIA_293T_500ng_120min_R1.true_uncompressed.mzML,F8-E4804-R1,3917957704,3.648882456123829,0,nan,<TRACKCODEC_PUBLIC_RELEASE>\experiments\benchmarks\compression_benchmark_release\inputs\whole_file_summaries\full8_summary.csv,mspack,mspack,ok,1039966163,0.9685439644381404,3.7673895972709643,26.543578097799703,406.03618449997157,"Elapsed time includes msconvert normalization to uncompressed, non-indexed mzML with 64-bit m/z, 32-bit intensity, and 64-bit rt; mspack cannot read zlib-compressed binary arrays."

full8,Full8,QC_E4804_240320_DDA_293T_500ng_120min_R1.mzML,full8::QC_E4804_240320_DDA_293T_500ng_120min_R1.mzML,<MSCODEC_ROOT>\benchmark\data_full8\QC_E4804_240320_DDA_293T_500ng_120min_R1.mzML,F8-E4804-R1,3171168621,2.9533809246495366,1916041569,1.784452767111361,<TRACKCODEC_PUBLIC_RELEASE>\experiments\benchmarks\compression_benchmark_release\inputs\whole_file_summaries\full8_summary.csv,masscomp,MassComp,ok,1421993707,1.3243348402902484,2.230086255227007,44.84131488888115,4706.073428399977,"Elapsed time includes mzML to mzXML conversion with 64-bit m/z, 32-bit intensity, and 64-bit rt. masscomp.cmd uses the 64-bit-safe MassComp build when available, so >2GB mzXML files do not trigger the original tinyxml2 file-length overflow."

full8,Full8,QC_E4804_240320_DIA_293T_500ng_120min_R1.true_uncompressed.mzML,full8::QC_E4804_240320_DIA_293T_500ng_120min_R1.true_uncompressed.mzML,<MSCODEC_ROOT>\benchmark\data_full8\QC_E4804_240320_DIA_293T_500ng_120min_R1.true_uncompressed.mzML,F8-E4804-R1,3917957704,3.648882456123829,0,nan,<TRACKCODEC_PUBLIC_RELEASE>\experiments\benchmarks\compression_benchmark_release\inputs\whole_file_summaries\full8_summary.csv,masscomp,MassComp,ok,1480158818,1.3785053212195635,2.6469846724245234,37.778836062697835,394.07507510017604,"Elapsed time includes mzML to mzXML conversion with 64-bit m/z, 32-bit intensity, and 64-bit rt. masscomp.cmd uses the 64-bit-safe MassComp build when available, so >2GB mzXML files do not trigger the original tinyxml2 file-length overflow."

full8,Full8,QC_E4804_240320_DDA_293T_500ng_120min_R1.mzML,full8::QC_E4804_240320_DDA_293T_500ng_120min_R1.mzML,<MSCODEC_ROOT>\benchmark\data_full8\QC_E4804_240320_DDA_293T_500ng_120min_R1.mzML,F8-E4804-R1,3171168621,2.9533809246495366,1916041569,1.784452767111361,<TRACKCODEC_PUBLIC_RELEASE>\experiments\benchmarks\compression_benchmark_release\inputs\whole_file_summaries\full8_summary.csv,airdpro,AirdPro,ok,697239474,0.649354862049222,4.54817711740744,21.986830639744777,158.38488650001818,

full8,Full8,QC_E4804_240320_DIA_293T_500ng_120min_R1.true_uncompressed.mzML,full8::QC_E4804_240320_DIA_293T_500ng_120min_R1.true_uncompressed.mzML,<MSCODEC_ROOT>\benchmark\data_full8\QC_E4804_240320_DIA_293T_500ng_120min_R1.true_uncompressed.mzML,F8-E4804-R1,3917957704,3.648882456123829,0,nan,<TRACKCODEC_PUBLIC_RELEASE>\experiments\benchmarks\compression_benchmark_release\inputs\whole_file_summaries\full8_summary.csv,airdpro,AirdPro,ok,948700128,0.883545845746994,4.129816775991833,24.214149301086994,170.66044540004805,

full8,Full8,QC_E4804_240320_DDA_293T_500ng_120min_R1.mzML,full8::QC_E4804_240320_DDA_293T_500ng_120min_R1.mzML,<MSCODEC_ROOT>\benchmark\data_full8\QC_E4804_240320_DDA_293T_500ng_120min_R1.mzML,F8-E4804-R1,3171168621,2.9533809246495366,1916041569,1.784452767111361,<TRACKCODEC_PUBLIC_RELEASE>\experiments\benchmarks\compression_benchmark_release\inputs\whole_file_summaries\full8_summary.csv,zdpd,ZDPD,ok,746339628,0.6950829438865185,4.248961869407797,23.53516060475675,205.8257283999701,zdpd.cmd calls airdpro-compress.cmd; config used: ZDPD.

full8,Full8,QC_E4804_240320_DIA_293T_500ng_120min_R1.true_uncompressed.mzML,full8::QC_E4804_240320_DIA_293T_500ng_120min_R1.true_uncompressed.mzML,<MSCODEC_ROOT>\benchmark\data_full8\QC_E4804_240320_DIA_293T_500ng_120min_R1.true_uncompressed.mzML,F8-E4804-R1,3917957704,3.648882456123829,0,nan,<TRACKCODEC_PUBLIC_RELEASE>\experiments\benchmarks\compression_benchmark_release\inputs\whole_file_summaries\full8_summary.csv,zdpd,ZDPD,ok,953758539,0.8882568581029773,4.107913632005763,24.343257662691705,159.76464489998762,zdpd.cmd calls airdpro-compress.cmd; config used: ZDPD.

full8,Full8,QC_E4804_240320_DDA_293T_500ng_120min_R1.mzML,full8::QC_E4804_240320_DDA_293T_500ng_120min_R1.mzML,<MSCODEC_ROOT>\benchmark\data_full8\QC_E4804_240320_DDA_293T_500ng_120min_R1.mzML,F8-E4804-R1,3171168621,2.9533809246495366,1916041569,1.784452767111361,<TRACKCODEC_PUBLIC_RELEASE>\experiments\benchmarks\compression_benchmark_release\inputs\whole_file_summaries\full8_summary.csv,stackzdpd,Stack-ZDPD,error,0,nan,nan,nan,110.09310800000094,AirdPro wrapper returned a non-zero exit code.

full8,Full8,QC_E4804_240320_DIA_293T_500ng_120min_R1.true_uncompressed.mzML,full8::QC_E4804_240320_DIA_293T_500ng_120min_R1.true_uncompressed.mzML,<MSCODEC_ROOT>\benchmark\data_full8\QC_E4804_240320_DIA_293T_500ng_120min_R1.true_uncompressed.mzML,F8-E4804-R1,3917957704,3.648882456123829,0,nan,<TRACKCODEC_PUBLIC_RELEASE>\experiments\benchmarks\compression_benchmark_release\inputs\whole_file_summaries\full8_summary.csv,stackzdpd,Stack-ZDPD,error,0,nan,nan,nan,106.08875729993451,AirdPro wrapper returned a non-zero exit code.

full8,Full8,QC_E4804_240320_DDA_293T_500ng_120min_R1.mzML,full8::QC_E4804_240320_DDA_293T_500ng_120min_R1.mzML,<MSCODEC_ROOT>\benchmark\data_full8\QC_E4804_240320_DDA_293T_500ng_120min_R1.mzML,F8-E4804-R1,3171168621,2.9533809246495366,1916041569,1.784452767111361,<TRACKCODEC_PUBLIC_RELEASE>\experiments\benchmarks\compression_benchmark_release\inputs\whole_file_summaries\full8_summary.csv,trackcodec,TrackCodec,ok,605369262,0.5637940596789122,5.238403764543962,19.08978469297234,3.652330200013239,Stats JSON: <MSCODEC_ROOT>\benchmark\compression_benchmark_runs\full8_except_jc_all_methods_w4_20260520\QC_E4804_240320_DDA_293T_500ng_120min_R1_c02be081\trackcodec\QC_E4804_240320_DDA_293T_500ng_120min_R1.stats.json

full8,Full8,QC_E4804_240320_DIA_293T_500ng_120min_R1.true_uncompressed.mzML,full8::QC_E4804_240320_DIA_293T_500ng_120min_R1.true_uncompressed.mzML,<MSCODEC_ROOT>\benchmark\data_full8\QC_E4804_240320_DIA_293T_500ng_120min_R1.true_uncompressed.mzML,F8-E4804-R1,3917957704,3.648882456123829,0,nan,<TRACKCODEC_PUBLIC_RELEASE>\experiments\benchmarks\compression_benchmark_release\inputs\whole_file_summaries\full8_summary.csv,trackcodec,TrackCodec,ok,800107800,0.7451584562659264,4.896787287912954,20.421552769268995,3848.3218878000043,Stats JSON: <MSCODEC_ROOT>\benchmark\compression_benchmark_runs\full8_new15_all_methods_w8_size_desc_20260523\QC_E4804_240320_DIA_293T_500ng_120min_R1.true_uncompressed_e05e6428\trackcodec\QC_E4804_240320_DIA_293T_500ng_120min_R1.true_uncompressed.stats.json

full8,Full8,QC_E4804_240403_DDA_293T_500ng_120min_R2.mzML,full8::QC_E4804_240403_DDA_293T_500ng_120min_R2.mzML,<MSCODEC_ROOT>\benchmark\data_full8\QC_E4804_240403_DDA_293T_500ng_120min_R2.mzML,F8-E4804-R2,3320098881,3.0920830378308892,1930155118,1.7975970339030027,<TRACKCODEC_PUBLIC_RELEASE>\experiments\benchmarks\compression_benchmark_release\inputs\whole_file_summaries\full8_summary.csv,original_mzml,Original mzML,ok,3320098881,3.0920830378308892,1.0,100.0,nan,

full8,Full8,QC_E4804_240403_DDA_293T_500ng_120min_R2.mzML,full8::QC_E4804_240403_DDA_293T_500ng_120min_R2.mzML,<MSCODEC_ROOT>\benchmark\data_full8\QC_E4804_240403_DDA_293T_500ng_120min_R2.mzML,F8-E4804-R2,3320098881,3.0920830378308892,1930155118,1.7975970339030027,<TRACKCODEC_PUBLIC_RELEASE>\experiments\benchmarks\compression_benchmark_release\inputs\whole_file_summaries\full8_summary.csv,msconvert_zlib,zlib mzML,ok,3187738461,2.968812790699303,1.0415217313526024,96.01335909730093,299.3678027000278,

full8,Full8,QC_E4804_240403_DDA_293T_500ng_120min_R2.mzML,full8::QC_E4804_240403_DDA_293T_500ng_120min_R2.mzML,<MSCODEC_ROOT>\benchmark\data_full8\QC_E4804_240403_DDA_293T_500ng_120min_R2.mzML,F8-E4804-R2,3320098881,3.0920830378308892,1930155118,1.7975970339030027,<TRACKCODEC_PUBLIC_RELEASE>\experiments\benchmarks\compression_benchmark_release\inputs\whole_file_summaries\full8_summary.csv,msconvert_gzip,gzip mzML,ok,1869716854,1.7413095142692327,1.775722818081844,56.315095453929644,484.23735950002447,

full8,Full8,QC_E4804_240403_DDA_293T_500ng_120min_R2.mzML,full8::QC_E4804_240403_DDA_293T_500ng_120min_R2.mzML,<MSCODEC_ROOT>\benchmark\data_full8\QC_E4804_240403_DDA_293T_500ng_120min_R2.mzML,F8-E4804-R2,3320098881,3.0920830378308892,1930155118,1.7975970339030027,<TRACKCODEC_PUBLIC_RELEASE>\experiments\benchmarks\compression_benchmark_release\inputs\whole_file_summaries\full8_summary.csv,msconvert_numpress,Numpress+zlib,ok,1812116407,1.6876649176701903,1.8321664481237712,54.58019390236347,178.21228169999085,

full8,Full8,QC_E4804_240403_DDA_293T_500ng_120min_R2.mzML,full8::QC_E4804_240403_DDA_293T_500ng_120min_R2.mzML,<MSCODEC_ROOT>\benchmark\data_full8\QC_E4804_240403_DDA_293T_500ng_120min_R2.mzML,F8-E4804-R2,3320098881,3.0920830378308892,1930155118,1.7975970339030027,<TRACKCODEC_PUBLIC_RELEASE>\experiments\benchmarks\compression_benchmark_release\inputs\whole_file_summaries\full8_summary.csv,mspack,mspack,ok,958539638,0.8927096035331488,3.463705359047447,28.870815971339137,5357.240194199956,"Elapsed time includes msconvert normalization to uncompressed, non-indexed mzML with 64-bit m/z, 32-bit intensity, and 64-bit rt; mspack cannot read zlib-compressed binary arrays."

full8,Full8,QC_E4804_240403_DDA_293T_500ng_120min_R2.mzML,full8::QC_E4804_240403_DDA_293T_500ng_120min_R2.mzML,<MSCODEC_ROOT>\benchmark\data_full8\QC_E4804_240403_DDA_293T_500ng_120min_R2.mzML,F8-E4804-R2,3320098881,3.0920830378308892,1930155118,1.7975970339030027,<TRACKCODEC_PUBLIC_RELEASE>\experiments\benchmarks\compression_benchmark_release\inputs\whole_file_summaries\full8_summary.csv,masscomp,MassComp,ok,1527075483,1.4221998704597354,2.174155055176143,45.99487960250302,5621.872387500014,"Elapsed time includes mzML to mzXML conversion with 64-bit m/z, 32-bit intensity, and 64-bit rt. masscomp.cmd uses the 64-bit-safe MassComp build when available, so >2GB mzXML files do not trigger the original tinyxml2 file-length overflow."

full8,Full8,QC_E4804_240403_DDA_293T_500ng_120min_R2.mzML,full8::QC_E4804_240403_DDA_293T_500ng_120min_R2.mzML,<MSCODEC_ROOT>\benchmark\data_full8\QC_E4804_240403_DDA_293T_500ng_120min_R2.mzML,F8-E4804-R2,3320098881,3.0920830378308892,1930155118,1.7975970339030027,<TRACKCODEC_PUBLIC_RELEASE>\experiments\benchmarks\compression_benchmark_release\inputs\whole_file_summaries\full8_summary.csv,airdpro,AirdPro,ok,723917153,0.6742003867402673,4.586296742992081,21.80408412360174,158.5041209999472,

full8,Full8,QC_E4804_240403_DDA_293T_500ng_120min_R2.mzML,full8::QC_E4804_240403_DDA_293T_500ng_120min_R2.mzML,<MSCODEC_ROOT>\benchmark\data_full8\QC_E4804_240403_DDA_293T_500ng_120min_R2.mzML,F8-E4804-R2,3320098881,3.0920830378308892,1930155118,1.7975970339030027,<TRACKCODEC_PUBLIC_RELEASE>\experiments\benchmarks\compression_benchmark_release\inputs\whole_file_summaries\full8_summary.csv,zdpd,ZDPD,ok,772847684,0.7197704948484898,4.295929132913077,23.277851404450384,181.18580849998398,zdpd.cmd calls airdpro-compress.cmd; config used: ZDPD.

full8,Full8,QC_E4804_240403_DDA_293T_500ng_120min_R2.mzML,full8::QC_E4804_240403_DDA_293T_500ng_120min_R2.mzML,<MSCODEC_ROOT>\benchmark\data_full8\QC_E4804_240403_DDA_293T_500ng_120min_R2.mzML,F8-E4804-R2,3320098881,3.0920830378308892,1930155118,1.7975970339030027,<TRACKCODEC_PUBLIC_RELEASE>\experiments\benchmarks\compression_benchmark_release\inputs\whole_file_summaries\full8_summary.csv,stackzdpd,Stack-ZDPD,error,0,nan,nan,nan,121.1634611999616,AirdPro wrapper returned a non-zero exit code.

full8,Full8,QC_E4804_240403_DDA_293T_500ng_120min_R2.mzML,full8::QC_E4804_240403_DDA_293T_500ng_120min_R2.mzML,<MSCODEC_ROOT>\benchmark\data_full8\QC_E4804_240403_DDA_293T_500ng_120min_R2.mzML,F8-E4804-R2,3320098881,3.0920830378308892,1930155118,1.7975970339030027,<TRACKCODEC_PUBLIC_RELEASE>\experiments\benchmarks\compression_benchmark_release\inputs\whole_file_summaries\full8_summary.csv,trackcodec,TrackCodec,ok,622619053,0.5798591794446111,5.332472344048232,18.753027404185918,571.9017706000013,Stats JSON: <MSCODEC_ROOT>\benchmark\compression_benchmark_runs\full8_except_jc_all_methods_w4_20260520\QC_E4804_240403_DDA_293T_500ng_120min_R2_5cb2fc36\trackcodec\QC_E4804_240403_DDA_293T_500ng_120min_R2.stats.json

full8,Full8,QC_E4804_240320_DDA_293T_500ng_120min_R1_centroided.mzML,full8::QC_E4804_240320_DDA_293T_500ng_120min_R1_centroided.mzML,<MSCODEC_ROOT>\benchmark\data_full8\QC_E4804_240320_DDA_293T_500ng_120min_R1_centroided.mzML,F8-E4804-cent,1728406976,1.6097044348716736,1916041569,1.784452767111361,<TRACKCODEC_PUBLIC_RELEASE>\experiments\benchmarks\compression_benchmark_release\inputs\whole_file_summaries\full8_summary.csv,original_mzml,Original mzML,ok,1728406976,1.6097044348716736,1.0,100.0,nan,

full8,Full8,QC_E4804_240320_DDA_293T_500ng_120min_R1_centroided.mzML,full8::QC_E4804_240320_DDA_293T_500ng_120min_R1_centroided.mzML,<MSCODEC_ROOT>\benchmark\data_full8\QC_E4804_240320_DDA_293T_500ng_120min_R1_centroided.mzML,F8-E4804-cent,1728406976,1.6097044348716736,1916041569,1.784452767111361,<TRACKCODEC_PUBLIC_RELEASE>\experiments\benchmarks\compression_benchmark_release\inputs\whole_file_summaries\full8_summary.csv,msconvert_zlib,zlib mzML,ok,1595659601,1.4860738078132272,1.0831927905656114,92.3196691032101,145.4872060000198,

full8,Full8,QC_E4804_240320_DDA_293T_500ng_120min_R1_centroided.mzML,full8::QC_E4804_240320_DDA_293T_500ng_120min_R1_centroided.mzML,<MSCODEC_ROOT>\benchmark\data_full8\QC_E4804_240320_DDA_293T_500ng_120min_R1_centroided.mzML,F8-E4804-cent,1728406976,1.6097044348716736,1916041569,1.784452767111361,<TRACKCODEC_PUBLIC_RELEASE>\experiments\benchmarks\compression_benchmark_release\inputs\whole_file_summaries\full8_summary.csv,msconvert_gzip,gzip mzML,ok,492160268,0.4583599679172039,3.511878321717754,28.474790650231675,211.12236939999275,

full8,Full8,QC_E4804_240320_DDA_293T_500ng_120min_R1_centroided.mzML,full8::QC_E4804_240320_DDA_293T_500ng_120min_R1_centroided.mzML,<MSCODEC_ROOT>\benchmark\data_full8\QC_E4804_240320_DDA_293T_500ng_120min_R1_centroided.mzML,F8-E4804-cent,1728406976,1.6097044348716736,1916041569,1.784452767111361,<TRACKCODEC_PUBLIC_RELEASE>\experiments\benchmarks\compression_benchmark_release\inputs\whole_file_summaries\full8_summary.csv,msconvert_numpress,Numpress+zlib,ok,1457577014,1.3574743773788214,1.1858083376718234,84.33066021135986,139.2682370999828,

full8,Full8,QC_E4804_240320_DDA_293T_500ng_120min_R1_centroided.mzML,full8::QC_E4804_240320_DDA_293T_500ng_120min_R1_centroided.mzML,<MSCODEC_ROOT>\benchmark\data_full8\QC_E4804_240320_DDA_293T_500ng_120min_R1_centroided.mzML,F8-E4804-cent,1728406976,1.6097044348716736,1916041569,1.784452767111361,<TRACKCODEC_PUBLIC_RELEASE>\experiments\benchmarks\compression_benchmark_release\inputs\whole_file_summaries\full8_summary.csv,mspack,mspack,ok,319620204,0.29766951128840446,5.407689984454175,18.492184331475414,591.2656392999925,"Elapsed time includes msconvert normalization to uncompressed, non-indexed mzML with 64-bit m/z, 32-bit intensity, and 64-bit rt; mspack cannot read zlib-compressed binary arrays."

full8,Full8,QC_E4804_240320_DDA_293T_500ng_120min_R1_centroided.mzML,full8::QC_E4804_240320_DDA_293T_500ng_120min_R1_centroided.mzML,<MSCODEC_ROOT>\benchmark\data_full8\QC_E4804_240320_DDA_293T_500ng_120min_R1_centroided.mzML,F8-E4804-cent,1728406976,1.6097044348716736,1916041569,1.784452767111361,<TRACKCODEC_PUBLIC_RELEASE>\experiments\benchmarks\compression_benchmark_release\inputs\whole_file_summaries\full8_summary.csv,masscomp,MassComp,ok,390122465,0.3633298585191369,4.430421549807443,22.571215600092557,2089.391589900013,"Elapsed time includes mzML to mzXML conversion with 64-bit m/z, 32-bit intensity, and 64-bit rt. masscomp.cmd uses the 64-bit-safe MassComp build when available, so >2GB mzXML files do not trigger the original tinyxml2 file-length overflow."

full8,Full8,QC_E4804_240320_DDA_293T_500ng_120min_R1_centroided.mzML,full8::QC_E4804_240320_DDA_293T_500ng_120min_R1_centroided.mzML,<MSCODEC_ROOT>\benchmark\data_full8\QC_E4804_240320_DDA_293T_500ng_120min_R1_centroided.mzML,F8-E4804-cent,1728406976,1.6097044348716736,1916041569,1.784452767111361,<TRACKCODEC_PUBLIC_RELEASE>\experiments\benchmarks\compression_benchmark_release\inputs\whole_file_summaries\full8_summary.csv,airdpro,AirdPro,ok,342159903,0.3186612417921424,5.051459743954861,19.796257927160784,113.81173709995346,

full8,Full8,QC_E4804_240320_DDA_293T_500ng_120min_R1_centroided.mzML,full8::QC_E4804_240320_DDA_293T_500ng_120min_R1_centroided.mzML,<MSCODEC_ROOT>\benchmark\data_full8\QC_E4804_240320_DDA_293T_500ng_120min_R1_centroided.mzML,F8-E4804-cent,1728406976,1.6097044348716736,1916041569,1.784452767111361,<TRACKCODEC_PUBLIC_RELEASE>\experiments\benchmarks\compression_benchmark_release\inputs\whole_file_summaries\full8_summary.csv,zdpd,ZDPD,ok,381148159,0.35497188474982977,4.534737831437354,22.051991474952253,104.78442989999894,zdpd.cmd calls airdpro-compress.cmd; config used: ZDPD.

full8,Full8,QC_E4804_240320_DDA_293T_500ng_120min_R1_centroided.mzML,full8::QC_E4804_240320_DDA_293T_500ng_120min_R1_centroided.mzML,<MSCODEC_ROOT>\benchmark\data_full8\QC_E4804_240320_DDA_293T_500ng_120min_R1_centroided.mzML,F8-E4804-cent,1728406976,1.6097044348716736,1916041569,1.784452767111361,<TRACKCODEC_PUBLIC_RELEASE>\experiments\benchmarks\compression_benchmark_release\inputs\whole_file_summaries\full8_summary.csv,stackzdpd,Stack-ZDPD,error,0,nan,nan,nan,46.15953199996147,AirdPro wrapper returned a non-zero exit code.

full8,Full8,QC_E4804_240320_DDA_293T_500ng_120min_R1_centroided.mzML,full8::QC_E4804_240320_DDA_293T_500ng_120min_R1_centroided.mzML,<MSCODEC_ROOT>\benchmark\data_full8\QC_E4804_240320_DDA_293T_500ng_120min_R1_centroided.mzML,F8-E4804-cent,1728406976,1.6097044348716736,1916041569,1.784452767111361,<TRACKCODEC_PUBLIC_RELEASE>\experiments\benchmarks\compression_benchmark_release\inputs\whole_file_summaries\full8_summary.csv,trackcodec,TrackCodec,ok,280410399,0.2611525347456336,6.163847639616247,16.223632679899573,1047.1602400999982,Stats JSON: <MSCODEC_ROOT>\benchmark\compression_benchmark_runs\full8_except_jc_all_methods_w4_20260520\QC_E4804_240320_DDA_293T_500ng_120min_R1_centroided_1b99176c\trackcodec\QC_E4804_240320_DDA_293T_500ng_120min_R1_centroided.stats.json

full8,Full8,QC_E4805_240709_DIA_293T_200ng_60min_R1.mzML,full8::QC_E4805_240709_DIA_293T_200ng_60min_R1.mzML,<MSCODEC_ROOT>\benchmark\data_full8\QC_E4805_240709_DIA_293T_200ng_60min_R1.mzML,F8-E4805-DIA,1635520601,1.5231972569599748,1507770313,1.404220529831946,<TRACKCODEC_PUBLIC_RELEASE>\experiments\benchmarks\compression_benchmark_release\inputs\whole_file_summaries\full8_summary.csv,original_mzml,Original mzML,ok,1635520601,1.5231972569599748,1.0,100.0,nan,

full8,Full8,QC_E4805_240709_DIA_293T_200ng_60min_R1.mzML,full8::QC_E4805_240709_DIA_293T_200ng_60min_R1.mzML,<MSCODEC_ROOT>\benchmark\data_full8\QC_E4805_240709_DIA_293T_200ng_60min_R1.mzML,F8-E4805-DIA,1635520601,1.5231972569599748,1507770313,1.404220529831946,<TRACKCODEC_PUBLIC_RELEASE>\experiments\benchmarks\compression_benchmark_release\inputs\whole_file_summaries\full8_summary.csv,msconvert_zlib,zlib mzML,ok,1546191463,1.4400030141696334,1.0577736587852316,94.53818325826151,126.05265639995923,

full8,Full8,QC_E4805_240709_DIA_293T_200ng_60min_R1.mzML,full8::QC_E4805_240709_DIA_293T_200ng_60min_R1.mzML,<MSCODEC_ROOT>\benchmark\data_full8\QC_E4805_240709_DIA_293T_200ng_60min_R1.mzML,F8-E4805-DIA,1635520601,1.5231972569599748,1507770313,1.404220529831946,<TRACKCODEC_PUBLIC_RELEASE>\experiments\benchmarks\compression_benchmark_release\inputs\whole_file_summaries\full8_summary.csv,msconvert_gzip,gzip mzML,ok,1120105257,1.0431793117895722,1.4601490268695347,68.48616008353171,236.9056024000165,

full8,Full8,QC_E4805_240709_DIA_293T_200ng_60min_R1.mzML,full8::QC_E4805_240709_DIA_293T_200ng_60min_R1.mzML,<MSCODEC_ROOT>\benchmark\data_full8\QC_E4805_240709_DIA_293T_200ng_60min_R1.mzML,F8-E4805-DIA,1635520601,1.5231972569599748,1507770313,1.404220529831946,<TRACKCODEC_PUBLIC_RELEASE>\experiments\benchmarks\compression_benchmark_release\inputs\whole_file_summaries\full8_summary.csv,msconvert_numpress,Numpress+zlib,ok,796794892,0.7420730702579021,2.0526243546752054,48.718120182211024,73.34707519999938,

full8,Full8,QC_E4805_240709_DIA_293T_200ng_60min_R1.mzML,full8::QC_E4805_240709_DIA_293T_200ng_60min_R1.mzML,<MSCODEC_ROOT>\benchmark\data_full8\QC_E4805_240709_DIA_293T_200ng_60min_R1.mzML,F8-E4805-DIA,1635520601,1.5231972569599748,1507770313,1.404220529831946,<TRACKCODEC_PUBLIC_RELEASE>\experiments\benchmarks\compression_benchmark_release\inputs\whole_file_summaries\full8_summary.csv,mspack,mspack,ok,592679992,0.5519762560725212,2.7595340201732337,36.23800223840776,570.165064400062,"Elapsed time includes msconvert normalization to uncompressed, non-indexed mzML with 64-bit m/z, 32-bit intensity, and 64-bit rt; mspack cannot read zlib-compressed binary arrays."

full8,Full8,QC_E4805_240709_DIA_293T_200ng_60min_R1.mzML,full8::QC_E4805_240709_DIA_293T_200ng_60min_R1.mzML,<MSCODEC_ROOT>\benchmark\data_full8\QC_E4805_240709_DIA_293T_200ng_60min_R1.mzML,F8-E4805-DIA,1635520601,1.5231972569599748,1507770313,1.404220529831946,<TRACKCODEC_PUBLIC_RELEASE>\experiments\benchmarks\compression_benchmark_release\inputs\whole_file_summaries\full8_summary.csv,masscomp,MassComp,ok,894507599,0.83307512011379,1.828403249819681,54.692530222674954,4085.9688005000353,"Elapsed time includes mzML to mzXML conversion with 64-bit m/z, 32-bit intensity, and 64-bit rt. masscomp.cmd uses the 64-bit-safe MassComp build when available, so >2GB mzXML files do not trigger the original tinyxml2 file-length overflow."

full8,Full8,QC_E4805_240709_DIA_293T_200ng_60min_R1.mzML,full8::QC_E4805_240709_DIA_293T_200ng_60min_R1.mzML,<MSCODEC_ROOT>\benchmark\data_full8\QC_E4805_240709_DIA_293T_200ng_60min_R1.mzML,F8-E4805-DIA,1635520601,1.5231972569599748,1507770313,1.404220529831946,<TRACKCODEC_PUBLIC_RELEASE>\experiments\benchmarks\compression_benchmark_release\inputs\whole_file_summaries\full8_summary.csv,airdpro,AirdPro,ok,442547076,0.41215408220887184,3.6956985814544168,27.058483746974215,70.92751030001091,

full8,Full8,QC_E4805_240709_DIA_293T_200ng_60min_R1.mzML,full8::QC_E4805_240709_DIA_293T_200ng_60min_R1.mzML,<MSCODEC_ROOT>\benchmark\data_full8\QC_E4805_240709_DIA_293T_200ng_60min_R1.mzML,F8-E4805-DIA,1635520601,1.5231972569599748,1507770313,1.404220529831946,<TRACKCODEC_PUBLIC_RELEASE>\experiments\benchmarks\compression_benchmark_release\inputs\whole_file_summaries\full8_summary.csv,zdpd,ZDPD,ok,455915713,0.4246045956388116,3.5873310666087965,27.87587711956922,75.69028680003248,zdpd.cmd calls airdpro-compress.cmd; config used: ZDPD.

full8,Full8,QC_E4805_240709_DIA_293T_200ng_60min_R1.mzML,full8::QC_E4805_240709_DIA_293T_200ng_60min_R1.mzML,<MSCODEC_ROOT>\benchmark\data_full8\QC_E4805_240709_DIA_293T_200ng_60min_R1.mzML,F8-E4805-DIA,1635520601,1.5231972569599748,1507770313,1.404220529831946,<TRACKCODEC_PUBLIC_RELEASE>\experiments\benchmarks\compression_benchmark_release\inputs\whole_file_summaries\full8_summary.csv,stackzdpd,Stack-ZDPD,ok,480520173,0.44751928467303514,3.403646075437503,29.38025804787769,68.57382819999475,stackzdpd.cmd calls airdpro-compress.cmd; config used: StackZDPD.

full8,Full8,QC_E4805_240709_DIA_293T_200ng_60min_R1.mzML,full8::QC_E4805_240709_DIA_293T_200ng_60min_R1.mzML,<MSCODEC_ROOT>\benchmark\data_full8\QC_E4805_240709_DIA_293T_200ng_60min_R1.mzML,F8-E4805-DIA,1635520601,1.5231972569599748,1507770313,1.404220529831946,<TRACKCODEC_PUBLIC_RELEASE>\experiments\benchmarks\compression_benchmark_release\inputs\whole_file_summaries\full8_summary.csv,trackcodec,TrackCodec,ok,383177389,0.35686175245791674,4.268311878392177,23.42846606552772,1516.3168882000027,Stats JSON: <MSCODEC_ROOT>\benchmark\compression_benchmark_runs\full8_except_jc_all_methods_w4_20260520\QC_E4805_240709_DIA_293T_200ng_60min_R1_629620ee\trackcodec\QC_E4805_240709_DIA_293T_200ng_60min_R1.stats.json

full8,Full8,QC_E4805_240328_DDA_293T_1ug_60min_NewCol_R2.mzML,full8::QC_E4805_240328_DDA_293T_1ug_60min_NewCol_R2.mzML,<MSCODEC_ROOT>\benchmark\data_full8\QC_E4805_240328_DDA_293T_1ug_60min_NewCol_R2.mzML,F8-E4805-R2,1903634844,1.7728981040418148,1530827233,1.425693959929049,<TRACKCODEC_PUBLIC_RELEASE>\experiments\benchmarks\compression_benchmark_release\inputs\whole_file_summaries\full8_summary.csv,original_mzml,Original mzML,ok,1903634844,1.7728981040418148,1.0,100.0,nan,

full8,Full8,QC_E4805_240328_DDA_293T_1ug_60min_NewCol_R1.true_uncompressed.mzML,full8::QC_E4805_240328_DDA_293T_1ug_60min_NewCol_R1.true_uncompressed.mzML,<MSCODEC_ROOT>\benchmark\data_full8\QC_E4805_240328_DDA_293T_1ug_60min_NewCol_R1.true_uncompressed.mzML,F8-E4805-R2,2536249410,2.3620663303881884,0,nan,<TRACKCODEC_PUBLIC_RELEASE>\experiments\benchmarks\compression_benchmark_release\inputs\whole_file_summaries\full8_summary.csv,original_mzml,Original mzML,ok,2536249410,2.3620663303881884,1.0,100.0,nan,

full8,Full8,QC_E4805_240328_DDA_293T_1ug_60min_NewCol_R2.mzML,full8::QC_E4805_240328_DDA_293T_1ug_60min_NewCol_R2.mzML,<MSCODEC_ROOT>\benchmark\data_full8\QC_E4805_240328_DDA_293T_1ug_60min_NewCol_R2.mzML,F8-E4805-R2,1903634844,1.7728981040418148,1530827233,1.425693959929049,<TRACKCODEC_PUBLIC_RELEASE>\experiments\benchmarks\compression_benchmark_release\inputs\whole_file_summaries\full8_summary.csv,msconvert_zlib,zlib mzML,ok,1812920321,1.6884136209264398,1.0500377881748064,95.2346678625935,147.03156520001357,

full8,Full8,QC_E4805_240328_DDA_293T_1ug_60min_NewCol_R1.true_uncompressed.mzML,full8::QC_E4805_240328_DDA_293T_1ug_60min_NewCol_R1.true_uncompressed.mzML,<MSCODEC_ROOT>\benchmark\data_full8\QC_E4805_240328_DDA_293T_1ug_60min_NewCol_R1.true_uncompressed.mzML,F8-E4805-R2,2536249410,2.3620663303881884,0,nan,<TRACKCODEC_PUBLIC_RELEASE>\experiments\benchmarks\compression_benchmark_release\inputs\whole_file_summaries\full8_summary.csv,msconvert_zlib,zlib mzML,ok,1820828922,1.6957790795713663,1.3929092290637506,71.79218710986314,201.63090220000595,

full8,Full8,QC_E4805_240328_DDA_293T_1ug_60min_NewCol_R2.mzML,full8::QC_E4805_240328_DDA_293T_1ug_60min_NewCol_R2.mzML,<MSCODEC_ROOT>\benchmark\data_full8\QC_E4805_240328_DDA_293T_1ug_60min_NewCol_R2.mzML,F8-E4805-R2,1903634844,1.7728981040418148,1530827233,1.425693959929049,<TRACKCODEC_PUBLIC_RELEASE>\experiments\benchmarks\compression_benchmark_release\inputs\whole_file_summaries\full8_summary.csv,msconvert_gzip,gzip mzML,ok,1130670449,1.053018913604319,1.6836336756511445,59.3953432069034,277.66829950001556,

full8,Full8,QC_E4805_240328_DDA_293T_1ug_60min_NewCol_R1.true_uncompressed.mzML,full8::QC_E4805_240328_DDA_293T_1ug_60min_NewCol_R1.true_uncompressed.mzML,<MSCODEC_ROOT>\benchmark\data_full8\QC_E4805_240328_DDA_293T_1ug_60min_NewCol_R1.true_uncompressed.mzML,F8-E4805-R2,2536249410,2.3620663303881884,0,nan,<TRACKCODEC_PUBLIC_RELEASE>\experiments\benchmarks\compression_benchmark_release\inputs\whole_file_summaries\full8_summary.csv,msconvert_gzip,gzip mzML,ok,1163510288,1.083603397011757,2.1798255126386987,45.87523148995035,335.63155470008496,

full8,Full8,QC_E4805_240328_DDA_293T_1ug_60min_NewCol_R2.mzML,full8::QC_E4805_240328_DDA_293T_1ug_60min_NewCol_R2.mzML,<MSCODEC_ROOT>\benchmark\data_full8\QC_E4805_240328_DDA_293T_1ug_60min_NewCol_R2.mzML,F8-E4805-R2,1903634844,1.7728981040418148,1530827233,1.425693959929049,<TRACKCODEC_PUBLIC_RELEASE>\experiments\benchmarks\compression_benchmark_release\inputs\whole_file_summaries\full8_summary.csv,msconvert_numpress,Numpress+zlib,ok,1076395609,1.002471529878676,1.768527136382995,56.54422708181948,96.2762522000121,

full8,Full8,QC_E4805_240328_DDA_293T_1ug_60min_NewCol_R1.true_uncompressed.mzML,full8::QC_E4805_240328_DDA_293T_1ug_60min_NewCol_R1.true_uncompressed.mzML,<MSCODEC_ROOT>\benchmark\data_full8\QC_E4805_240328_DDA_293T_1ug_60min_NewCol_R1.true_uncompressed.mzML,F8-E4805-R2,2536249410,2.3620663303881884,0,nan,<TRACKCODEC_PUBLIC_RELEASE>\experiments\benchmarks\compression_benchmark_release\inputs\whole_file_summaries\full8_summary.csv,msconvert_numpress,Numpress+zlib,ok,1054931724,0.9824817292392254,2.4041834673274076,41.59416340682362,128.76558430003934,

full8,Full8,QC_E4805_240328_DDA_293T_1ug_60min_NewCol_R2.mzML,full8::QC_E4805_240328_DDA_293T_1ug_60min_NewCol_R2.mzML,<MSCODEC_ROOT>\benchmark\data_full8\QC_E4805_240328_DDA_293T_1ug_60min_NewCol_R2.mzML,F8-E4805-R2,1903634844,1.7728981040418148,1530827233,1.425693959929049,<TRACKCODEC_PUBLIC_RELEASE>\experiments\benchmarks\compression_benchmark_release\inputs\whole_file_summaries\full8_summary.csv,mspack,mspack,ok,593787399,0.5530076092109084,3.205919908718036,31.1922951437634,471.2237688000314,"Elapsed time includes msconvert normalization to uncompressed, non-indexed mzML with 64-bit m/z, 32-bit intensity, and 64-bit rt; mspack cannot read zlib-compressed binary arrays."

full8,Full8,QC_E4805_240328_DDA_293T_1ug_60min_NewCol_R1.true_uncompressed.mzML,full8::QC_E4805_240328_DDA_293T_1ug_60min_NewCol_R1.true_uncompressed.mzML,<MSCODEC_ROOT>\benchmark\data_full8\QC_E4805_240328_DDA_293T_1ug_60min_NewCol_R1.true_uncompressed.mzML,F8-E4805-R2,2536249410,2.3620663303881884,0,nan,<TRACKCODEC_PUBLIC_RELEASE>\experiments\benchmarks\compression_benchmark_release\inputs\whole_file_summaries\full8_summary.csv,mspack,mspack,ok,607338474,0.5656280312687159,4.176006491563055,23.946322928863687,197.6586110999342,"Elapsed time includes msconvert normalization to uncompressed, non-indexed mzML with 64-bit m/z, 32-bit intensity, and 64-bit rt; mspack cannot read zlib-compressed binary arrays."

full8,Full8,QC_E4805_240328_DDA_293T_1ug_60min_NewCol_R2.mzML,full8::QC_E4805_240328_DDA_293T_1ug_60min_NewCol_R2.mzML,<MSCODEC_ROOT>\benchmark\data_full8\QC_E4805_240328_DDA_293T_1ug_60min_NewCol_R2.mzML,F8-E4805-R2,1903634844,1.7728981040418148,1530827233,1.425693959929049,<TRACKCODEC_PUBLIC_RELEASE>\experiments\benchmarks\compression_benchmark_release\inputs\whole_file_summaries\full8_summary.csv,masscomp,MassComp,ok,921801470,0.8584945183247328,2.0651245479137716,48.42322953403557,3958.9416105999844,"Elapsed time includes mzML to mzXML conversion with 64-bit m/z, 32-bit intensity, and 64-bit rt. masscomp.cmd uses the 64-bit-safe MassComp build when available, so >2GB mzXML files do not trigger the original tinyxml2 file-length overflow."

full8,Full8,QC_E4805_240328_DDA_293T_1ug_60min_NewCol_R1.true_uncompressed.mzML,full8::QC_E4805_240328_DDA_293T_1ug_60min_NewCol_R1.true_uncompressed.mzML,<MSCODEC_ROOT>\benchmark\data_full8\QC_E4805_240328_DDA_293T_1ug_60min_NewCol_R1.true_uncompressed.mzML,F8-E4805-R2,2536249410,2.3620663303881884,0,nan,<TRACKCODEC_PUBLIC_RELEASE>\experiments\benchmarks\compression_benchmark_release\inputs\whole_file_summaries\full8_summary.csv,masscomp,MassComp,ok,949723705,0.8844991261139512,2.670512904592605,37.445990179648774,195.9543493000092,"Elapsed time includes mzML to mzXML conversion with 64-bit m/z, 32-bit intensity, and 64-bit rt. masscomp.cmd uses the 64-bit-safe MassComp build when available, so >2GB mzXML files do not trigger the original tinyxml2 file-length overflow."

full8,Full8,QC_E4805_240328_DDA_293T_1ug_60min_NewCol_R2.mzML,full8::QC_E4805_240328_DDA_293T_1ug_60min_NewCol_R2.mzML,<MSCODEC_ROOT>\benchmark\data_full8\QC_E4805_240328_DDA_293T_1ug_60min_NewCol_R2.mzML,F8-E4805-R2,1903634844,1.7728981040418148,1530827233,1.425693959929049,<TRACKCODEC_PUBLIC_RELEASE>\experiments\benchmarks\compression_benchmark_release\inputs\whole_file_summaries\full8_summary.csv,airdpro,AirdPro,ok,496152373,0.46207790542393923,3.836794798520494,26.06342148883255,98.59908469999209,

full8,Full8,QC_E4805_240328_DDA_293T_1ug_60min_NewCol_R1.true_uncompressed.mzML,full8::QC_E4805_240328_DDA_293T_1ug_60min_NewCol_R1.true_uncompressed.mzML,<MSCODEC_ROOT>\benchmark\data_full8\QC_E4805_240328_DDA_293T_1ug_60min_NewCol_R1.true_uncompressed.mzML,F8-E4805-R2,2536249410,2.3620663303881884,0,nan,<TRACKCODEC_PUBLIC_RELEASE>\experiments\benchmarks\compression_benchmark_release\inputs\whole_file_summaries\full8_summary.csv,airdpro,AirdPro,ok,504771837,0.47010540682822466,5.024546189172594,19.902294900878854,113.22341779991984,

full8,Full8,QC_E4805_240328_DDA_293T_1ug_60min_NewCol_R2.mzML,full8::QC_E4805_240328_DDA_293T_1ug_60min_NewCol_R2.mzML,<MSCODEC_ROOT>\benchmark\data_full8\QC_E4805_240328_DDA_293T_1ug_60min_NewCol_R2.mzML,F8-E4805-R2,1903634844,1.7728981040418148,1530827233,1.425693959929049,<TRACKCODEC_PUBLIC_RELEASE>\experiments\benchmarks\compression_benchmark_release\inputs\whole_file_summaries\full8_summary.csv,zdpd,ZDPD,ok,521584033,0.4857629844918847,3.6497184030938308,27.39937413122913,103.33374729997013,zdpd.cmd calls airdpro-compress.cmd; config used: ZDPD.

full8,Full8,QC_E4805_240328_DDA_293T_1ug_60min_NewCol_R1.true_uncompressed.mzML,full8::QC_E4805_240328_DDA_293T_1ug_60min_NewCol_R1.true_uncompressed.mzML,<MSCODEC_ROOT>\benchmark\data_full8\QC_E4805_240328_DDA_293T_1ug_60min_NewCol_R1.true_uncompressed.mzML,F8-E4805-R2,2536249410,2.3620663303881884,0,nan,<TRACKCODEC_PUBLIC_RELEASE>\experiments\benchmarks\compression_benchmark_release\inputs\whole_file_summaries\full8_summary.csv,zdpd,ZDPD,ok,508881207,0.47393255587667227,4.983971455640726,20.064320369817256,117.7484867000021,zdpd.cmd calls airdpro-compress.cmd; config used: ZDPD.

full8,Full8,QC_E4805_240328_DDA_293T_1ug_60min_NewCol_R2.mzML,full8::QC_E4805_240328_DDA_293T_1ug_60min_NewCol_R2.mzML,<MSCODEC_ROOT>\benchmark\data_full8\QC_E4805_240328_DDA_293T_1ug_60min_NewCol_R2.mzML,F8-E4805-R2,1903634844,1.7728981040418148,1530827233,1.425693959929049,<TRACKCODEC_PUBLIC_RELEASE>\experiments\benchmarks\compression_benchmark_release\inputs\whole_file_summaries\full8_summary.csv,stackzdpd,Stack-ZDPD,error,0,nan,nan,nan,60.040877200022805,AirdPro wrapper returned a non-zero exit code.

full8,Full8,QC_E4805_240328_DDA_293T_1ug_60min_NewCol_R1.true_uncompressed.mzML,full8::QC_E4805_240328_DDA_293T_1ug_60min_NewCol_R1.true_uncompressed.mzML,<MSCODEC_ROOT>\benchmark\data_full8\QC_E4805_240328_DDA_293T_1ug_60min_NewCol_R1.true_uncompressed.mzML,F8-E4805-R2,2536249410,2.3620663303881884,0,nan,<TRACKCODEC_PUBLIC_RELEASE>\experiments\benchmarks\compression_benchmark_release\inputs\whole_file_summaries\full8_summary.csv,stackzdpd,Stack-ZDPD,error,0,nan,nan,nan,0.8784846999915317,AirdPro wrapper returned a non-zero exit code.

full8,Full8,QC_E4805_240328_DDA_293T_1ug_60min_NewCol_R2.mzML,full8::QC_E4805_240328_DDA_293T_1ug_60min_NewCol_R2.mzML,<MSCODEC_ROOT>\benchmark\data_full8\QC_E4805_240328_DDA_293T_1ug_60min_NewCol_R2.mzML,F8-E4805-R2,1903634844,1.7728981040418148,1530827233,1.425693959929049,<TRACKCODEC_PUBLIC_RELEASE>\experiments\benchmarks\compression_benchmark_release\inputs\whole_file_summaries\full8_summary.csv,trackcodec,TrackCodec,ok,432113171,0.4024367509409785,4.405408054548747,22.699372853042817,6699.366750299989,Stats JSON: <MSCODEC_ROOT>\benchmark\compression_benchmark_runs\full8_except_jc_all_methods_w4_20260520\QC_E4805_240328_DDA_293T_1ug_60min_NewCol_R2_e68f86f6\trackcodec\QC_E4805_240328_DDA_293T_1ug_60min_NewCol_R2.stats.json

full8,Full8,QC_E4805_240328_DDA_293T_1ug_60min_NewCol_R1.true_uncompressed.mzML,full8::QC_E4805_240328_DDA_293T_1ug_60min_NewCol_R1.true_uncompressed.mzML,<MSCODEC_ROOT>\benchmark\data_full8\QC_E4805_240328_DDA_293T_1ug_60min_NewCol_R1.true_uncompressed.mzML,F8-E4805-R2,2536249410,2.3620663303881884,0,nan,<TRACKCODEC_PUBLIC_RELEASE>\experiments\benchmarks\compression_benchmark_release\inputs\whole_file_summaries\full8_summary.csv,trackcodec,TrackCodec,ok,431633004,0.40198956057429314,5.875939482143956,17.018555127036976,2460.7252803000156,Stats JSON: <MSCODEC_ROOT>\benchmark\compression_benchmark_runs\trackcodec_ms2_high_mz_fix_2files_20260526\QC_E4805_240328_DDA_293T_1ug_60min_NewCol_R1.true_uncompressed_34ed9d12\trackcodec\QC_E4805_240328_DDA_293T_1ug_60min_NewCol_R1.true_uncompressed.stats.json

full8,Full8,01625b_GA1-TUM_first_pool_1_01_01-ETD-1h-R2.uncompressed.mzML,full8::01625b_GA1-TUM_first_pool_1_01_01-ETD-1h-R2.uncompressed.mzML,<MSCODEC_ROOT>\benchmark\data_full8\01625b_GA1-TUM_first_pool_1_01_01-ETD-1h-R2.uncompressed.mzML,F8-ETD,710131657,0.6613616431131959,463856468,0.4320000000298023,<TRACKCODEC_PUBLIC_RELEASE>\experiments\benchmarks\compression_benchmark_release\inputs\whole_file_summaries\full8_summary.csv,original_mzml,Original mzML,ok,710131657,0.6613616431131959,1.0,100.0,nan,

full8,Full8,01625b_GA1-TUM_first_pool_1_01_01-ETD-1h-R2.uncompressed.mzML,full8::01625b_GA1-TUM_first_pool_1_01_01-ETD-1h-R2.uncompressed.mzML,<MSCODEC_ROOT>\benchmark\data_full8\01625b_GA1-TUM_first_pool_1_01_01-ETD-1h-R2.uncompressed.mzML,F8-ETD,710131657,0.6613616431131959,463856468,0.4320000000298023,<TRACKCODEC_PUBLIC_RELEASE>\experiments\benchmarks\compression_benchmark_release\inputs\whole_file_summaries\full8_summary.csv,msconvert_zlib,zlib mzML,ok,710133227,0.661363105289638,0.9999977891472469,100.0002210857641,51.502317300008144,

full8,Full8,01625b_GA1-TUM_first_pool_1_01_01-ETD-1h-R2.uncompressed.mzML,full8::01625b_GA1-TUM_first_pool_1_01_01-ETD-1h-R2.uncompressed.mzML,<MSCODEC_ROOT>\benchmark\data_full8\01625b_GA1-TUM_first_pool_1_01_01-ETD-1h-R2.uncompressed.mzML,F8-ETD,710131657,0.6613616431131959,463856468,0.4320000000298023,<TRACKCODEC_PUBLIC_RELEASE>\experiments\benchmarks\compression_benchmark_release\inputs\whole_file_summaries\full8_summary.csv,msconvert_gzip,gzip mzML,ok,551178409,0.5133248949423432,1.2883880163019956,77.6163692417954,98.18590639997274,

full8,Full8,01625b_GA1-TUM_first_pool_1_01_01-ETD-1h-R2.uncompressed.mzML,full8::01625b_GA1-TUM_first_pool_1_01_01-ETD-1h-R2.uncompressed.mzML,<MSCODEC_ROOT>\benchmark\data_full8\01625b_GA1-TUM_first_pool_1_01_01-ETD-1h-R2.uncompressed.mzML,F8-ETD,710131657,0.6613616431131959,463856468,0.4320000000298023,<TRACKCODEC_PUBLIC_RELEASE>\experiments\benchmarks\compression_benchmark_release\inputs\whole_file_summaries\full8_summary.csv,msconvert_numpress,Numpress+zlib,ok,229158052,0.2134200669825077,3.0988728120275697,32.269798105902495,27.71656620001886,

full8,Full8,01625b_GA1-TUM_first_pool_1_01_01-ETD-1h-R2.uncompressed.mzML,full8::01625b_GA1-TUM_first_pool_1_01_01-ETD-1h-R2.uncompressed.mzML,<MSCODEC_ROOT>\benchmark\data_full8\01625b_GA1-TUM_first_pool_1_01_01-ETD-1h-R2.uncompressed.mzML,F8-ETD,710131657,0.6613616431131959,463856468,0.4320000000298023,<TRACKCODEC_PUBLIC_RELEASE>\experiments\benchmarks\compression_benchmark_release\inputs\whole_file_summaries\full8_summary.csv,mspack,mspack,ok,229957847,0.2141649341210723,3.0880949107163973,32.38242440443688,172.86857150006108,"Elapsed time includes msconvert normalization to uncompressed, non-indexed mzML with 64-bit m/z, 32-bit intensity, and 64-bit rt; mspack cannot read zlib-compressed binary arrays."

full8,Full8,01625b_GA1-TUM_first_pool_1_01_01-ETD-1h-R2.uncompressed.mzML,full8::01625b_GA1-TUM_first_pool_1_01_01-ETD-1h-R2.uncompressed.mzML,<MSCODEC_ROOT>\benchmark\data_full8\01625b_GA1-TUM_first_pool_1_01_01-ETD-1h-R2.uncompressed.mzML,F8-ETD,710131657,0.6613616431131959,463856468,0.4320000000298023,<TRACKCODEC_PUBLIC_RELEASE>\experiments\benchmarks\compression_benchmark_release\inputs\whole_file_summaries\full8_summary.csv,masscomp,MassComp,ok,448527307,0.41772360634058714,1.5832517795845147,63.16114801793719,3256.7258498000447,"Elapsed time includes mzML to mzXML conversion with 64-bit m/z, 32-bit intensity, and 64-bit rt. masscomp.cmd uses the 64-bit-safe MassComp build when available, so >2GB mzXML files do not trigger the original tinyxml2 file-length overflow."

full8,Full8,01625b_GA1-TUM_first_pool_1_01_01-ETD-1h-R2.uncompressed.mzML,full8::01625b_GA1-TUM_first_pool_1_01_01-ETD-1h-R2.uncompressed.mzML,<MSCODEC_ROOT>\benchmark\data_full8\01625b_GA1-TUM_first_pool_1_01_01-ETD-1h-R2.uncompressed.mzML,F8-ETD,710131657,0.6613616431131959,463856468,0.4320000000298023,<TRACKCODEC_PUBLIC_RELEASE>\experiments\benchmarks\compression_benchmark_release\inputs\whole_file_summaries\full8_summary.csv,airdpro,AirdPro,ok,135563742,0.12625357322394848,5.238359804201923,19.08994489454228,26.093594999983907,

full8,Full8,01625b_GA1-TUM_first_pool_1_01_01-ETD-1h-R2.uncompressed.mzML,full8::01625b_GA1-TUM_first_pool_1_01_01-ETD-1h-R2.uncompressed.mzML,<MSCODEC_ROOT>\benchmark\data_full8\01625b_GA1-TUM_first_pool_1_01_01-ETD-1h-R2.uncompressed.mzML,F8-ETD,710131657,0.6613616431131959,463856468,0.4320000000298023,<TRACKCODEC_PUBLIC_RELEASE>\experiments\benchmarks\compression_benchmark_release\inputs\whole_file_summaries\full8_summary.csv,zdpd,ZDPD,ok,136060620,0.12671632692217827,5.21922990649315,19.15991473676831,26.746893700037617,zdpd.cmd calls airdpro-compress.cmd; config used: ZDPD.

full8,Full8,01625b_GA1-TUM_first_pool_1_01_01-ETD-1h-R2.uncompressed.mzML,full8::01625b_GA1-TUM_first_pool_1_01_01-ETD-1h-R2.uncompressed.mzML,<MSCODEC_ROOT>\benchmark\data_full8\01625b_GA1-TUM_first_pool_1_01_01-ETD-1h-R2.uncompressed.mzML,F8-ETD,710131657,0.6613616431131959,463856468,0.4320000000298023,<TRACKCODEC_PUBLIC_RELEASE>\experiments\benchmarks\compression_benchmark_release\inputs\whole_file_summaries\full8_summary.csv,stackzdpd,Stack-ZDPD,ok,148574941,0.13837119657546282,4.779619310096176,20.922168380390904,36.17742060002638,stackzdpd.cmd calls airdpro-compress.cmd; config used: StackZDPD.

full8,Full8,01625b_GA1-TUM_first_pool_1_01_01-ETD-1h-R2.uncompressed.mzML,full8::01625b_GA1-TUM_first_pool_1_01_01-ETD-1h-R2.uncompressed.mzML,<MSCODEC_ROOT>\benchmark\data_full8\01625b_GA1-TUM_first_pool_1_01_01-ETD-1h-R2.uncompressed.mzML,F8-ETD,710131657,0.6613616431131959,463856468,0.4320000000298023,<TRACKCODEC_PUBLIC_RELEASE>\experiments\benchmarks\compression_benchmark_release\inputs\whole_file_summaries\full8_summary.csv,trackcodec,TrackCodec,ok,129659324,0.1207546554505825,5.476903897786788,18.258490904032463,5917.1578725000145,Stats JSON: <MSCODEC_ROOT>\benchmark\compression_benchmark_runs\full8_except_jc_all_methods_w4_20260520\01625b_GA1-TUM_first_pool_1_01_01-ETD-1h-R2.uncompressed_85f780f8\trackcodec\01625b_GA1-TUM_first_pool_1_01_01-ETD-1h-R2.uncompressed.stats.json

